text,label
"Hi Kate, I just changed deal  from Monday through Friday to Monday through Saturday.  This deal was manually entered by us because it failed the EOL bridge.  When we manually entered it the wrong days were chosen.  I have fixed it and we will send a revised confirm to the counterparty.  I am not sure if you normally tell risk when you make a change.  Thanks,Melissa",Formal
"Ted, please take a quick look at the outline of discussion notes for Friday.Vince",Neutral
Congratulations on your new adventure.  I'll miss having you as a neighbor and a colleague.Kay,Informal
"Cindy needed the money to pay for her new fully furnished house in the Woodlands.  not to mention the  acres she just bought across the road from her house in Aspen.  I only need enough to pay off my measley mortgage,  I have cashed in on most of my options though.",Informal
"Chip is assigned to North America primarily but we asked him to get up to speed on the India situation in case a new deal should arise there that requires RAC input. He is a sharp guy with lots of project finance experience and also worked in London for Eastern.  If you don't want him involved and a transaction arises it will be difficult to get someone up to speed quickly, given the complexities. Rick",Informal
"I've just looked at some beautiful photoshand colored done by our projectmanager's wifeshe is a professional photographer.  How would you all feelabout having a really good, artistic picture done of the three of us for agift to Mom and Dad?  Let me knowwe could do it while Sally is here forthe shower....Cindy",Informal
"Please see the attached memo.  We will not be needing you to participate in the dinner Friday, December th.  Thanks so much for volunteering!!!",Informal
"With Enron's rapid growth we need to maintain an ability to move employees between operating companies and new ventures.  To do this it is essential to have one process that will enable us to collect , update and retain employee data.  In the spirit of One Enron, and building on the success of the yearend Global VP/MD Performance Review Process, the  Enron VP/MD PRC requests that all Enron Vice Presidents and Managing Directors update their profiles. Current responsibilities, employment history, skills and education need to be completed  via the HR Global Information System.  HRGIS is accessible via the HRWEB home page on the intranet.  Just go to hrweb.enron.com and look for the HRGIS link.  Or just type eglobal.enron.com on the command line of your browser.The target date by which to update these profiles is  July.  If you would like to have a hard copy of a template that could be filled out and returned for input, or If you need any assistance with the HRGIS application please contact Kathy Schultea at x.  Your  timely response to this request is greatly appreciated.",Very Formal
"Broker is right  deal has been changed.By the way, I checked out audit viewer on deal , and it showed that I had changed the deal from Amerex to APB yesterday afternoon. It didn't show any other changed after that  so I've put a call into Duong Luu to figure out why the change didn't save, or why it defaulted back. Just FYI.Thanks",Formal
I just spoke to Marshall who advised that June  is the earliest date on which KCS can close.  Our target date is June .Teresa,Neutral
"Dear Vince,I hope you are well. I am leaving Risk at the  end of next week and before I leave I am producing the mathematics for energy  derivatives training course. I have written a programme and attached it to this  email and I wondered whether you could have a look at it and let me know what  you think. I also wondered whether you would be interested in speaking at the  course.I will give you a call on Monday to  it.Best regards,Vicky",Formal
"So that we can verify payroll status, please send us the master list with any changes you have made this afternoon. Thanks,Anne and Sarah",Neutral
"The information contained herein is based on sources that we believe to bereliable, but we do not represent that it is accurate or complete.  Nothingcontained herein should be considered as an offer to sell or a solicitationof an offer to buy any financial instruments discussed herein.  Anyopinions expressed herein are solely those of the author.  As such, theymay differ in material respects from those of, or expressed or published byon behalf of Carr Futures or its officers, directors, employees oraffiliates.    Carr FuturesThe charts are now available on the web by clicking on the hot link(s)contained in this email. If for any reason you are unable to receive thecharts via the web, please contact me via email and I will email the chartsto you as attachments.",Very Formal
"Scott, I apologize that no one talked to you before this one went out.  I assumed that Marty or Dan had spoken to you as we discussed this initial change; however, I take full responsibility.  I will guarantee it won't happen again.  My understanding is that you have been a significant contributor to EES strategy and success.  You can count on a lot more discussion about which markets and products are core in the few weeks and you will be leading a market opportunity.  I have asked Kay to set up some time for us to discuss the market and the future next week.  If that is not soon enough, I am around all day today. RegardsDelainey",Formal
"I just heard from Matt Back in Assemblyman John Campbell's office.  Ken has an appointment at :  : following the meeting with Hertzberg.  Jim Brulte is scheduled at :  that morning, but they would only give me  minutes.  I am trying to schedule John Burton at : as they will be in the same building.  I have left another message for David Cox's scheduler.Governor Davis' office was incredulous that no one from Enron was attending his meeting.  But, she said she would call me back to try to schedule something.Rosie",Formal
Please send me any calendar updates on a weekly basis so that I can keep it current.Thank you.,Formal
"Karen,Here is the market wrap for this week. Please take a look at it and let me know.thanks,Monika",Formal
"Hi Vince,How are you.  It was really a pleasure meeting you and talking to you atthe Toronto energy derivative conference.  Thank you for speaking withme about the possibility of visiting your research group.  It will begreat if I could have such opportunity whenever you see your schedulefits.  I am very much open for the last week of July and early August.I'm looking forward to hearing from you soon.Best,Shijie",Formal
Pls route Mary Kay and I on the next draft of the policy.  Rod mentioned this morning that a new version would be coming out soon.  Thanks df,Informal
"Anne:I'm slightly embarrassed to be asking you this, but there was one gift from Baby Gap that we can't seem to figure out who the ""giver"" was, and we've narrowed it down to a group that includes you.  It was  outfits with animal patterns on it.  Are you the mystery giver?Alos, again I just wanted to say congratulations again on your engagement.  I am really happy for you and Trushar and wish you all the best.  I will try to see if we can get together for lunch before I leave.Carol",Neutral
"Please find attached the latest, and what should be the final for the immediate period of time, copy of the marketing list. Please filter the PA column by your name to doublecheck against the list you are currently working off of. There are some smaller subsids of larger companies previously assigned now listed. I pulled these subs in from the credit preapproval list. I will be passing out draft contracts folders for these counterparties tomorrow to the people responsible for the respective parent companies.There are some companies on your lists that do not have draft packets. These companies have NOT been preapproved by credit, but credit is working on them now. Continue to call these customers regarding password applications, but do not promise that the ISDA documents, etc. are immediately forthcoming until we receive those worksheets from credit.Please continue to pass on both the pa information and the draft packets as you receive the correct contact info. If you have any questions at all, please call me at  or come by my desk at  in the rotunda.Thank you,Jennifer McQuade",Very Formal
"Carla Hoffman put a deal under an inactivated CP.  Can you check it out.  We should not be using inactivated CPs, and its an east CP.  Thanks for your help.",Neutral
"Richard:In reviewing our ISDA forms we had the following questions for you with respect to the arbitration and process agent language:. Do any changes need to be made to our arbitration language?  I have enclosed what we currently use.  Also, should we keep in waiver of jury trial even if arbitration is chosen for situations where the award needs to be enforced in court?  Is it necessary to have a statement that the award can be enforced in court?. We have assumed that there is no need to add our appointment of process agent language if our counterparty is either organized in the US or Canada or maintains a branch or office in the US or Canada.  Is this a correct assumption?  Enclosed is our process agent language.I look forward to hearing from you.  As we discussed last week, we will arrange a time that you can talk generally to our group about arbitration issues and questions.Carol",Formal
"This deal looks to me like it needs to be confirmed, but it was marked no confirm.  Do you know of a reason why it shouldn't be confirmed?  If not, I need a contact name so that i can send out a letter on it.Thanks!Kim",Formal
"I was sent a password but have missplaced it. Could you email me a password please.Thank you,",Formal
I have added a folder in excel to keep track of vacation and customer outings etc..  You can find this folder in .  That is all!!,Informal
"HiDonald is having an access violation when he tries to run the Path Confirmation Report. Vish is aware of this, and wants to do some investigating tomorrow, but I don't know if Donald will have time.  Maybe you can do this with Vish and Donald's Passwords?Stacy still has performance issues running the report launcher locally.I am just ducky.",Informal
"Please note that Chris Calger is in a meeting with a customer in Mt. Hood, so...the Open Enrollment for Benefits Brown Bag meeting has been moved to Mt. St. Helens (located in the NE corner of the office, behind the Volume Management group).",Informal
"Hi Everyone,We only have FOUR (yes, !) people signed up for the Deans' Dinner onTuesday, February !  This is a great opportunity to talk with Dean Tysonin a small informal environment, and I hope more of you will take advantageof this opportunity.Pleaes stop by the office to sign up!Cheers,Diane",Neutral
Just wanted you to know that I'm thinking of you and hope you come out ok in all this.  My best to Melissa and the girls.  Dari,Informal
opps I read it wrong.  Darn.,Very Informal
"Thanks,  me and three guys in trading were laughing so hard that we were nearly crying.",Very Informal
"Chris:Attached is Change Order # for your review. It would probably be a good idea if you executed it rather than Janet since it pertains to one of your projects. If you have any issues / changes / questions, let me know. Also let me know if you need any assistance regarding the DASH for this change order.Regards,Ben",Formal
"Updated questions and answers for Enron employees have just been posted toWe recognize that as active employees you have special concerns and questions related to Enron's bankruptcy filing.  We regret that we are not able to answer all of your questions as quickly as you deserve, but we are working to provide accurate responses to your most important questions about employee benefits, expense payments and so on.  We appreciate your patience as we continue to try to provide timely and reliable information to you.",Formal
The original message is encrypted using Lotus Notes Public and Private Key security.  Encrypted messages cannot be migrated to Microsoft Exchange Server.,Formal
No problem.  Thanks for your help.Errol,Formal
"Alan, You should have received updated numbers from Keith Holst.  Call me if you did not receive them.Phillip",Formal
"Tana,Mr. Jones is very interested in meeting Ms. Jones so if you are still willing we are on for Friday?????Genia",Informal
Ken:This looks fine to me.  Where do we go from here?Mark,Neutral
"Hi there,We plan to sign on the dotted line with NorthWestern today.  MKahn (who works through lunch, don't you know) is turning the final draft of the letter agreement.  Kay",Formal
"Trade press, recruiting firms and others recently have made numerous calls to Enron employees seeking information about the company, its employees and other matters.  In some cases, these callers have used false identities, as in, ""I'm from the SEC and I need you to provide me with?""If you receive a call from someone identifying themselves as part of a government organization, please refer the caller to the legal department.  Please refer calls from the trade press and other media inquiries to the Public Relations group.  And otherwise, please treat Enron information as confidential.Thank you.",Formal
you fucker that's my trade.   i was trying to buy nines the last  minutes.  all i got was scraps.  .  i think it's a great trade.,Very Informal
"Dear Jeff, Several months ago I sent you an Email describing  my personal situation in the EBS work force reduction.You may recall that I relocated in March  from  New York City. I left my job with AT&T of  years, sold my  home and moved my family to Houston with the promise of opportunity and growth  at EBS.As we are both aware, due to decline in the  telecommunications industry, EBS had to release % of it's work force. I  harbor no ill feelings towards EBS or Enron because I realize this is an  industry wide problem.I have been unsuccessful at gaining employment up  to this point. The severance package I received from EBS is running  out. I guess I am asking you if there is anything  available in Enron corp for me? I am willing to pursue a career in a different  area.  I am attaching my resume for your  review. Any help you can provide would be greatly  appreciated. Thank you, Rob Picciotto",Formal
"Per our conversation, attached is your bid form.",Formal
"Attached is a newly revised Credit Watch listing.  If there are any personnel in your group that were not included in this distribution, please insure that they receive a copy of this report.To add additional people to this distribution, or if this report has been sent to you in error, please contact Veronica Espinoza at x.For other questions, please contact Bill Bradford at x, Russell Diamond at x, Brant Reves at x, or Veronica Espinoza at x.",Formal
"Jeff,Did you get my mail regarding materials costs?Please let me know.Thanks,Best Wishes,Jim D.",Formal
"While I don't truly fear you becoming a bitter individual as a result of these negative experiences, I do feel the highlighted section below is now more appropriate than ever.One must keep their eyes open and use all of the wisdom they possess when they trust.  Just as I suggested that positive experiences can cause one's level of trust to grow exponentially, negative experiences can cause irreparable harm.  If you trust blindly or too willingly and that trust is violated it colours every aspect of your life.  There are too many people in this world that have become bitter and cynical, not because they were born that way but, because they handed out trust haphazardly and too many times that trust was thrown back in their face.  I don't mean to suggest from the above that one should live in a daytoday mindset of distrust but rather that they must really look at people and all the aspects which they posses.  I have come to the conclusion that if you spend most of your time observing and listening to people rather than always taking the lead you will learn a great deal more about them and their character.  The smallest acts and statements can in fact say the most, so always be observant. (This includes listening to what others have to say and paying attention to the opinions of people whom you respect.)To that end I have one last comment...I am constantly amazed and periodically reminded what fragile creatures we humans are.  That beyond the hype and selfgrandizing the basic components of ourselves (our experiences, fears, cares, concerns, needs etc.) cannot be completely disregarded and will always be a part of us.  I think that only by recognizing those components and trying to understand their origin can we truly become stronger.",Informal
"As announced earlier, we will be bringing all Managing Directors together, on a quarterly basis.  Please hold open the first Monday of every quarter (from : a.m. to : p.m.) for this purpose.  However, our first meeting will be on Tuesday, October nd.  I look forward to seeing you there.",Formal
we're done for sunday @ : at cypress lakes.  do you know anyone else who will play?,Informal
"Mike,Mary Cook is a new attorney that joined our Group yesterday.  Can you get her full access to the referenced database, and let us know when such access is granted.Thanks!",Formal
"High .....merry christmas.  Thanks for the note.  Sorry for the delay in replying.  My blackberry does not work in Canada believe it or not.  I was on the phone with tech help....and we discovered this...what a pain.Hope the holidays have treated you well... I am planning on going to work on. Weds but from what I hear not much going on.  Still a few co's kicking tires....Keep you posted as I hear.  Cheers, BT.....m",Informal
My techy's going to help me buy a computer.  I'm thinking of buying a Dell Pent III  Mhz with a bunch of other stuff I know nothing about and an HP?? color printer.  I was also going to buy a digital camera and start taking a lot more family photo's and save them to disk.  What do you think?I was also going to try and create a home page and keep track of the stuff I plan on doing.  st up is Hang Gliding the first weekend in March.  I have not registered yet.  Cool huh?  Time for my free meal  :o)SEE YA!Comments/ suggestions?,Very Informal
"So what is this ""living in a hotel"" shit?",Very Informal
What do you think about this strategy?  Maybe we should have Deb call Marion and review the list of hotels where Enron has a corporate rate and ask her opinion regarding which ones she would recommend.  Maybe at that point she would volunteer her flat?,Neutral
"Jeremy,I don't have access to run this book.  Will you please get me authorization?  Thanks.DG",Formal
"This is just to be helpful, not anal! Here are some suggestions forpacking. Please note that I already made up a first aid kit for us, sodon't worry about medicines, BandAids, etc. Yes, I know I've thought ofeverything. See you manana! Chao!Matt, everything ok inside? I have some Tums in the med kit, but no GasX.Also, my friend Kim Evans (works at Continental)  is traveling to Italy atthe same time and is trying to work her jelly to get on our flight oranother airline with similar times. She's trying to work it to spend a dayor so in Madrid with us.",Informal
"Group,David Porter will be moving to the Utility Risk Management group with Enron Energy Services beginning Tuesday October . Please join me in thanking David for his effort in the realtime group over the past year (especially the hour long shift), and wishing him good luck in his new position.Stay tuned for a ""going away"" party for Dave in the near future.Bill",Formal
Fabian:You can find actual performance data on DealBench atPlease let me know if you have any other questions.  Thanks!Ben,Formal
call me when you get a chance.  they have the wrong ext. for you on voice activation thing.,Informal
"Yeah dude I bet you got a lot of operational management and statistical business analysis as well as spreadsheet work with that Poli Sci degree.  At least the group projects will enable you to meet some people.  Are you still thinking about getting a job tending bar or something or do you think you won't have enough time?  good to hear you are coming up in a few weeks.  I would definetly like to go out with you guys on Thursday night. That Friday night i already have plans but maybe we can go play some golf on Friday afternoon.  I played in a tournament with some people at work out at the Reserve last week.  Boy is that a great course.  Our tee time was at : and we had all been out partying until am the night before.  So needless to say we weren't feeling so great come tee time. However the beers were free for the tournament and come about : we were drinking again and feeling a little better.  We all played really well and got fourth plance out of  teams.  We won these sweater vests, a sand wedge, and a Nike bag.  There was a free barbque afterward with more free beer.  So by about pm we were all totally schmatered.  It was a good time and I was playing with the guy that i want to work for in Real Time Trading.  He and I are going to lunch next week to discuss but he mentioned to me during golf that he wants me to work for him which would be a great opportunity so things are going a little better at work.  Anwyay let me know what your plans are for the week you come.  I will catch you later man.",Very Informal
"I talked to Jason and he said we'll still have Lotus Notes and only docs days and younger will be migrated.  You will be able to get to your other documents, but it would be good to go ahead and clean off your email as much as possible.  Your address book, etc. will be migrated.  I feel so much better now.  I was freaking!",Informal
"Don:I will be leaving early today to catch a flight to New Orleans for a friend's bachelor party in the Big Easy.  I will be back early on Sunday, so please leave me a message if you need anything and I will be in on Sunday.  Hope to make it back safely.  Have a good weekend. Ben",Formal
"Fri,  Aug  ::You have been  added to the CORPGEN mailing list  (Committee of CorporateGeneral Counsel  of the Business  Law Section) by BLS  List Administrator<bllserve@ABANET.ORG>.Please save this message for future  reference, especially if this is thefirst time you are subscribing to an electronic mailing list. If you everneed to leave  the list, you will find the  necessary instructions below.Perhaps  more importantly,  saving a  copy of  this message  (and of  allfuture subscription notices  from other mailing lists) in  a special mailfolder will give you instant access to the list of mailing lists that youare subscribed  to. This may  prove very useful the  next time you  go onvacation and  need to leave  the lists temporarily so  as not to  fill upyour  mailbox while  you  are away!  You should  also  save the  ""welcomemessages"" from the  list owners that you will  occasionally receive aftersubscribing to a new list.To send  a message to  all the people  currently subscribed to  the list,just send mail  to CORPGEN@MAIL.ABANET.ORG. This is  called ""sending mailto the  list,"" because  you send  mail to a  single address  and LISTSERVmakes  copies  for all  the  people  who  have subscribed.  This  address(CORPGEN@MAIL.ABANET.ORG)  is also  called the  ""list address.""  You mustnever try to send any command to that address, as it would be distributedto all the people  who have subscribed. All commands must  be sent to the""LISTSERV  address,"" LISTSERV@MAIL.ABANET.ORG.  It is  very important  tounderstand  the difference  between the  two, but  fortunately it  is notcomplicated. The LISTSERV address is like  a FAX number that connects youto  a machine,  whereas the  list  address is  like a  normal voice  lineconnecting you to a person. If you make a mistake and dial the FAX numberwhen you wanted to talk to someone on the phone, you will quickly realizethat you  used the wrong  number and call again.  No harm will  have beendone. If on the other hand  you accidentally make your FAX call someone'svoice  line,  the  person  receiving the  call  will  be  inconvenienced,especially if your FAX then redials  every  minutes. The fact that mostpeople will eventually connect the FAX machine to the voice line to allowthe FAX  to go through  and make  the calls stop  does not mean  that youshould continue to send FAXes to  the voice number. People would just getmad at you.  It works pretty much  the same way with  mailing lists, withthe difference  that you are calling  hundreds or thousands of  people atthe same  time, and consequently  you can expect a  lot of people  to getupset if you consistently send commands to the list address.You may leave the list at any time by sending a ""SIGNOFF CORPGEN"" commandto LISTSERV@MAIL.ABANET.ORG. You  can also tell LISTSERV how  you want itto confirm the  receipt of messages you  send to the list. If  you do nottrust the  system, send a ""SET  CORPGEN REPRO"" command and  LISTSERV willsend  you a  copy of  your own  messages, so  that you  can see  that themessage was distributed and did not get damaged on the way. After a whileyou  may find  that this  is getting  annoying, especially  if your  mailprogram does not  tell you that the  message is from you  when it informsyou that new  mail has arrived from  CORPGEN. If you send  a ""SET CORPGENACK  NOREPRO"" command,  LISTSERV will  mail you  a short  acknowledgementinstead, which will  look different in your mailbox  directory. With mostmail programs you  will know immediately that this  is an acknowledgementyou can read later. Finally, you can turn off acknowledgements completelywith ""SET CORPGEN NOACK NOREPRO"".Following  instructions from  the list  owner, your  subscription optionshave been  set to ""REPRO""  rather than  the usual LISTSERV  defaults. Formore  information  about subscription  options,  send  a ""QUERY  CORPGEN""command to LISTSERV@MAIL.ABANET.ORG.Contributions sent to this list are automatically archived. You can get alist of the available archive files by sending an ""INDEX CORPGEN"" commandto LISTSERV@MAIL.ABANET.ORG. You  can then order these files  with a ""GETCORPGEN LOGxxxx"" command, or using LISTSERV's database search facilities.Send an ""INFO DATABASE"" command for more information on the latter.This  list is  available  in digest  form.  If you  wish  to receive  thedigested  version  of the  postings,  just  issue  a SET  CORPGEN  DIGESTcommand.Please note that  it is presently possible for other  people to determinethat  you are  signed up  to the  list through  the use  of the  ""REVIEW""command,  which  returns   the  email  address  and  name   of  all  thesubscribers. If  you do not  want your name to  be visible, just  issue a""SET CORPGEN CONCEAL"" command.More  information on  LISTSERV  commands  can be  found  in the  LISTSERVreference  card, which  you can  retrieve  by sending  an ""INFO  REFCARD""command to LISTSERV@MAIL.ABANET.ORG.",Very Formal
"Jay,The never ending saga of Enrononline vs. NGX continues.Under our settle agreement with NGX, we (somehow) agreed to provide NGX with a password and ID that would allow them to see the products on enrononline that coincide with the index's that we are providing data to.  As a temporary solution I created a filer under my master user Id that gives them all physical Alberta gas products one month and under.  The problem is they can see the rest of month product bid/offer and the product descriptions of other Enrononline products.  Would it be possible to set up a password and user ID for enrononline that only shows the products we are contributing to?  Or at a minimum, have them set up so they have their own limited access that is not associated with my login.Call me when you get a chance ()   .Happy th of July,Jon",Formal
your resume is good enough b/c i gave it directly to the hiring people.,Informal
"I understand from Shona that you and she have discussed our plans for Doorstep Reviews in .  I am asking via this note for my assistant to set up a meeting for the two of us to spend some time reviewing the timeline, methodology, Andersen's involvement and the involvement of your team.  I will be on vacation the week of December .  I will be working the week between Christmas and New Year's, so if you are in the office we can plan on getting together that week.",Neutral
Attached for your review and comment are clean and redline versions of the Schedule and Credit Support Annex to the referenced agreement.  This draft includes the Enron Corp.'s attorney's review of your comments to the Enron Corp. Gty.   Please contact either Jason Peters at  or me if you have any questions or comments.   Susan D. Flynn,Formal
"Rumor has it that Paramount had signed up for the short term emergency firm on Kern.... not that it matters but I was wondering if that was true. If so, he may want to hedge this pipe and you guys could spin some orig off of it. TIC",Informal
Sara:What we have negotiated with Southern was limited to financial trades done under the ISDA.  This was a form that they sent to us that we revised.  It was my understanding that they were going to contact Leslie separately about EPMI physical trades and Stacy about physical gas trades.Carol.,Neutral
Norma Villarreal is the HR Generalist for all of Brent Price's group and Hector McLoughlin is the HR Generalist for all the other groups/departments under Sally Beck.   Toni Graham is the Recruiter for all of Sally Beck's group. Yvonne Laing is the Compensation Specialist for all of Sally Beck's group.Janet De La Paz is the Admin. Support Person for the HR group. I hope this helps you directs your questions or needs for services in the future.,Formal
"Please be aware that remote connectivity into the  Enron network has changed, IPASS is no longer available. Remote Connectivity into Enron may be obtained by using the eConnect solution.  Authorization to use eConnect may be requested via the eRequest system (you will find a link to eRequest on ).Email is accessible from any computer with internet connectivity by logging into Outlook Web Access  with your NT login ID and password. Accessing OWA does not require an eConnect connection.Please direct all questions or concerns to the Resolution Center at ETS customers should direct inquiries to the ETS Solution Center atWe appreciate your cooperation in advance",Very Formal
"Jeff, I love you, but I'm unhappy.  I just don't want to be criticizedanymore.  The thing is, I know you think a lot of it is funny, and I've justlost my sense of humor, but the truth is, after a while, it's just not funnyanymore.  Like when you yawned last night when I was telling a story to yourfriends.  Yes, it's funny.  But when you do it every time, after a while, itjust starts to hurt my feelings.  That's just one recent example.  You'reoften telling everybody how neurotic and fucked up I am.  Or how I'm totallyoverbearing about playing the banjo.  In fact, you just said that today tomy friends at Haas.  Do you know how embarassing that was for me?  Youshould listen to yourself when you talk about me in front of your friends ormy friends or my family.  How often do you say nice things and how often doyou criticize me?  Why don't you ask them and see what they have to say.I've tried to talk to you about it.  I asked you to spend some time tryingto say mostly nice things, just for a little while.  But apparantly, youeither can't or won't, and the end result is that I feel like you just don'tcare.  I'm sure there are things you want me to do.  I'd like to try to dothem.  But I don't know what else I can do to make you understand that Ijust can't take all the criticism from you anymore.  It makes me feel likeshit.  I don't know where else to go, Jeff.  I suggested talking to ashrink, but you're not willing to do that either.  I'm sure that half of itis my fault, and I'd like to work on this together, but you don't seem to bewilling to work on the one thing that's really hurting me and that I'veasked you to work on.  And maybe that means you need to think about how youreally feel.",Very Informal
"That looks fine.   Please forward it to Ken Zito.Thanks,Dan",Neutral
"I changed the plant stuff around, swapping most of them for Facility.  I think it is a bit more clear now.  Let me know what else needs to be done.I'll be leaving in around  to buy a bribe, I mean pumpkin, but we won't be gone long.Kay",Informal
"Here's what I found.  Pls let me know if I can help you with anything.  I checked on the bonds that we spoke with you about earlier.  The call date was in August so I just passed on it.  These look pretty good. Thanks, Julie",Informal
"Audrey,  Attached is a term sheet that Barbara Gray prepared some time back for the OE agreement.  Please review.  How does tomorrow afternoon look for you.  About : pm.",Informal
"As we discussed in this morning's call, attached please find:The handout on federal and state jurisdiction that Dan Clearfield prepared for our meeting with the commercial people last week (overview.doc); and A brief memo from Dan's firm describing the legal basis for using the % rule to determine federal/state jurisdiction (J.wpd).",Neutral
"Sara,Per your request, attached is the Annex B and Annex B, along with a form of Letter of Credit, which was e:mailed to Dale Neuner on //, for the captioned Counterparty's Omnibus Confirmation.",Very Formal
Due to the change of servers and moving of all ERMS  databases to the new locations old curve fetch files are not working properly.I got our IT guys to fix the file you gave me. Everything looks OK now.I got the new file attached.Let me know if you have any questions.Vladi,Neutral
no.  i was dead on sat night.  i was out late on fri.  it was fun.  you should have stayed out.,Very Informal
"ABB is struggling with a fundamental assignment issue.  Their concern appears to relate to assignment to a project company or contractor which might not have the financial ability to pay.  I believe they are looking for some type of security (LC, bond, guaranty).  I didn't sense that they have an issue with the identity of the assignee, just the ability to pay.Comments?Kay",Neutral
"Below are two pictures that may create a questions, the most obvious being why is calendar ZP bonkers?  Does it really deserve that backwardation? Any feedback would be great..Thanks,Frank",Informal
"Attached for your review are the fundamental operating standards and controls that have been developed by the Wholesale Services group.  These standards are to be met by all Enron offices and by each functional group within the operations process.  Qualitative standards should be viewed as the basic measures to be taken when opening a new office or trading a new commodity.  Statistics measuring compliance with quantitative standards will be monitored on a daily basis and any issues that arise will be addressed immediately.As business unit heads, you play a critical role in working with Operations to ensure that proper controls are in place and working effectively.  Please review this document and let me know if you have any questions or wish to discuss further.Regards,Brent",Formal
"of course, it's a favorite.  the lesson i learned last nightand i wouldn't be surprised if i were your only friend who learns lessons from weekday comediesis to be happy!...if you're free, let's go out tomorrow eve and have our brief woes drinks (and not wait  weeks), then put it in the past....Alexandra Saler@EES",Informal
"Hey guys ,,,, thankyou very much for the baby outfits... Heather and I both loved them......  We can't wait for you guys to meet him.......  We took him to the doctor today for his two week chk up and he weighed . lbs.  That is up over a pound....  he eats like a horse and is very healthy.... the next goal is to get him to sleep at night!Mike and Heatherperge!",Informal
"Team,Attached is an EOTT Facilities List I got from Dave Odneal.  I believe it has every EOTT facility listed on it for every state EOTT operates in.  I am sure it will be useful.Mike",Formal
"Steve, I've attached the results of the focus groups as per my notes from the meetings.  Let me know if you need anything else.",Neutral
"Good luck gang, see you on the other side.  Here is my contact info.Tom May",Informal
My mistake in raising the issue  Peter Sceats is with the broker in London who arranged the trade.,Neutral
"i will be here on fri night, but sat i am going to tim's engagement party.  i think i will be out on fri.",Informal
that is classy,Informal
"I forgot, we have a new telephone # () .  I'll pick you up on Thursdayand I'll take Friday off.  Looking forward to seeing you.KR",Informal
"Louise  Attached are the gas risk management, operational analysis,  Sitara and systems  rankings as requested.  Please let me know if there is anything else you need. Thanks, Jeff",Formal
Hey what's up?  How many people picked the Colts this weekend?  I talked to Todd Gilcrease I guess he's back.  And this time without Kimery.,Informal
"Enron Global Technology is in the process of decommissioning the support for all nonstandard Internet Email address formats. The only Internet Email address format that will be supported, once this effort is completed, is firstname.lastname@enron.com. We will no longer support Internet Email address formats such as name@enron.com, name@ect.enron.com, name@ei.enron.com  (where ""name"" is an abbreviation, acronym or alternative to an employees firstname and/or lastname). Every Enron employee has an Internet Email address of firstname.lastname@enron.com and must begin making the necessary arrangements to start using this Internet address format if they are not using it already.Any new/existing application systems or business cards that reference a nonsupported Internet Email address will need to be changed to reference the only supported firstname.lastname@enron.com Internet address format. It is important to remember to also notify any external contacts who are currently sending Internet email to any nonsupported Internet Email addresses.To determine what your supported Internet Email address is, take your name as it appears in Outlook or Lotus Notes and replace any ""spaces"" that appear in your name with periods and append @enron.com. For example in Outlook, Alan Smith, Robert (firstname = Robert, Lastname = Alan Smith) will have a supported Internet Email address of robert.alan.smith@enron.com.IMPORTANT : If you need to update your business card(s) to reflect your supported Internet Email address, please ensure you test & confirm the delivery of Internet email to your supported email address prior to updating your business cards. If you experience any issues with delivery of Internet email to your supported Internet email address, please contact the Resolution Center.We will communicate further details, including the cutoff date, in the coming weeks. Meanwhile, it is imperative that you begin making the necessary arrangements to change over to using the firstname.lastname@enron.com Internet Email address format. If you have questions regarding this email, send an Email to enron.messaging.administration@enron.com.Thank you for participation, cooperation and support. Enron Messaging Administration",Very Formal
"Hi,         I have already met with some of you to discuss longterm (exotic) options trades.           As per your request, I am attaching a ""shopping list"" of a variety of options trades that the power options desk is capable of pricing.              Please feel free to contact me if you wish to discuss these options products and how they may be used to help your clients develop customized risk management tools.   Thanks,Irisx",Informal
Attached are the revised gas purchase and gathering agreement and the new Collection Facilities Agreement.  The Collection Facilities Agreement has the insurance requirements but not the Security Documents.  I will forward the Security Doc. shortly.,Neutral
Looks good.  I vote yes.,Informal
"FolksBelow is a site with information on a proposed initiative from HarveyRosenfeld dealing with the current energy issues facing California. Thanksto Julee MalinowskiBall for the info on the site.Thanks,Delaney",Neutral
"Vince,I shipped you the paper along with my note to Don.  However, I wanted toshare with you what I feel are the remaining ""to dos"".  Specifically,.  We need to document carefully the forces that were behind the originaltransformation of Enron.  Specifically, the fallout from deregulation (takeor pay contract defaults, etc.), the impact of the losses from the oiltrading operation, the nationalization of the Peruvian pipeline, and theleveraging up to fend off the Carl Ichan takeover attempt..  We need to complete/beef up the network strategy section..  Finally, the concluding section needs to be carefully crafted to""hammer home"" the basic principles underlying the transformation.What do you think?Hope you have a great weekend.JohnJohn D. Martin",Neutral
You're very sweet.  Thank you so much.,Informal
"If your schedule permits, please join us at our Holiday Party.  Click on the attached link to launch your invitation.",Formal
"Hey:Can you send me the file that you produced of those names so I can shrink it down a little?Thanks,John",Informal
I spoke with Robert Nuernberg (inhouse legal) who acknowledged that company has authority to trade financially.  ENA will send ISDA master to company which will also offer up new resolution or legal opinion.  We can do a onemonth deal and book on our short form omnibus.  Call if you have any questions.  Sara,Neutral
"Kim, Eric is borrowing Kevin Hyatt's TW Tariffs (small) binder.  He has asked me to try to get one for him.  Does someone supply those or do I just need to have it reproduced for him. Thanks!",Neutral
"Gentlemen,Due to some internal comments we have made some revisions to the land option agreement.  The most significant change is that it is clear that the option payment is not refundable, and will not be applied against the purchase price.  There is also a clarification in paragraph  (re assignment) that the assignee remains responsible for any liability arising prior to assignment.  I believe we are ready to go forward with signature when you are.  Please advise if this version is acceptable.  Also, please let me know if you would like for me to have a redline version prepared.Kay",Formal
Thanks so much for your help on the BEARing gifts program!  It is a great cause and your help will make Christmas a lot happier for a lot of kids who really have very difficult lives.  Most have never received anything new.  Have a great holiday season!Mark Haedicke,Formal
"RobbiSometime on Wed, Thurs. next week would be fine to get together (I'm out early next week doing the last of the roadshows on the Edison contract  I can't wait for the process to be over  it has been going on for over a year).Call my assiatant Brenda Whitehead at  to schedule a time.ThanksElizabeth",Informal
"Yes, we still do the steak night thing, but I will be unable to attend this evening (dinner with the traders, oh la la!).  You may want to talk to bfree and see if he or Economou are planning on an outing.  So when are we going to have a chance to chat?Suz",Very Informal
"yea,  i think the two dumps in the market are when everybody realizes the loss of demand, which is in the first  inj numbers.  customer buying and fear about the summer will keep may at a decent level.  if my theory holds, eventually that wont be enough to hold the market up and m pukes.  second puke is in the winter when th quarter production is % on y/y basis, demand still weak (economic weakness isn't a  month problem), industry realizes that not only is it ok to get to  bcf in march but you should, and early winter weather will not match .  we develop large y/y surplus in x and z.  z futures hold up because some risk premium still exists for rest of winter.  by late december, just trying to find a home for gas.  think decent chance f futures finish with a  handle.",Informal
"Hi Jeff,I just saw the fax regarding the quarterly fee statement for reimbursement account for California.  Do you know if there is someone in accounting who has the document and who has responsibility for taking care of it?  Thanks,Sue",Formal
"That's great.  What about deal ?  We have $. and we are being billed $. for meter  on contract .  Also, I faxed the Oct  TXU invoices to Trisha Hughes so she can look into the Dec  and forward problem.Megan",Formal
"Cyndie BalfourFlanagan and I have been working from a report provided by Russell Diamond that lists ""live"" deals for counterparties and our current exposure.  Based on that list, here are some deals that need to be moved into the bankruptcy books.  There will be many more deals listed to move on Tuesday.  Please note that deals for many of the counterparties listed on Russell's report have already been moved into the bankruptcy books due to autotermination.Once we finish looking at the ""live"" counterparties, we will continue providing deal information for new contracts that are added to the Master Log report compiled by Legal.  I will be adding the deals from Cyndie's sheets on Tuesday.  I have  more counterparties to review from Russell's report and that information will be provided on Tuesday as well.Please call if you have any questions.  Thanks,SBR x",Formal
"Vince,In case I forget by Monday:  Hector Campos asked if he can take a course in PDE's at Rice this fall.   It would meet Tues and Thurs. mornings and would cost about $.     I'll try to catch you on Monday to see what you think.Stinson",Informal
"Yeah, I heard. Childers informed me and rubbed it in that he was key in talking me out of that decision. I think I made the right decision ya think? Rick",Informal
"Either the location, or the number of locations has changed on revision number . The hedge associated with this deal needs to be reevaluated.",Neutral
"Some of you have already migrated to Windows  and some are still waiting to be.  Our group is schedule to get migrated to Outlook (email) on May .  In order for this to happen you must already have Windows .  If you are still waiting to be migrated to Windows , please let me know.  Also if you have already been migrated to Outlook or if you will be travelling during May  I need to know.  Attached is some information on Outlook that you should read prior to migrating.  It is also suggested that one week prior to migrating to Outlook that you take the one hour training session.  At the bottom of the attached document is a contact number to schedule your training.  Any questions please call me .",Formal
I tried calling you to confirm we are all square on the webtext for Northern but can't track down your ph. number.  Please call me if there are any problems or concerns.  Thanks for the help.  DF  ,Informal
"I'm not sure whether to feel sorry for you or not  can't wait to hear the details  Yes, it was a fun weekend  we were in Austin.  T. swimming at the Lake and I stayed around the hotel using the gym and getting a massage.  Good food, too.  The only downer was the drive.",Informal
"Hey Nella,When I got in this morning, I had received an email from Daddy on last Friday.  He said that everything was okay financially  for the future, and they only had an immediate need for the tax money.  He sounded okay with me asking about it.  He even said ""You are so sweet with words"".He just doesn't realize, but we get that ability from him.How was your weekend, mine was good, we spent alot of time outside.  We went to the BDay party and the kids bowled and boy did Kendall love bowling.  In fact Jordan, ny athletic one, bowled a strike.  They call it bumper bowling because they put up little bumpers.  All the kids enjoyed it so much, Natasha and I are going to take the kids back in a couple of weeks and let them bowl one day after we get off work.  Bowling alleys notoriously have good food.  Yesterday, we went to the park and spent several hours outside, it was like in the low 's yesterday.  I'm glad daylight savings time is here, its so nice to be able to get home and get things taken care of before it gets dark.This morning, I went to drop the kids off at the daycare at : a.m. (mind you, I'm running about   minutes late) and the daycare teacher (the wife of one of Todd's good friends) that opens up the facility (she's the only one with a key) was late again.  Now the heffa was late one day last week and I didn't say anything, beccause everyone is late every once in awhile, but she made me late for work last week.  So...I blew up this morning and had to leave the kids standing in the parking lot with about  other teachers and  other parents with their kids.  I want to call up their and complain, but I think I'll talk with her first (maybe!)    She needs to get her stuff together, because first thing in the morning is not a time to play with folks.Talk with you later",Informal
"Sorry about that, I had some tech difficulty with the first version and the subject line, which was pertinent, was not included.Mary   Good catch Carlos",Formal
"Our vision to become The World's Leading Company positions our company for great success this year and beyond.  Our success is dependent on execution.  With that in mind, we are making Enron's  corporate and business unit goals available to employees.  Please take a few minutes to review our  goals on Enron's intranet at    We believe they will help you gain a better understanding of our vision for the company and will inspire you to identify innovative ways to help your organization and Enron achieve our objectives.  We have a lot to accomplish this year, and with your hard work and dedication, we can realize another year of stellar performance.",Formal
"Dear Mr. Keffer,Thank you so much for agreeing to pass my resume along to the appropriate person with the Astros organization. In keeping with our family tradition, I am a huge Astros fan, and would appreciate the opportunity to get a ""behind the scenes look"" at how a professional sports organization works. This should be an exciting season for Houston baseball, and it would be an honor to be a part of it.  Any assistance you can give in putting me in touch with the right person would be appreciated.Sincerely,Paige Record",Formal
"Yes, the list is the final approved counterparty list before the roll out of the system.  All counterparty lists are due by the close of business tomorrow.  If you are not sure of what the current approved counterparty lists are let me know.",Neutral
"Jeff,I understand that SDGE customers may be eligible for a rate credit for August and September.  Question:  If a customer switched to EES before the rate credit gets distributed, are they still eligible to receive the credit?I appreciate the help.Michelle",Formal
"Staci,  Attached is the final form of affidavit.  We plan on emailing this version to WFEC's lawyer for review prior to execution.  Given the confidentiality provision in our CSA, could you please respond via email with FGT's approval of this disclosure.  Thanks.",Neutral
"Jean received a lovely bouquet of flower Friday.  She thinks it came from one of us, but I think it must have come from her boyfriend.  Were any of us being very thoughtful on Friday?",Informal
"Tuesday the th is fine.  I will get a conference room and lunch set up.  We can start at :.  I will send out an email invitation to everyone in your group, my group and the risk group.  If you want to add anything or if you have something specific you want me to cover, just let me know.Daren",Neutral
"To Mr. Ken Lay,I'm writing to urge you to donate the millions of dollars you made from selling Enron stock before the company declared bankruptcy to funds, such as Enron Employee Transition Fund and REACH, that benefit the company's employees, who lost their retirement savings, and provide relief to lowincome consumers in California, who can't afford to pay their energy bills.  Enron and you made millions out of the pocketbooks of California consumers and from the efforts of your employees.Indeed, while you netted well over a $ million, many of Enron's employees were financially devastated when the company declared bankruptcy and their retirement plans were wiped out.  And Enron made an astronomical profit during the California energy crisis last year.  As a result, there are thousands of consumers who are unable to pay their basic energy bills and the largest utility in the state is bankrupt.The New York Times reported that you sold $ million worth of Enron stock while aggressively urging the company's employees to keep buying it.  Please donate this money to the funds set up to help repair the lives of those Americans hurt by Enron's underhanded dealings.Sincerely,Helen Chayefsky",Formal
"After our meeting last week I spoke to Mary about getting a list of the products trading restrictions in our financial master and I haven't received it.  With Mary out I don't know who to contact to get it, can you help me with this?  Also, would it be possible to get a list of the global contract numbers for our financial masters?  Thanks!",Neutral
one other thing.  what's your home number?,Informal
"Sally, It was nice meeting with you this morning.  Here are my midyear and yearend lists of accomplishments for your records. You may already have my midyear document from the June PRC process, and the yearend document is the same document I left with you today.  Robb Justice has both documents as well.  Robb is also somewhat familiar with my AsiaPacific work as he assisted our Japan, Singapore, and S. Korea efforts several times throughout the year.  I let him know today that you would be contacting him.Thanks you,Nicole",Formal
"GT,   I will be coming to this game w/o Lisa.  I plan on driving in Friday night and probably getting there about : pm.  If its okay I'll crash at your place.  Let me know how your schedule looks. Since Lisa isn't coming I'll have an extra ticket with me on the .  Interested?",Informal
"The attached draft reflects revisions made pursuant to our discussions with FERC staff.  You will be receiving a hard copy of the tariff sheets separately.Please make sure you read the ""Waivers"" section towards the end of the document as it contains some additional requests for waivers.Also, there seems to be some confusion over whether we are going to post all options, not just Shipper call options.  My previous drafts have provided for posting of Shipper call options only.  All other types of options will be generally available, on a nondiscriminatory basis, through our tariff.  My thinking was that it is commercially impracticable to post the specifics of all types of options, and it's not necessary since options will be noted on our transaction reports required by Order .  Let me know what you think.Let me know your comments as soon as possible.  I understand that the Commercial Group told Stan Horton this would be filed this week and Shelley reported at staff meeting on Monday that it would be filed this week or next week.  As soon as I get everyone's comments we can get this finalized.Thank you.",Formal
i got a tee time sat at  am.  the course is cypresswood.  let me know if you are in or out.,Informal
The attached table provides my best guess on how the Board will vote.  The price cap wins unless we can turn two votes.  Jeff and I worked out some assignments for people targeted to individual Board members.  The ones not targeted are considered to be lost causes.,Neutral
"Welcome back  hope your sojourn was not alarming (NY is not that bad a place to happen upon independence),and the autumn leaves made you smile.Talk to you soon.",Informal
Congratulations on your promotion to MD Sally!  That is wonderful and well deserved.Susan,Formal
"I bought it at  and  ovver the last week and it's looking good.  I bought them based on industry, strategy, and PEG.  Check it out.",Informal
"Please begin your focus on increasing EOL liquidity as soon as possible.  This is not a long term project.  Lavo will be seeking immediate results.Thanks,Mike",Formal
Never mind the previous message. I have no objections.,Neutral
The request has been completed with all resources requested either completed or rejected. You can view the details of the  request by clicking MyReq.,Very Formal
I made a new fatboy sheet that should fit all our customers profile. The template is in the new folder Template.Hopefully this can limit the number of different sheets we currently are using. I put it in the P drive as it is local and will limit our dependency on terminal server.Geir,Neutral
Here is the latest presentation on Teco.  It was presented to Dave Delainey and others.  Let me know if you have any questions.  Ben,Formal
I understand you guys want to talk to me about Devon.....hmmmmmmmmm.  How about tomorrow Thursday the th after  sometime? THANKS,Very Informal
"Group,We are long  mws on peak for // in SP.  This should be in CAPS under STWBOM, deals should be under STWBOM in Enpower as well.Bill",Neutral
"Attached is the weekly status update for the business setup of enovate.  I have highlighted in yellow those items which had activity this week.   The two most significant outstanding items continue to be completion of the Hub Agency Agreement and agreement and documentation of the transfer price arrangement. Please call me with any questions.Thanks,Gregg",Formal
"Mark:	I did not want to make a big deal of this at the OGC Meeting, but if a legal transition team is formed, I would like to be considered for membership.  I feel that my strengths are what may be needed on such  a committee.  Thanks,Jeff",Formal
"Last month Lindy and I began looking into adding a provision to TW's tariff allowing shippers to elect to purchase fuel gas from TW.  There is good precedent for this and I think it would be fairly easy to accomplish as long as we don't try to make the purchase of fuel from TW mandatory (see the attached memo).  Mary Kay, as you and I discussed, we will need to address the fuel overrecovery issue before moving forward with this.",Neutral
"Hi Rebecca,I'm trying to locate the sig pages for the NW guaranty.  These were the docs that I approved after I had approved the letter agreement.  These signed pages weren't with the letter agreements and change orders you brought me.  To you remember if you brought them to me before?  I haven't really searched  I thought I would ask first.Thanks,Kay",Neutral
Please stop sending emails to jennifer_arnold to the following email address: . You have the wrong person,Neutral#Very Formal
"Chris and Mike,We are trying to do some sales tax planning, and need to know when the first LM 's will be ready to ship (or store, as the case may be).  I know there are projected dates in the purchase agreement, but those were more targets than commitment on the first few units.  Can you give the current status?Thanks,Kay",Formal
i just got a ,Informal
"REDNECK VALENTINE'S LOVE POEMCollards is greenmy dog's name is Blueand I'm so luckyto have a sweet thang like you.Yore hair is like cornsilkaflapping in the breezeSofter than  OLD Blue'sand without all them fleas.You move like the bass,which excite me in May.You ain't got no scalesbut I luv you anyway.Yo're as satisfy'n as okryjist afry'n in the pan.Yo're as fragrant as ""snuff""right out of the can.You have som'a yore teeth,for which I am proud;I hold my head highwhen we're in a crowd.On special occasions,when you shave under yore arms,well, I'm in hawg heaven,and awed by yore charms.Still them fellers at work,they all want to know,what I did to deservesuch a purdy, young doe.Like a good roll of duct tapeyo're there fer yore man,to patch up life's troublesand fix what you can.Yo're as cute as a junebugabuzzin' overhead.You ain't mean like those far antsI found in my bed.Cut from the best clothlike a plaid flannel shirt,you spark up my lifemore than a fresh load of dirt.When you hold me real tightlike a padded gunrack,my life is complete;Ain't nuttin' I lack.Yore complexion, it's perfection,like the best vinyl sidin'.despite all the years,yore age, it keeps hidin'.Me 'n' you's  we go together just like a Moon Piewith a RC cold drank,yep, we go togetherlike a skunk goes with stank.Some men, they buy chocolatefor Valentine's Day;They git it at WalMart,it's romantic that way.Some men git roseson that special dayfrom the cooler at Kroger.""That's impressive,"" I say.Some men buy fine diamondsfrom a flea market booth.""Diamonds are forever,""they explain, suave and couth.But for this man, honey,these won't do.Cause yo're too special,you sweet thang you.I got you a gift,without taste nor odor,more useful than diamonds...IT'S A NEW TROLLIN' MOTOR!!l shore due luv you darling,AINT LOVE GRAND!!!!.....BUBBA",Very Informal
"Bob,Here's the bill of sale we didn't use on the last deal.  I don't know how much good it will do you, but at least it gives you some tax language.  As I mentioned, the last deal was supposed to be a ""wire me money, I'll sell you stuff"" deal, but it didn't  happen.I'd like to see the installment sale form once it gets fixed up, if possible.Kay",Neutral
"We have received the following executed documents from Counterparty:.  Amendment to EnronOnline Electronic Trading Agreement dated //, executed by Alliant Energy Corporate Services, Inc. as authorized agent for and on behalf of IES Utilities, Inc. Interstate Power Company and Wisconsin Power and Light Company.  Consent and Acknowledgement executed // by each of IES Utilities Inc., Interstate Power Company and Wisconsin Power & Light Company  acknowledging that Alliant Energy Corporate Services, Inc. is acing as authorized agent on behalf of such utilities with respect to the ETA and Password Application.  Password Application (EnronOnline only to have copy)A copy of this documentation will be sent to Lisa Lees and Shari Stack.",Very Formal
"Oops, and one more thing. The price on this is entered both in Jeff's trade log and in Deal Entry as $.. I verified that with Chris Mallory, who's working on the California desk today. If Prebon still has a discrepancy, let me know.Thanks,KateEvelyn Metoyer",Informal
"Here it is, guess we are starting over on this one.  CILCO looks to be the main culprit.PL",Informal
"Per our discussion regarding distinguishing and Adjustment. I have added under the ""Adjustments/IPA's"" section of Annex I that (*Denotes an Adjustment""). Looking forward to speaking with you in the morning.Thanks again!Regards,Jorge",Formal
"On sunday we had a problem with PSCO, they tried to back out of a purchase from El Paso since they claimed they were picking up the power at the FC  bus instead of the  bus.  Also there is an issue with the schedule being until further.  This once again highlights our need to be as clear as possible on ALL aspects of the deals that we do.  All new people should have a discussion with myself or another senior member as to the differences between the FC's busses, N. Gila vs. Devers and other points on the grid that you are unsure of.thanks,ryan",Neutral
"Today was a very difficult day for us as market uncertainty continued.  Recent news reports, including The Wall Street Journal article today, have speculated about possible mergers, takeovers and equity investors as options that Enron is considering.  The reason you have not seen us responding to these reports is that it is our corporate policy not to comment on market speculation.  However, I will tell you that we are evaluating all options to protect the financial stability of this company.  I will keep you updated on developments as they occur.",Neutral
"Arvind,Thank you for the note. We are evaluating the potential value that Techspan could bring to Enron. We will contact you when are ready to enter into a dialogue.Once again thank you for your interest in Enron.Andy ZipperVice President",Formal
Just a quick note to give you as much warning as possible.  The next phase of the office construction project will begin in a little over a week.  There is good news and bad news.  First the bad: the office which you currently occupy will be in the next construction phase.    Now the good:  it looks like we will probably have a place for you to sit until your new office is ready.  Taffy Milligan will submit the move request (for next Friday  Jan. ) and will have details directly.  Your assistants can help you order boxes and arrange your move.,Neutral
"Susan,Do you have a ticket for the above referenced deal?  I am trying to find Sitara numbers, but I don't have a ticket for the deal.  Let me know.  Thanks.",Neutral
Ginger:I was referred to you by Kay Chapman.  I have not received my W Form.  Are you able to print out a duplicate ASAP.  I can come and pick it up when it is ready.  Thanks for your help.Ben Rogers,Neutral
"Evidently, in order for us to actually watch a movie we have to physically go to the theatre.  Somehow we keep missing that critical step in the home viewing experience...namely the viewing.",Neutral
I never did the Enron subsidized thing because my email was not on the Enron computer I bought so I didn't do it.,Informal
"Steve, I was delighted to receive the news of your being admitted to the Partnership.  Congratulations!  I'm very proud of you.  All the best.  Jim",Neutral
"Dan and Les,At Southern Co.'s request, I have set up a conference call for pm on this Friday (April ).  Alan wants our comments to the agreement and will provide us with pricing that they think will work for the project.  Dan, if you can conference in, that would be great.Thanks.",Formal
"I was going to bed the other night when my wife told me that I had left the light on in the shed, she could see from the bedroom, window. As I looked for myself, I saw that there were people in the shed taking things. I phoned the police, but they told me that no one was in the area to help at this time, but they would send someone over as soon as they became available. I said OK, hung up, and waited one minute, then phoned the police back. ""Hello. I just called you a minute ago because there were people in my shed.  Well, you don't have to worry about them now cause I've shot them all."" Within a few minutes there were half a dozen police cars in the area, an Armed Response unit, the works. Of course, they caught the burglars redhanded. One of the officers said: ""I thought you said that you'd shot them!"" I replied with ""I thought you said there was nobody available!""",Informal
Hey do you have to go to the harrassment avoidance seminar?  We got an email saying we were required to attend one of the sessions.  So that's what I'm doing this afternoon.   Yippee!,Very Informal
"To the Distinguished Mr. CampbellJust wanted to let you know that the list you got from James still had Jimmy Hoffman listed on the Hobbs Team. He has since left the company. I deleted him from this list. We could not afford for you to get behind.GUNG HO my ""Distinguished"" friend~~Bandel",Informal
I think I owe you a call?,Informal
"Jeff,Thanks for the great weekend.  I had a great time with you guys up atthe dome.I just talked to my friend Curtis Press and he said to have you give hima call about Annie and Vegas.  From what I know he is a very good vet.He will also definitely let you know if the surgery makes sense (forAnnie) and who he thinks should do the surgery, etc.He works most days at the Mission Valley Pet hospital in San Francisco.The phone number there is .  He and his wife also own a pethospital in Larkspur.Sean",Formal
"UPDATE ON GRAEME WHITEWe are pleased to be able to give you a progress report on the condition of Graeme White who was injured in Wednesday's explosion at Teesside Power Station.  Graeme has now been moved from the Intensive Care Unit at Middlesbrough General Hospital to Ward   a specialised skincare unit  where he is receiving treatment for burns.  He has been able to open his eyes now and is taking food.  His condition is still described as ""stable"".Please don't send flowers, but cards and messages for Graeme will be welcome.  They should be sent to the address below or c/o Julie Webster at Enron's Stockton office who will ensure they are promptly delivered.Graeme was visited last night by Jeff Skilling and Brian Stanley and they also met members of his family.  Other colleagues planning a visit should contact Julie Webster or Graham Moore who are coordinating the program.Address for cards and messages:Graeme White",Formal
"John,Could you do me a big favor.  Sherry has been really working hard and doing a good job.  Do you think that you could talk with one of your contacts and get her a pair of Rockets tickets.  I know they are a playing the Clippers tommorrow night.   I know that no one else wants to see the Clippers, but she's never been to a game and would really appreciate it.Thanks,Errol,",Neutral
"FYI.  In a letter to the California Legislature, the independent California Legislative Analyst is predicting significant shortages for this summer in excess of those predicted by the governor and the Cal Energy Commission.",Informal
"Donna,Attached is the report and matrix for Paper & Pulp.  Also, the report for Equity Comparables sent in the first transmission is the wrong information, so delete from your files.  The correct file will be given to me Monday and I will forward. John",Formal
The white wine in $. per bottle including tax so you owe me $.. Shall I order lobsters for the two of you for Saturday night.? I hope you will join us and Jeff you can leave and study any time except for the actual dinner period.Nancy,Formal
"No. It looks like these are all the deals Christian Yoder and our other lawyers are working on. Christian is writing up confirms for these, and actually has a few of them done. He said he'd be contacting Sharen Cason and faxing her copies of the finished letters very soon.Please let me know if you need me to add comments to these deals to make it more clear. I'm going to talk further with Christian and Val Sabo on my end to better understand what the DEAL is with these deals, because they've been plaguing me all day.I'll keep you posted on the progress of this, but in the meantime you don't have to send revised confirms.Thanks,Kate",Formal
"It was nice to see you on the panel.  As promised at the Summit, underseparate mail I have sent the Korn/Ferry brochure, ""What Do Employees ReallyWant?  The Perception vs. The Reality.""As I also mentioned to you, Siemens is in the process of targeting Enron asone of the top  key accounts in the country. We envision you as atrendsetter as well as a highpotential customer.  I hope to be able to callon you if we need top level feedback or run into unforeseen barriers in ourattempt to be a premiere supplier to you.Regards,Gerhard",Formal
"Hey Jeff,Sorry couldn't make it to the beer bust last night after the finance exam.Did a lot of people turn up  hope you had fun!Happy holidays in advance and see you next year (january) :)Deepak",Informal
"This book is set up.  The physical book is also set up in Sitara.  Please contact me if you have any questions/comments.Thank you,Susan x",Formal
"Michelle,The coding is progressing nicely. Cecil and David have the first part of the codealmost done (there are  parts of code), and they expect to have the first two partscompleted by next Tuesday or Wednesday.  If Ken's needed, that will be in thetesting of the third part of code,  which should be sometime next week or later. I will inform you of the status change as soon as possible.Best,Alex",Neutral
"I received a preliminary answer to the survey this morning.  Have you had a chance to review the additional questions the firm posed?  Also, should I plan on packing my office chair on Wednesday with my home shipment?Thanks,Brent",Formal
"Monica,Attached are the prices you requested  I am still waiting for the option info. As soon as I get it, I will send it to you.  Let me know if  you have any questions.Thanks,kim",Formal
"AllFirst draft of diagrammatic real options paper attached.  Vince is suggesting Risk as a suitable place to publish.Any and all comments on content and/or style appreciated (including problems with character sets and paper size!).Cheers,Steve",Neutral
"Guess what?  The closing party isn't until Feb. .  I had the wrong week!  Glad I didn't show up on the wrong day....BEAUTIFUL weather.  Might want to sit outside and have a little cocktail (or equivalent) tonight.  I had Mexican food for lunch, so popcorn for dinner!Love,Kay",Informal
"Professor Ronn:Thank you for your reply.  I have a meeting at : am, but I am free from : am to : am.  If you could let me know what the best time for me to stop by your office I would appreciate it.  I look forward to meeting you tomorrow.  Ben Rogers",Formal
"Have you taken the time to consider those employees that consistently make a difference at Enron and should be considered for the Chairman's Award?  It's those special individuals around us that bring our values to life...  Please make sure your everyday hero is recognized by simply submitting a nomination form on their behalf during this final week.  Every employee nominated will receive a memento honoring their nomination and the ten heroes the most exemplify our values will claim their place on the prestigious Chairman's Roundtable.  To see who's being nominated by business unit or for a nomination form or sample submission, click here home.enron.com.   RespectfullyKen, Jeff and Joe",Neutral
Good luck to you.  Hopefully I can get out there this afternnon and see you ride.  I love you.Daddy,Informal
Please note the change for Steve's monday morning staff meeting.  We are attempting to change the time for the staff meeting from : AM to : AM.  The staff meeting will be from :  : AM every monday in EBC.  Please change your calendars accordingly.adr,Neutral
"A meeting has been scheduled for Thursday, November th from :pm  :pm in EBC.  The purpose of this meeting is to prepare for the upcoming bidweek and to discuss any outstanding questions on deals/volumes that can be resolved prior to bidweek.If you have any questions please feel free to call me @ x.Thanks,Kathy",Very Formal
In response to this email. The guy who had the party is Rob Milnthorp. He is the Pres. and CEO of Enron Canada. John Disturnall is our option trader. Jon Mckay runs Canadian trading and is my immediate boss.I must have missed this one.,Formal
"most bullish thing at this point is moving closer to everyone'spsychological $ price target and that everybody and their dog is stillshort.  next sellers need to be from producer community.  saw a little thisweek with williams hedging the barrett transaction but wouldnt say thatsindicative of the rest of the e&p community.  short covering rallies willget more common here.  velocity of move down has slowed significantly forgood (except maybe in bid week).  my concern is if we go to $ and peoplewant to cover some shorts, who's selling it to them?  might feel a lot likeit did when we were trying to break $.",Informal
I approve of Craig.  It was great to meet him.  Had a very restful and funtime in Tulsa but glad to be back in Houston.  will call you later in week.,Neutral
"If you have not logged onto the PEP system to designate reviewers, or approve reviewers for those in your organization, please do so today. The deadline for completing performance evaluation information is November .  The performance review process is critical to yearend evaluations and bonus, promotion and compensation decisions. This year, as in previous review periods, the system enables "" degree"" feedback throughout the organization. Please take some time today to get the process started.",Formal
Do you think it would be beneficial for me to go to WSPP?,Formal
"Sorry for the last minute (general unavailability of attendees), but I have arranged a meeting to discuss general issues on the paper & pulp desk at  pm in EB C.  Dale Neuner, Tanya Rohauer, Rudi Zipter, Ted Murphy should be attending.  Please call me if you have any questions.  Sara",Formal
"Just thought I'd let you know that I have graduated from paralegal school.  I'm glad it is over, but I'm so glad that I did it.  I was able to put the puzzle pieces together and figure out why I was asked to type those pleadings!!!  I just learned yesterday that I graduated top in the class.  I'm thrilled about that.  Maybe I'm smarter than Tana thought I was.  Yippee!!!!Still miss seeing you everyday  life is all about change they say.  As ever, Jan",Informal
"I have a friend who is possibly interested in the trading positions that we have open, but I wanted to find out exactly what types of trading positions they are.  CAn you give me some more details?  thanks.",Neutral
"FolksPlease see attached an important memo regarding the future plans andfinances of the CA Energy Solutions Group. Thank you all for a  hectic, butgreat, year. :) Happy Holidays!!Many thanks,Delaney",Neutral
I fixed the volumes on deals  and  for the st.  Please take all other volumes on these deals to .  Thanks,Neutral
"FolksWe have had a cancellation for golf on Wednesday so we have an openspot......anyone interested? The tee time is : at the Chardonnay CountryClub Shakespeare Course. The fee is $ and includes the use of the cart.Please let us know right away if you want the spot.Thanks,Delaney",Informal
"Brent:  I wanted to inquire about SMUD.  After the legal/credit meeting, it sounded as though special deal language was going into the Schedule as opposed to the confirm for the Transaction.  Thanks.  Sara",Neutral
"Ken Raisler will be here on Monday, May  to conduct several training sessions for the weather and steel trading desks.  If you can work it into your schedule, please try and attend one or more of these sessions.  Brent will have further scheduling details.Mark",Formal
"I have been friends with Shelley Corman since .  We have worked together and maintained a personal friendship through the year.  Shelley is a kind and loving person.  She is active in her church and in charitable activities.  I met her husband, Kim Erb, in  and have been friends with Shelley and Kim as a couple since that time.  Both Shelley and Kim are loving parents to their sixyear old son Chad.  It has been a delight to watch them raise Chad to be such a fine young man.  I believe that their home would provide a terrific environment for an adopted child.SincerelyChristi Nicolay",Neutral
I think this is an excellent letter.  I agree with Sue's comments and have included her changes on Page .  All changes have been marked in this version.,Neutral
"Girl, so very sorry to hear about your relatives.  That is awful, such young people.  I will keep them and all of their their families in prayer.  If there is anything I can do to help, please let me know.  If you need help with the kids or anything.Also, sorry about the choir,  what's wrong with Doren, he's seems to be sick alot.  Greg will probably ""fire his ass"" this week for messing up his ""Big Day"" on Easter.  That's a shame!You mean to tell me you wore the new dress without the blouse/jacket.  That is wonderful, I told you not to worry about your arms.  You did look real good in the dress, the colors were beautiful. We need to shop together more often.Yes, I will be at choir tonight.See you then!",Informal
"Barry,  Attached are redlines of the docs with the changes we discussed today.  Please pay special note to the Maximum Daily Deliverability Quantity of the Confirm.  I want to discuss how this limits us and what flexibility this section needs.  Please review and lets discuss.",Neutral
"Hello KayI need some free legal advice and you are my favorite attorney.  I'll buyyou a drink as payment in kind.Try and remember El Paso work in Arizona.  Arizona has statue that says youmust make a twenty day preliminary notice to file a lien.  If you don't filesuch notice you waive your right to ever file a lien.  I remember this fromour previous work out there.We have a vendor who is supplying services to one of our subcontractors.  Hehas sent us a twenty day notice to file a lien.  There is no dispute but heis sending the notice anyway.  I understand all of that.My question is thisit asks for us (BE&K) to sign and acknowledge receiptof the notice.  It doesn't exactly read like I am required to acknowledgereceipt.  What do you think or remember?  Am I required to sign the noticeor not.  Minor point I know, but I'd rather not raise the flag inBirmingham.Thanks.  I really just want to hear from you and this is all I could come upwith for an excuse to write.Gerry Turner",Formal
"Yes he is.  This is just outrageous.  He gets elected to a brand new,sixyear term, and then jumps ship when its a  senate.  It's BS.PS  As per your request... Can you try to reserve a conference room atEnron.  (or just find out the details)  I'd like to have a board ofdirectors meeting in June.""Weldon, V. Charles"" wrote:>> Jeffords is a jerk.>",Neutral
"Vince,Congratulations on your promotion to Managing Director.Best wishes for your continued success.Bob",Formal
stop by my office.We want you in the new company.   We have really been trying to get you happy.,Informal
"If you have problems or, if you really would like a different version, let me know.  Just respond to this note or call me at .  If you prefer a printed copy or a nongraphic version, let me know that too.",Formal
"Mark: Although it's oftentimes difficult to quantify or establish a cause and effect relationship between PR and Enron's bottom line, the contributions that the PR Houston team made in mitigating the effects of the largest oil spill in Bolivia's history might be an exception to the rule.  As you know, Transredes experienced two oil spills that were classified as crises:  a  thousand barrel spill in January (Desaguadero) and a smaller one (Chorety) this past July.  In both instances, PR staff from Houston were dispatched to Bolivia to develop an lead a  crisis communication plan. The January crisis garnered enormous daily coverage and attention throughout the country and region. Under Dennis' leadership, an ambitious communication's plan was designed and implemented to mitigate the spill's repercussions in the international media and NGO community.  The failure to manage expectations was critical considering we were also building the Cuiaba pipeline at the same time. During this period, the Enron Stcok price continued to grow from somewhere in the 's to the 's. Had the team failed to communicate effectively to all constituents, this could have adversely affected our brand and stock pricesince the media and international NGO's were tracking our daily performance.   The ability to engage, counsel and coordinate across the business groups and organizations had a significant result on our ability to execute our plan.  Dennis was recognized by Shell, our partner in Transedres, for his leadership and personal commitment to the process during the January spill.  I played a similar role with the second crisis, which was far less significant than the first onethough it had the potential to become damaging.  During this whole period NGO's have tried to undermine our financing efforts at OPIC and the InterAmerican Development Bank, so failure to live up to our enviormental and humanitarian commitments could have been disasterous.   Hopefully, you'll find this useful.   Keith",Formal
"Dorie,I think this looks good.  I have two tweaks:On the ""Let me be clear"" sentence, I'd delete the ""let me be clear"" introduction.  I think the last sentence speaks for itself.  In the last sentence, why not conclude by saying that if they don't pay, ""we will have no choice but to take further action on this matter"" and delete the reference to attorneys.Let me know if you have any questions.  Otherwise, it is good to go.Good luck!Michelle",Neutral
I received a message without further identification and I'm momentarily baffled.  Maybe the name rings a bell.  Thanks.  Sara,Neutral
"So didya hear the Blazers creamed the Nuggets last night? I always knew the Pacific Northwest would dominate in sports  they're not battling with that ol' Rocky Mountain High if ya know what I mean.Well I'm sorry I didn't get back to you yesterday  work was hectic and I knew that if I started an email to you it would either be halfassed or I'd never finish it. Well, I'm going for the former now, because I realized there would never be a good time to divulge the full and sordid details of what's happening around here, and all the while I wait, more and more important nuggets (get it!) of gossip are accumulating.So it's quite appropriate that you wrote yesterday with roommate issues  mine could not be worse. Amber took off for the ""library"" on Thursday night and came home.....four days later. After Molly and I had a mild freakout session on Friday  which included calling everybody she's every known, including Chris and the police  we heard through the grapevine that Marky McCulloch, of Neidermeyer cousin fame, was in town from none other than Denver and the two were having a secret and JamesBondlike rendezvous at the beach. Well that was all well and fine, other than the fact that she DIDN'T TELL US SHE WAS LEAVING and we had been planning a housewarming party this weekend for the past month and she DIDN'T TELL US SHE WAS LEAVING and she moved kitty into the house but still hasn't told our landlords or paid the $ deposit, oh, and also, SHE DIDN'T TELL US SHE WAS LEAVING. So many things were wrong and bizarre about that, but none more than her attitude when she walked in the door Monday afternoon. Let's just say I spared no lung muscles in telling her exactly what I thought about her selfish, childish, idiotic, and most importantly, psychotically selfimportant behavior. She had the gall to defensively scream back that she didn't tell us BECAUSE SHE DIDN'T WANT TO LIE. Hmmmm. Not only did she not want to lie  how sweet  but she couldn't have told us because Molly and I have suddenly developed an insatiable urge to spread fervent and widespread rumors about Amber's love trysts. Now, I KNOW there's nothing I'd rather be doing.Anyway, enough of that. She and I have reached an understanding that just because we're roommates does not mean we have to be friends. We've never been good at that anyhow. In other news, we had an amazing housewarming party. I really wish you could have been there. Molly and I didn't know  percent of the people there, which is a good thing because it meant they were all interesting, successful, gracious and cute. I think there were about four girls there  you could tell who planned the party. Sadly, no love connections were made that evening, but I've decided that's my new M.O.  keep 'em guessing. My friend Michael from Maui who now lives in Seattle came down with his friend Jordan who happens to be hot and writing an article for Food & Wine magazine. Very interesting guy, but potentially in the closet, so I'm keeping my distance. But they invited me up to Seattle next weekend for a fivecourse meal and $ bottles of wine at some Microsoft dude's mansion. Definitely sounds like my crowd. Should I wear my dirty jeans or my clean jeans?I've got my eye on flights to Denver, but right now it's looking like the end of March before I can scrape up that kind of cash. Amber on the other hand will be there five times before that because some psycho over there keeps buying her tickets. That's fair for ya.Okay, that's all I can do for now, but call me tonight and we'll do the rumor mill justice. Take care and hang in there  we'll be booting a roommate soon if you feel like coming back to Portland.Kate",Very Informal
"Hi Frank,Thanks for taking care of the password changes for our real time group.  Things are still very up in the air here. We hear new developments nearly on a daily basis, and so much remains unknown. I am in kind of a wait and see mode.Thank you for asking!Cara",Neutral
I missed you and your wiseass comments.  Glad you're back.,Very Informal
"Attached for your review and approval are the press release announcing the merger plan with Azurix and a Q&A document.  Both have been approved by Mark Metts and Lance Schuler.  Pending signature of the merger agreement tonight, we plan to release concurrently with Azurix before the market opens tomorrow morning.If you have any comments or changes, please call Mark Palmer at x before  a.m. tomorrow.Thank you.Karen",Formal
"I will be out of the office and unable to check my email until Monday, October .  If you require immediate assistance, please call Heidi DuBose at () .Tyrell Harrison",Formal
That's a fair question and I'll need to talk with daren on that I'll get back to you ASAP.,Informal
"I will be on vacation the week of July th through July st.  If you have any risk questions, please refer them to  Dave Baumbach. If you need to get in touch with me you can try my cell phone",Formal
"Hello all:Unfortunately, in the last two weeks we have had two of our Research ""chairs""disappear from their location.  We have reported this to Security, but in alllikelihood they will be almost impossible to locate. Facilities has told us that they are not responsible for missing chairs and wewill have to order new ones.   Since they are very expensive,  we have decided to ""mark"" our chairs underneath the seat with a location or name.  Sam is going to order some ""silver or white"" markers and we will begin marking each chair.It is a shame we have to do this, but know of no other alternative.  We will let you know when this will take place.Thanks!Shirley",Formal
"As you already know, it's that time again.  Since I am leaving on vacation Friday morning, please use the system to input your suggested reviewers no later than noon tomorrow (Thursday) so that I can approve them and get the process started before I leave.  Sorry for the inconvenience.Mark",Formal
"Kate, can you please ask Matt about expiry time, the deal strip says : AM it should be : PM on both.  thanks",Neutral
Attached is the update slides for Tuesday.  Chris as you will see Phase  needs some bullet point description.  If you don't have a chance to fill in I will come up with something.  You can reach me at x.  Thanks,Neutral
larry further to our discussion this morning attached the powers of attorney that I discussed we would like to get them executed so that we would in a position to sign the sale sale agreement today. I am currently working on the resolutions.David Minns,Neutral
The meeting today will be displayed on the Plasma Screens starting at : am (pst).  As we have a limited number of  connections to Houston for this meeting please view the meeting from this area if possible. Regards Dave,Formal
All of the leads are in a PRC meeting today...do you think that means we don't need to do our accomplishments?,Informal
"We've updated the Merger Q&A document on our Enron Updates site , as a result of the many questions you've had concerning the merger between Enron and Dynegy. Questions addressed include those about Enron stock options, benefits and immigration status. Please stay tuned for additional updates.",Formal
Attached please find the modified Transaction Agreement which has been revised to reflect the matters you discussed earlier today.  I modified the third item relating to prior approval by Ormet of incremental costs to cover the situation that such transportation or supply becomes unavailable during the period Enron is obtaining Ormet's prior approval.,Neutral
"Caminus Zai*net Risk Management Training  Noncommercial (optional attendees) may not have handson oppurtunity, depending on number of participants.  However, it may still provide you with a better understanding of the system and the risks being mitigated.",Neutral
"See the attached.  Enron Corp. has already authorized Brian Cherry to add Enron to the list of parties at the end of the document.  I recommend TW do the same.  I propose that we ask Brian to add TW to the list, with a footnote that we support the transmission proposal only and do not oppose the other parts of the term sheet.  (I propose this out of an abundance of caution because in one part of the document Brian states the parties have agreed on comprehensive settlement, but later in the document he states that the parties aren't fully committed yet.)  If he will not agree to do this, then I would suggest we leave TW off the list and file a letter with the CPUC along the lines of what I circulated yesterday, with additional language supporting the motion for extension of time.  Let me know what you think.",Neutral
We have received the executed EEI Master Power Purchase and Sale Agreement dated // from the referenced CP.  Copies will be distributed to Legal and Credit.,Formal
"Men, Last night I ate my leftover NitNoi yellow chicken curry, mmmm..mmmm..Now it wants out. Yes, I'm bored and prohkrasstinayting(E spelling).  must go NOW! C.",Informal
"I just  spoke to Jeff and he is interested in talking to you.  He saw your name on some kind of list for ""redeployment"" and asked if I knew you.   The job is in his fundamental analysis group.  He wants you to send your resume today.Pete",Neutral
"Understanding there won't be a call on Monday, here's a draft of the auction slides that we've been working on for folks to review.",Neutral
"Mark, attached is a Business Review format which may (or may not) be helpful for your Business Review Meeting.  Please take a look and see what you think.  Let me know.",Neutral
"On the evening of December th, we will be moving.  You will receive packing directions for your desk the week of the move.  Boxes and moving labels will be available on Wednesday, December .  Please see below for your new work location.  If you have any questions, please contact your group Assistant.",Formal
"Enron has consented to allow the Federal Bureau of Investigation to search the Enron Building and to interview employees regarding allegations of document destruction.  The company encourages all employees to fully cooperate with the FBI.The company has retained Michael Levy and his law firm Swidler, Berlin, Shereff, Friedman, to advise any employee regarding this matter and to be present with them during any interviews by government investigators.  If you would like to speak with an attorney, please contact Ned Crady of the Legal Department at  or contact Michael Levy's office in Washington, D.C. at  and they will direct you to him here in Houston.",Very Formal
"Hi, Elise.  Sorry to bother you, but when Kali was unwrapping her presents last night, there were two without cards or tags (probably lost in transit!!).  We narrowed it down to Laura and Sofi.  So that we can get the thank you notes correct, did Laura give Kali  a Skipper doll or a bath set in a blue bag?  Thanks for your help.SusanP.S. We ended up selling  boxes at the booth on Saturday.",Informal
our defense is holding us back.  they make me sick.  if we had a defense like baltimore we would be superbowl favorites.  i will try to fly in on that friday.  i am going to take fri and mon off.,Informal
"look at you...such a hoax spreader...haanyway, i was so busy yesterday i didn't have a chance to do anything about it anyway. so no harm, no foul.  how are you doing?  as for Enron, as you well know our stock's not doing so great these days, but i'm not overly stressed...we are still a sound company and shouldn't have any difficulty rebounding from this to a certain extent....i'm actually thinking about buying in to a greater extent at these levels.can't wait to hear how your preparations are coming along...for the wedding and the move.  btw, have you set a firm date yet?talk to you soon,Susan",Informal
"I'm scheduled to meet with Kari at : PST tomorrow, ostensibly to talk about demand buydown.  Also presume to message the letter from Steve Kean to the Senators and our solution (perhaps in advance of meetings, phone calls that might take place later in the week with legislative leaders).  But would like to add to agenda for discussion on tomorrow's daily call in the event folks have additional suggestions.Best,Jeff",Formal
"Baby, I'm going to San Francisco on Aug ?(Sunday) returning Wednesday.  Wanna go??",Very Informal
I have your list and will be sending you an email shortly.Thanks.,Neutral
"Attached is an agenda and attendee list for the December  Enron Wholesale Services Group PRC meeting.  The first part of this meeting will involve a  review of  the PRC results below VP in ENA, EIM, EGM and ENW, in addition to a discussion and approval of promotion nominations.  The VP preranking will begin at  :am and will include preranking of VP's in ENA, EIM, EGM, ENW, CALME, ESA and APACHI.Please note on the attendee list which part of the meeting you need to attend.The meeting is at the St. Regis Hotel; however, please note a change to the Colonnade Room.Should you have any questions regarding this meeting, please contact Sheila Knudsen at X in Houston.",Very Formal
"You forget that I have a sisterinlaw with many single women friends beyond the age of  who actually have attempted to change their dating luck with this book.  I think the very fact they read/apply this book is a great indication of why they are still unattached.  Everybody knows the fastest way to a man's heart is through espn and college football the prerequisite being of course the lady has the Southern charm/accent, blonde hair and preferably blue eyes (but hazel will do in a pinch assuming everything else is there).  See, men are not that selective or demanding.",Very Informal
"Who do you think I would need to call about setting up a concession stand in a county building? ""The county"" is not an appropriate response.",Neutral
"I just got a phone call from Mike Garred, a commodity trader for New Power Company.  He said they were some Enron / JV.  Whatever he needs to trade with us, LC or whatever, he's rearing to go ASAP.  He is wondering where his application is in the online process.  He is very eager to trade power & gas.  His phone no. is .  He said his email says he's not in, but leave him a message he's checking them regularly.  His Credit person is Steve Nolan, located in Connecticut at /.",Neutral
we lost by  i think.  i can't wait until softball is over.  i cant stand the two older guys on the team.  one of them got mad and was kicking a trash can and throwing his glove around.  don't leave me hanging out there again with some of those freaks.  i can't take it.,Very Informal
"We are considering these gentlemen as potential arbitrators.  Judge Davies is a retired judge of the federal district in California.  William Webster, formerly federal judge and Director of the CIA, is now a partner with Milbank in its Washington office.  Please let me know if you have had any contact with Judge Davies or Mr. Webster, and also please describe generally Milbank's past and current representation for your operating company.  Thanks for your help.",Formal
"Rick,I want to bring  Aram Sogomonian back to Enron at s VP level.According to new human resources procedures this decision requiresa support of three senior executives.I want to ask you to express your opinion on Aram (based on a phone interviewor just on your past interactions with him). You can send a reply to Norma Villarreal at H/R.Thanks.Vince",Formal
"Dear Vince:?I am in a somewhat delicate position. One of the  people in the group here has asked me to introduce him to you.? As an El  Paso vice president, I should not have agreed to do this, and frankly, the guy  should not have asked.? But he is clearly very unhappy at El Paso, so, as a  human being, I felt it was appropriate. Also, because this guy would have  contacted you anyway, with or without my introduction, as a professional  courtesy, I would like you to benefit from my experience with this  fellow.?The guy's name is Joao Neves (Portugese).? I  think he is reasonably bright and seems to have a quite deep understanding of  general finance and financial mathematics. He is a manager and feels very  frustrated because he had hoped to be promoted to a position of authority.  Instead the group's M.D. brought in two PriceWaterhouseCoopers consultants as  V.P's to run the structuring and quant sides of the group. In this respect, I  can understand his unhappiness. Unfortunately for him, however, I also think it  is in his nature to whine.? I have observed him to bad mouth lots of people  starting with the IT guys (ok, that's perhaps not much an indictment!) all the  way to dismissing Broadie & Glasserman's or Eduardo Schwartz' works as  shoddy or shallow.? He does not seem to suffer well people he considers  fools.? Caveat Emptor, therefore! Having said all this, I do want to  emphasize that he is a bright guy, is very pleasant with me, and, perhaps given  the appropriate environment and supervision, might be quite productive.?  But don't take my word for it. Talk to him, and see what you think.?  Obviously, I would ask that you keep these comments in confidence. I have given  you an honest assessment  brutally so.?'Nuff said! I have fulfilled my moral obligations  both to Joao and to you.?Best Regards,Grant.",Informal
"After all of the chaos and discontent over the AEP / HPL situation, I thought I would convey some first hand comment in regard to Bob Hall.  Every person that has spoken to me about the AEP / HPL situation, has had nothing but praise for the fair and compassionate way that Bob has dealt with some very difficult situations.  Through my personal observations, I know that he has also done a great job of keeping the ultimate goal of a June closing on track, in the face of  huge obstacles.Since this is PRC time, I thought I would share this with you.If you have any questions or would like some more particulars, please feel to give me a call at x or shoot me an email.",Formal
"hi emily,i left fairly quickly on friday night  sorry i didn't say goodbye  i was in a strange mood, maybe being sick and drunk?  anyway, i feel like i should have socialized more there and regret not talking to janice more, but it was great to see earls people outside of earls amongst friends.  why don't we go to YIM instead of the Space?  i'm happy to go to yoga with other people instead of alone and i can go to any yoga class and enjoy myself, although rockne gets on my nerves if i let him.  i think janice wants to come too?  congratulations on passing all of your courses.  i found graduating to be somewhat anticlimactic  i wish you had a ceremony to go to, but maybe things are different in canada.  i finished reading tuesdays with morrie  great book  it's good to be reminded of certain things in life.  i did get your call last night but deleted your home number.  i called your cell, but no one answered and there was no voice mail for some reason.  can you send on your home number?   	 c ",Informal
"Les, we were unable to find power at a reasonable rate for the  HE  MW schedule so we therefore we just didn't show up in the PX for that hour.  The only offer we recieved was for $ which I felt was too steep to pay.  It turned out well however as the PX price was $ and there was no cong at Mead so we saved them a little money by not buying the $.  Just thought I would let you know.",Neutral
If you are having problems with printing the attachment.  You may have to select your local printer from the Print menu.  (File/Print/Select Printer),Formal
"Can you please add David Minns, a lawyer from our Australia office as an auhorized person with full privileges to the Master Swap Agreement Database (of course, only I should have keyword change and deletion ability).",Formal
Sounds to me like this guy is full of shit!.   As seems to be typical for most of those retards that used to work for Wilshire.,Very Informal
"All of these deals had their facilities changed by logistics on the last two days.  I have reiterated to Lisa Kinsey the importance of her group letting us know when they make a change in facility.  All of these were physical basis trades, so they came at contract  the desk price difference is not more than . on any of the deals.  OA therefore should be minimal.PL",Neutral
Russell:Susan gave me the draft ISDA to review.  The Guaranty taht was signed in January is deficient in that I don't feel that it adequately describes financial derivatives and the termination provision doesn't work.  How do you want to proceed?Carol,Neutral
Hi!          It's great to hear from you!  I am so happy you are back at Enron.  I would love to go to dinner with you and Cindy and catch up.  It's hard for me to go to lunch these days due to EOL.  They bring lunch in everyday and we generally stay in to run our products.  Just let me know when & where you two can meet.  Maybe we can do it soon and  celebrate the upcoming  holiday season!  Take care!                                                                                                                                    Andy,Formal
"Thanks for your notes.  Just so you know, I have the Polo Sport perfume and a Victoria's Secret gift certificate for Emily.  Were there lists for you and Dad?  I can't seem to find them.",Informal
"Herman and Rose,Thank you so much for the presentation yesterday concerning accounting/financing issues in power development projects.  The presentation was extremely clear and informative.  The whole group stayed interested, which is a tribute to your preparation and delivery.Kay",Formal
The topic will the the western natural gas market.  I may have overhead slides.  I will bring handouts.,Neutral
"That's terrible about your mom.  It sounds like she will have a very roughroad ahead.  I am so sorry.  We will be praying for her.  It must beterrible too to have to wait to get into MD Anderson.  Please give her ourbest and keep us posted, I am not familiar with that kind of cancer.I'm glad you were a winner in Vegas.  When's your next trip?  We arrive inHouston on July th, then go on the family vacation July    and departHouston on th th.  We were hoping to get together with you all the fridayafter the th (the th??, I think).  Just let us know!We have just spent the whole morning trying to install the wiring in thewalls of the break room for the internal vacuum system.  You have to run thewires thru the plastic pipes that are in the walls and sometimes, like todaythey just want go...so Armin had to destroy some of the wall.  It shouldhave only been an hour job, but it turned into  hours!  All of our workers,except Claudia are on vacation this week, so we are trying to get some workdone on our house.  there's so much work and sooooo little time.Now it's time for lunch...write when you can!Connie",Informal
"I was just speaking to Ed Sacks, and he asked if we could add a new Credit person to our distribution lists, Wendy Conwell, who will be working with Ed on the power counterparties.  Her ext. is .",Neutral
"Bob,  Attached is the form of Agreement we need to use for ForeRunner.  It is the same form we used for High Mountain.  We need to make sure it reflects design and engineering services provided.  We will also need a Tasking Letter.  Ken Choyce should be able to provide a contract at ForeRunner as well as scope of work.  Let me know if you have any questions.  Thanks.",Formal
"I've dragged you to two country concerts, so you can pick this one.  Either is fine with me.  I promise.  Mom and I did have a good weekend.  We were laughing last night b/c we really didn't do anything.  We just sat around and talked and watched movies all weekend.  She said to tell you she's sorry she ruined your weekend.  I told her you didn't mind that she was here.  What'd you end up doing last night?Talk to ya later,Robin",Informal
Nice pic. I don't know if I would let him put his arm around my wife.PL,Very Informal
"Hello, I noticed you carried several of the  Zoom Zins.  Any chance you have the  year old vines version?  Please advise,John",Informal
Are you alive? How is your health? Is stress a big part of your life?Hope all is well. You are doing a great job there for us but if it gets to be too much we'll try to help. I noticed that west power has already made a fortune this year so it must be crazy. Rick,Informal
I have attached a copy of the draft response to John Pope's December th letter to Dick Ingersoll.  Please call me with your comments.  We need to send this letter by Friday.,Formal
"As promised but late.  Any comments please send them to myself and David.Regards,Jim",Neutral
"I have not yet done the performance reviews for several people in the group.  They are due by the th.  Please schedule  min. for me with each of Sara, Mary, Brent, Carol and Bob Bruce on Tuesday afternoon or Wednesday morning.",Neutral
"We have developed an intranet site/database for information tracking purposes for the California Power Issue. The intranet site will be placed on the home.enron.com webpage by Tuesday morning for all Enron employees to access. However, today, this comprehensive database is available to you for your California Power Issue needs. The database has been populated with the latest information that I have received concerning this topic and has been broken down in three categories:California Power Issues, National Power Issues and Secured Documents. It has then been broken down further into subcategories.The secured documents sections will only be accessible to those that are receiving this email. Please let me know if you believe others should have access to this information. The secured document section contains all the information that I have received that Luntz Consulting has helped us develop, i.e. principals, statements, speeches and facts, as well as, talking points and other statements developed internally. These documents can be easily switched to open access to all Enron employees if you believe that these documents should not be restricted.To access the intranet site you must be logged on to the network and then go to this link:    (It is best if you copy this link and paste it in your internet Explorer or Netscape browser.)Once you are at this site you will  be able to access all articles and information that I have collected/received concerning the California Power Issue. You can navigate the site by using the links on the left hand side of the screen. While navigating this site, keep in mind that the actual interface will be changed before we go live on Tuesday morning. To access the secured documents, click on secured documents and type in your user name, which is the same as if you are logging onto the network, and then type in your password, which is the same as if you are logging onto the network. However, if you have difficulties entering this site, you will need to change your Lotus internet password. Which is very simple to do and which you will need to do regardless if you decide to use this site or not, it is all part of the current computer migration. To change your internet password, go to this link  and then hit the edit person key. Go to the last field that says internet password and type in whatever password you would like, preferably your current network login password. (In the internet password section you will see a bunch of numbers and letters, delete those and enter your new network password.) There are still some bugs that will be worked out by Tuesday, but I thought since this is such a fast moving issue it was best to get this tool out so it could be used when needed. If you have any questions, please call me at .Thanks,Gavin",Formal
"Judy,We missed you all last night  I wanted to inform you of two things:. Bible study is lesson  for Sabbath. Sunday there is a Baby Shower at : for Melinda  do hope we canhave a good turnout.Hope to see you Friday night for Youth Service.  Have a nice day.BarbBarbara Burrell",Informal
"Ahmad,Thank you for the email.  I enjoyed our visit very much.  I wanted to thank you for taking the time especially during your weekend to spend time away from your family.  I learned a lot during the trip and I believe in the Dolphin project.  I also liked many other of the project Rick's team has put together in the Middle East.I promised you some of the speeches that I have delivered and attached below are  different ones that illustrate Enron's view of the future.Thanks again.MikeAhmad AlSayegh <asayegh@emirates.net.ae> on // :: PMTo: mike.mcconnell@enron.comcc:  Subject: visit to abudhabiDear Mike ,Thank you for taking the time to visit with us in Abudhabi .  We? hope that we can continue to?strengthen our relationship through  project Dolphin and your visit reassured us of Enron's commitment.Ahmed Al Sayegh",Neutral
We have received the executed Letter Agreement dated // amending the Electronic Trading Agreement with the referenced Counterparty.  Copies will be distributed.,Very Formal
"Have you started to set up any new books for NetCo. yet?Do you guys think we should all use the same book and portfolio codes this time to make minibooks easier?Also, I think we should have some consistency in book names (make them more descriptive).  any other suggestions?KK",Informal
"Late on October th, we received information about a nonspecific threat to the Enron Center.  We communicated with law enforcement officials who found the threat unsubstantiated and without merit.  Nonetheless we take all threats seriously and have increased the security presence at the Enron Center still further.  Once again, if you observe suspicious behavior, please call security at .",Very Formal
"Attached are nonpayments for power,gas, and financial settlements.  These are as of : a.m. today.  We will update these throughout the day.  Thanks, Leslie",Formal
"Hi Cindy,Any more sign ups from Enron?  I'm thinking of sending  a reminder out in the next day or so, and I wanted to see if you  have anyone other than me, Heather and Anne.Thanks,Kay",Neutral
"Diana,I have release a new version of Real Time to Estate Stage.  In the bottom left hand corner you can now select the portfolios which you want to see.  Please take a look at it and let me know how it goes.Regards,Will",Formal
"mom said you weren't feeling well.  i just wanted to send you an email to see how you are doing.  i hope you feel better.  hopefully you will be able to make it to denver.  this should make you feel better, i am still terrible at golf.  i shot a  the other day, so i think you can still take me.  i will be in vegas this weekend for a bachelor party but i will try to call next week.",Informal
"Tana,Hi.  Can I duck out?  I need to work most Saturdays, so I probably shouldn'tbe on the roster for Church Gormet for a while.Sorryit's my loss entirely.  John",Informal
"Hello all,Here is a credit worksheet for a deamed ISDA that Mary and I were pondering over this morning.  Please copy me on any distributions that become of this.ThanksBrant",Formal
The construction team has told us that your new offices will be ready some time next week.  Joya will be in touch to schedule your moves into your new homes!,Neutral
"We know you have questions about recent events impacting Enron and our plans for the future.  Ongoing investigations and pending litigation have made it difficult, if not impossible, to share information in a timely manner.  While we can't address certain issues, we can tell you about our initial plans to move Enron forward and emerge from bankruptcy, and we are eager to do that.We had planned to hold an allemployee meeting tomorrow, January , at the Hyatt Regency.  However, we don't want to subject you to the media frenzy that would certainly surround such a meeting, so we've decided to postpone it.  We are currently making arrangements to hold a series of employee meetings within the building to protect your privacy.  We will provide the date and times to you as soon as the logistics for those meetings are finalized.Prior to the employee meetings, we will provide an overview of Enron's new organizational structure.  You can expect that memo shortly.",Very Formal
"That's great.  What about deal ?  We have $. and we are being billed $. for meter  on contract .  Also, I faxed the Oct  TXU invoices to Trisha Hughes so she can look into the Dec  and forward problem.Megan",Neutral
I just looked over your draft of the fundamental operating standards again.  I think they are very good and I am just worried about completeness (what are we missing).  One thing that occurs to me is logistics and somehow reconciling planned physical activity to scheduled activity to actual recorded and settled activity.  Is this covered somehow??  Hope all is well.,Neutral
"I have spoke to Jeff Harbert about the use of ""Fallback Reference Price"" in the confirms and the need for an additional provision addressing ""Postponement"" (which will override our defintion of Postponement in the Master Agreement).  Please take note of this in preparing new confirms.  I have appropriate language.  Please call if you have any questions.  Sara",Formal
"Kim:  Kristen and I will be reviewing and making enhancements to this before we meet next week, but here is the sheet as it stands, now.ThanksAnne",Neutral
"Jeff, I wouldn't be too concerned about calling youknowwho an asshole.  I don't think it hurt ""W"" too much, and it gave us all something to talk and/or chuckle about.  I am very fond of using it myself, but my favorites are ""dickhead"" and ""dickbrain.""  In fact, I used them so frequently that my husband urged me to use a Spanish translation, which turned out to be Ricardo Cabeza and Ricardo Sesos (pronounced ""saysos"").  Please feel free to use those anytime you feel the urge.Seriously, thanks for the good things that are happening at our company.  The stock is looking better, and us old folks appreciate that.  Hope you are taking time to enjoy life as well.  Are you doing the MS this year?  Good luck in all your endeavors.  Fondly, Peggy",Informal
"it was ok.  i went to austin fri night and watched the ut game on sat.  how was that wedding?  was it worth going up to neckville, oklahoma? are you hitting the town this week?  let me know if you want to go get a drink.",Very Informal
"Sara,Hope all is well by you.Attached is a marked and clean draft of the confirmation for the SwapTransaction, revised to reflect our discussion on your comments. I note thatthe confirmation retains the Change in Law provision (with marked changes)for this Transaction. We agree to discuss further the Change in Lawprovision in respect of future Transactions. Please call/email me with anycomments.Regards",Formal
"In Congress' final effort to pass remaining appropriations bills this year, there have been rumors circulating that an attempt may be made to soemhow insert pipeline safety legislation.  While several members have kept the issue on their ""wish lists"" of items they would like to see in lastminute appropriations legislation, most would prefer that pipeline safety be dealt with in the next Congress  see the attached article referencing Sen. John McCain's desire to handle it next year.  I would consider it highly unlikely to see pipeline safety included in the final package.MCCAIN WANTS PIPELINE SAFETY BILL OUT OF FINAL SPENDING PACKAGE:Senate Commerce Committee Chairman John McCain, RAriz., has asked the Senate leadership to keep a pipeline safety overhaul out of the final appropriations bill. In a letter to Majority Leader Trent Lott, Miss., and Appropriations Committee Chairman Ted Stevens, RAlaska, McCain expressed reservations about inclusion of the pipeline bill (S ), which the Senate passed by unanimous consent on Sept. . McCain wrote that while he supports the legislation, he does not want authorizing provisions in the final appropriations bill. He added that the legislation ""is the product of months of work and bipartisan negotiations by the Senate Commerce Committee ... and should in no way be weakened to appease organized labor or any other special interest group."" The measure failed in the House Oct. . The  vote fell short of the twothirds majority required for passage under suspension of the rules.",Formal
"Dear Ken,We are in the process of trying to arrange a conference call with you oneither Tuesday or Wednesday of next week to discuss the paper which isattached.  ( I'm sending it along now so that you have some time to look atit.)We will be doing this by conference call and once we set a time to talk withyou, will give you the number to call.  (To set up a time, your office cancontact my assistant, Valerie Petersen either at valerie.petersen@yale.eduor at)Look forward to speaking with you next week.",Formal
"All:  Sheila and I have been trying to coordinate the account(s) to receive the shares of the above entity.  I can't locate the company on the corporate database.  My understanding is that CF First Boston will receive the shares and then transfer to our Morgan account (upon our instructions).  CF First Boston has an Enron Corp. account (pre) and can open a subaccount for EIplc.  However, two () items are required:()  a letter of beneficiary ownership()  Is EIplc a regulated UK company?  If the answer is no, then it (or the company reporting for it) must provide a net  asset valuationHas someone in London already handled these issues?  If not, can one of you supply me with that information?  We have spoken with Andrew Bracken in London  at Thanks for your help.  Sara",Formal
Here is the Brian Kerrigan/Total Return Swap/Motown information discussed in our meeting today.,Neutral
"Rod:Here are their credit issues:. In the crossdefault language that want to add language that basically says that even if a crossdefault occurs, unless the NonDefaulting determines in good faith that performance by the Defaulting Party of its obligations under the Master is ""endangered"", then no cross default is triggered.. In Credit Event Upon Merger we had commented that instaed of the ""materially weaker"" standard we wanted to specify that it meant being rated below BBB by S&P.  Do you feel strongly about this?  Alos, we usually have language that says that if an event like merger occurs and the transferee provides collateral to the other party in an amount that is satisfactory to such party, then a Credit Event Upon Merger is not triggered.  They did not want to add this carveout.  Are you okay with this?. They want a separate Event of Default that gets triggered if a MAC (below BBB) occurs.  We requested that it be out in the collateral threshold language.. They are saying that for ""operational"" purposes, they cannot agree to ""netting"".. They want as a category of Eligible Collateral governmental securities with a maturity of less than  year, valued at %.. In the CSA, if a dispute occurs with respect to either the calculation of Exposure or the calculation of the value of any colateral in connection with a party's request either for the transfer or return of collateral, normally the following procedures apply:a. the disputing party notifies the other party of the nature of the dispute by the close of business on the day following the day that the collateral request was made.b. the undisputed amount is transferred to the party making the requestc. the parties attempt to resolve the dispute by the ""Resolution Time"" and if a resolution is not reached, a recalculation of the Exposure is made and market quotations have to be obtained.We normally say that the Resolution Time is  Business Days after the dispute notice is given.  DB wants to shorten this period to  Business Day after the dispute notice is given which gives the parties less time to resolve the dispute on their own.  What do you think?. If a party holds cash as collateral, we normally say that interest earned is transferred on the first day of the month.  They want to change first to last.Let me know what you think.  I was hoping that some of these you could resolve with your counterpart at DB.Carol",Formal
Greg  here is Randy's resume. He is the guy I was telling you about on Friday as we were walking out of the building. I think he could make Enron a lot of money.Basil,Neutral
"Maybe we should have the GE call on Thursday, or maybe Friday am.",Neutral
There were a couple of cosmetic changes. This is it! Disregard the previous attachment.JAG,Neutral
"I will leave steve's situation for him to describe.  Needless to say as far as I am concerned he wasn't leaving with anybody but me.  I ran into your dad at the post office last night.  He was standing next to the mail slot crying.  It would be nice to live in Denver, just have to find a good job so that I can afford housing.PL",Formal
"Dear Bill,I am currently helping Milind Laad and Heidi Hellman establish a risk operations department for the India trading company.  I was wondering if you would have  minutes to meet with me sometime this week to discuss how you see India moving forward and in what time frame as this would help me a great deal in determining what types of systems, processes, and controls we should set up.Thanks,Shona",Formal
saban should tell him don't let the door hit you in the ass on the way out.,Very Informal
"Not at all!  Fawcett's the antsy one; he is anxious to use his new honorary law degree (ahem!).I agree it would be risky to indicate our wholehearted support of a settlement when the agreement has yet to be written.  It would be like giving SoCal a signed blank check (that's carte blancheto us lawyers), and we don't trust them that much.Once we've signed a real agreement, I do want to file something in support.  I'm just trying to plan ahead, is all.",Informal
"KathyIs soccer practice on for tonight?  It looks like it might be raining then.  Also, for the game on Sunday, what time do you want everyone to be there?ThanksSusan Pereira",Neutral
"John Van Gelder has recently transferred from EBSPortland to work in the West Origination group.John began working with Enron Energy Services as a summer intern in . In January , he started working with Enron Broadband Services, and was promoted from Associate to Manager while working with their Wholesale Origination group.John received his Bachelors degree in Mechanical Engineering at the University of Kansas and completed the Master's program at the University of Michigan's School of Business Administration.Please welcome John to our Portland office!Regards,Chris",Formal
"I assume when you say sick you were refering to Angelas friend.  If so, then no I didn't even touch her.  Angela actuall hates Nicole she says she is a ""fat ho"".  I have a very good story to tell you about what happened.",Informal
"Attached is an update of what has been complete and what is outstanding.  We are missing  valuations; Amerada Hess, LSI Preferred (We have the warrants), Merlin Credit Derivative and Chewco SLP.  Of the  privates plus Chewco SLP, we have proposal sheets and confirms for only .  The publics have all been received.We need to have the valuations, proposal sheets and confirms to Talon by Wednesday for their lawyers to review.  The deadline is still to have everything completed by this week.Please call me if you have any questions.Thanks,Gordon",Formal
"Beth Perlman, previously in charge of application development in Europe, has returned to Houston  to head up ENA's application development, as well as RAC and Treasury applications. Beth will report directly to Philippe Bibi.  In order to capitalize on the enhanced global approach that we have taken, Mark Pickering and Beth will have joint responsibility for the development groups that cross regional lines, including global products trading, power trading, and other common operations applications.Dan Bruce, previously in charge of RAC and Treasury applications, has assumed responsibility for IT support in the International regions as well as EE&CC and Asset Operations.Please join me in congratulating Beth & Dan on their new positions.Philippe BibiCTO",Neutral
what about those two?,Informal
This one has no volume but be careful.Why women can't be mechanics....,Informal
"As we all deal with the fallout from the California scene, I wanted to make sure everyone was aware of the recent report of the UK's National Audit Office (a highly creible organisation, along the lines of the US's General Accounting Office, even similar function; independent, too), saying that household electricity bills had been cut by  million pounds (if you are a Yank, multiply by . for dollars saved), since the industry was opened to competition two years ago.  Of course, much of this may be attributable to the divestment of assets in the oligopolistic generation sector, now competitive, but it is a very fari example of the benefits of competition and should be cited as a counterweight to those arguing that competition is a ""failed experiment"".  Paul Dawson, head of our UK regulatory team, can provide any necessary further insights./details.   mcs",Neutral
"Please see the attached work requests.Jim  Please verify that these will meet your needs.  Also, please note the request is a bit agressive regarding the fault information for the period.  We will know better what is available as we dig into the work.Thanks,Hollis",Neutral
"I have already notified all the exchanges we deal with of the name change, but the NYMEX says the brokers have to file some form with the CFTC, and they can't file that form until they receive the notice from us.",Neutral
"Dear Kenneth,As more and more companies move core business activities to the internet,security is becoming the number one obstacle.  The market today is turningtowards Public Key Infrastructure as the solution.  Xcert announces a free""Practical Guide to Public Key Infrastructure.""  You can pick up your  freecopy at the URL listed below:We hope it shows you about how PKI and Xcert can help you build trust withyour customers and partners on the Internet.Based in Walnut Creek, California, Xcert International is the premierdeveloper of Internet based public key infrastructure (PKI) technology.Xcerts solutions provide the ultimate Internet Security structure by goingbeyond existing security models such as firewalls, encryption and antivirussoftware. Xcert's products provide privacy and authenticity for conductingsecure Internet transactions and information sharing. Xcert develops,manufactures and distributes Certificate Authority (CA) and PKI solutionsthat use secure directory services to provide organizations and individualswith a secure and nonrepudiable method of communicating and trading witheach other over the Internet. We work with endcustomers, integrators, andcertificate service providers who are looking for a truly scalable,openstandards based, interoperable PKI solution that works over standardprotocols.We invite you to contact us at  to learn what more XcertInternational can do for you with internet PKI solutions.Sincerely,",Formal
are you burning up up there?  looks like it has been over .  i bought a new car.  i get it today.,Neutral
"Guys, pending the sale of the Wilton Centre unit, I would suggest that we not execute the gas balancing arrangement.  The parties should continue to operate and invoice based on the verbal agreement; however, lets not execute the agreement or put it in the data room.  We should represent to potential buyers that we have an interconnect agreement with Northern Border and have been accessing supply out of the Chicago spot market.All other gas supply/transport/balancing agreements for the other facilities (including the Northern Border interconnection and the ComEd reg cap deal) will be conveyed to the new buyers through the sale of the LLC.RegardsDelainey",Neutral
We have received the executed Master Power Purchase and Sale Agreement (EEI) dated // from the referenced CP.  Copies will be given to legal and credit.,Formal
"Please refer to the attached worksheet when charging/coding rd party fees & travel expense to Project Crane.  Please use the WBS element that corresponds to your group.  If your group is not represented in the structure, please call me at  so that I can add it.If your group has incurred any rd party fees/travel expense this year which was coded to your cost center, please let me know so that we can move those charges to this project #.Thanks,Rainier",Formal
"The topock Lat. is still dry as a bone at the Measurement station and at the SLX plant. See attached on liquids gathered for this months sample run. Results will follow as soon as the results come back. Thanks, Randy",Informal
"I am hosting drinks at my home and dinner at Champions Golf Club on Saturday, May  for my operations team and their spouses.  Greg and I talked about this today.  He asked me to email you so that you could put this on his calendar and said that you would email his wife to check the date as well.  If he and his wife are available, I will let you know details as it gets closer.  Thanks for your help.  Sally",Informal
"Jeff,I think Risk can do two things to improve the process:  have more of us involved in the process so they actually see the implications of booking deals incorrectly and actively following up on recurring problems.  This last one I am particularly bad about.  I will see a variance that is rather small and just take it without looking into the underlying cause more carefully.  I think the OA group in general should take a more active approach in preventing problems rather than just identifying them.  But I know that is easier said than done.DG",Neutral
"I took the large spreadsheet of data that we had before, and sorted the data so that I could just look at trades that took place offpeak (between : PM and : AM). Then, I sorted this data by counterparty, and looked at Hess's trading against us. It seems as though there are several clear occasions when they were bidding the price up, as shownin the graph within the spreadsheet.Tom",Neutral
I will be taking the next couple of days off.  I will be in town (or on Mt. Hood) and should be reachable by cell phone.  In the event that my cell phone gets turned off (which looks highly likely right now) I will steal my wife's cell phone and can be reached at .,Informal
"I keep forgetting to ask you, but I need to collect $ from each of you for Mike's boss's day present.  Thanks!Ina",Neutral
My cousin told me about chewing your ass out.  He was pretty embarassed as he is really a nice guy.,Very Informal
"Per my conversations with Mark Taylor, we should continue to put any weather trades done online under any relevant master agreement with the counterparty.  Further, there is no prohibition against doing a trade online with a counterparty when we do not have a master in place.  Any nonmaster trades would go under the respective GTC.  It appears to be only a coincidence that we are trading online only with counterparties we have masters in place with.",Neutral
"Everything other than the LDC business has been done in the name of HPL even if not physically located on HPL.  I want to start intiating transactions that are not physically on HPL in the name of ENA so they would not have to transfer as part of the sale (ie. Waha, Katy Tailgate and Carthaqe Hub).  I understand Dave Baumbach has arranged a meeting with you and Jeff Hodge to discuss.Thanks,Tom",Neutral
"Diana,I represent a firm which has specialized in energy and power marketplacement for over ten years.  I'm currently working with severalorganizations across the country looking for energy traders, coordinators,analysts and schedulers.  These are great opportunities to change locationor better ones position quickly.  I'd like to schedule a ten minutetelephone conversation to discuss these positions and determine whether ornot you may have interest or may be able to assist with these openings.Please reply or call me at  at your earliest convenience.  Ilook forward to speaking with you soon.Best Regards,Todd Kubicki",Formal
We have been requested to furnish a comprehensive list of staff still employed and reporting to the individuals listed as Cc's above.  Please email a list to me for dissemination to counsel to potential investors.  Please also indicate whether all these employees are intended for Netco or not.Angela D. Davis,Formal
"you say brister could make the all decade team throwing to rice and young couldn't?  that is not saying much for your boy.  he is better than brister, just not elway.",Informal
"Ok, i tried all day yesterday until  pm.  I was hoping that armin wouldhave some time to look at it with me last evening, but he was too busy withwork, so I went home.  I tried again today..no luck.  Maybe I have afirewall or something?!?!? you know I hate this kind of crapppp....it allshould just WORK!We had snow again this morning, but not too much, looks like someonespringled powder sugar on everything.  I'm ready for that to stop.  But atleast I didn't have to scrap ice off the car this morning!  I wish I hadjust one of the garages at the apartment that I have here!  I think Youcould easily park  cars in the warehouse!  I push the button drive in anddo circles!  But Armin will soon fill alot of it up with that work stuff ofhis.  He has my private garage full of insulation AND the automatic openerisn't installed yet...he has sooooo many projects to do!!I have a wonderful husband but I have the MOTHER IN LAW FROM HELL!!! She haspissed everyone off so bad that she can't find anyone that will except avacation in Greece with her.  Everyone that she has taken, she has workedthem to death and NO ONE is willing to go with her again.  I can't begin totell you how trully horrible this woman is!  And the worst part is... IT'SARMIN'S MOTHER!  It makes him so sad that she is so terrible.  Do you haveany in law problems?  Do they know you and everything?  I sure wish I didn#tknow mine.  Or they could just move permently to Greece, that would be good.Do your parents know Rayfael?  How are you parents?  Please tell them hellofor me!Well, gotta work some more!later,Connie",Informal
triggers are based upon scheduled volumethey are not going to agreeI know,Informal
"Per Lotus Notes, it looks like Susan Flynn sent them a draft on / and hasn't heard from them.  The name of the person she sent it to was Adrian Brabham.",Neutral
Thanks for your note.  I came through pretty much OK but my garage was flooded and my house turned into a little island there for a few hours.,Informal
We have had a request to change from a draft to an auction system for acquiring players.  Please take a look at  and take the links to the auction ( I think it is Auctions AZ) and let me know which option you think is better.,Neutral
"We sincerely regret to inform you of a tragedy that occurred earlier today.  Cliff Baxter passed away this morning.  Cliff gave many years of dedicated service to the company and his spirit and wit will be remembered.  Our thoughts and prayers go out to Cliff's wife, Carol, and his two children, J.C and Lauren.We know many of you will want to do something for Cliff's family.  We will notify you as soon as possible about the Baxter's wishes.",Formal
"The banks have given us the  green light on gas.  That means that they will be prepared to fund with the backup agreements only, even if the YPF GSA is being re negotiated or if we are in discussions with other suppliers.",Neutral
"Hi Monika, Sorry to keep doing this to you, but is :pm ok for you instead of ?",Informal
"A delay has been experienced in the receipt of Payroll Direct Deposit advices for today's payday.  Your Payroll Direct Deposit advice will be available on Monday afternoon.  To view your pay information today, please utilize eHRonline.  Please be assured that this delay did not impact the deposit of funds into your bank account.If you have any questions or can not access the eHRonline, please contact Payroll at .adr",Formal
"As you are aware, your business unit has been selected to participate in Project GEM (Global Enron Migration) for the rollout of Windows .  In preparation for this rollout, it is imperative that we gather information about your workstation and the applications you use.  To begin this data collection, we have automated the process.  In fact, your system has just been inventoried.   Once this information is received, we will be working with your local department coordinator to consolidate this information to ensure this transition is as smooth as possible.The GEM team would like to thank you for your participation.  If you have any questions, please contact Kacee Downey ().",Neutral
"I just spoke to Sara Shackleton and she approved opening FPL for all financial trading.  She has also been discussing the utilities with outside counsel and we may be able to open more up for trading.  She is going to bring a copy of my list to the Legal Conference and review it, so hopefully we'll have some more changes for you next week.",Neutral
"hey,long time no hear! how have you been? how was the trip?  i had fantastic time on my cruise. unfortunately, i got back on sunday and it was straight to work on monday.i'm assuming you didn't take up permanent residence in Belize, so, if you didn't, drop me a line.e",Informal
"Our next conference call will be held this Friday, August th at : a.m.New York time.  If you wish to participate, please call  andgive passcode ""US REG"" and leader is Stacy Carey.Stacy CareyDirector of U.S. Regulatory Policy",Formal
"We are in need of brown paper grocery bags in the kitchen areas to recycle newspaper.  If you have extra brown paper grocery bags at home, please bring them in and put them in the kitchen on your floor.  Thank you",Neutral
"Pete,Please have a look at the attached to see if it complies with the commercial standards you use today.The ND is the only product of importance for tonight  the remainder we can discuss tomorrow, if you prefer.Thanks,Dave",Neutral
"Rebecca We had a good meeting with OPIC last week.  They are sympathetic to our situation and inclined to support the PNT, with certain particular concerns stemming from the fact they are a government agency, as I am sure you have been briefed.  But an issue they raised  how do we plan to proceed so as to get the Indian players to the table as we move to issuance of PNT  is a critical one now to ponder as we ratchet up the signals through the legal steps we are taking. If I might, some thoughts on this process, and I hope they help your thinking.  .  My conversations with the Embassy last week indicate that they understand the message we are sending and are eager to get into a dialogue beyond the discussions with Wade about the invocation of the counter guarantee for each month's payment.  That is one reason they are eager to set up a meeting with Ken for the th with the Finance Minister. The Ambassador, I think reflecting a view of the Centre, was seeking assurances that we were not going to leave the country but remain engaged with them in seeking a ""typically convoluted Indian solution to the problem"" (His words).  I think at very senior levels the government does not want to be left having to sort out the solution themselves, while also bearing the international political ramifications of the departure of a major American investor.       So I think the Centre wants now to engage with us in a dialogue to find a solution.  But I think they do not know quite where we stand at this point and whether we want to talk.  The legal steps certainly can point to an intent to leave, and I think the Indians now need a signal from us  preferably in private. .  The Centre also does not genuinely know how to solve the problem.  So I think we need to have ready a proposal that can serve as the basis for concrete discussions, and that we not give up a lot in the process.  But we need to convey to the Centre that we have concrete ideas for solving the problem. .   There needs to be a political communication path between Delhi and Houston that parallels the legal/payment communication path Wade is so ably handling.  The Centre cannot differentiate the roles Wade is handling so I think they undervalue the more political messages.  They are looking for Ken and yourself to handle the higher level communications, or an agent directly representing you to do so.  Only such a person will be able to meet with the Finance Minister at the end of the month.  I understand Prabu is viewed as competent technically but not a power within the BJP, so a decision on negotiations will not be his.  The critical player at this point is Jashwant Singh, the Minister of Foreign Affairs, Defense and now also overseeing the Prime Minister's Office.  Sinha, the Finance Minister, will be more reluctant to engage on our issue because its politics are not in his realm  except for the finance issues.  But the timing of his visit and willingness to meet are positive to moving the dialogue forward.       .  The GOM is the real problem.  The Embassy made some interesting comments about this issue.  It noted that we had not really called upon the support of the USG to date, and then, without directly saying so,  encouraged us to get the President and his Administration to weigh in.  The objective, I think, is to provide ammunition for the Prime Minister to call Deshmuck in and direct him to negotiate in the national interest.  We also need to underscore to the Centre that we have a window and that negotiations need to go forward now before we get boxed into our respective corners.I hope this helps. Thanks John",Neutral
"Come chat with me when you get a chance.  I see you are not at your desk, as usual.",Informal
"I am out of the office  and will be returning Monday, November .  If you need immediate assistance with respect to power transactions, please contact Tracy Ngo, Ed Sacks, Wendy Conwell, or Kortney Brown.",Neutral
"Hi Kent,I believe this to be blacklined against the original document.  Please note there are some comments/questions included.Talk to you soon,Kay",Neutral
"As you are aware, your business unit has been selected to participate in Project GEM (Global Enron Migration) for the rollout of Windows .  In preparation for this rollout, it is imperative that we gather information about your workstation and the applications you use.  To begin this data collection, we have automated the process.  In fact, your system has just been inventoried.   Once this information is received, we will be working with your local department coordinator to consolidate this information to ensure this transition is as smooth as possible.The GEM team would like to thank you for your participation.  If you have any questions, please contact Jose Favela at ().",Formal
"and don't send me a message back saying ""we both know that's not true"" or ""no you don't"" or whatever else you say because it is true!",Informal
"Nancy,As difficult as this is to believe, we have been told that VEPCO wants Enron to take the first crack at the interconnection agreement.  Please put this on your list.  I will check around here to see if there is a form we want to use as a starting point.Thanks,Kay",Formal
"With deep regret we announce that Joe Sutton, Vice Chairman of Enron, has decided to leave the company.  Joe has indicated his desire to pursue other opportunities in the energy asset development and operations business.Joe has been instrumental in making Enron a global company.  We will miss his energy and enthusiasm.  We wish Joe the very best as he pursues new endeavors.Ken and Jeff",Formal
"Dave:I talked with the legal guys at Cinergy and after further discussions with Mike Cyrus, they felt that since these discussions were at a high level and very early in discussions that a ""CA"" at this time was not needed.  There were two sticking points that I was trying to get them to backdown from: ) a standstill agreement and ) a solicitation agreement.  They were not willing to back down from these, thus they concluded with suggesting no ""CA"".  Let me know if this is your thoughts as well.  Thanks!Ben",Informal
Anything that appears on the Genco DPR has already been recognized.  The amount in prudency is not a future reserve but the actual amount of prudency dollars that have been released into p&l.  Jenny.,Neutral
"Here's what I propose to send to the parties on the th.  Take a look, and think about whether it would be wise to do more selling in the first paragraph.  I propose that we get on the agenda for the March  meeting so that we have some time to approach individual parties first.  With your permission, I will forward this to Mr. Dasovich also.",Neutral
"Dave,  Attached is the work offer for M&H  please review.  There are a few blanks in the form.  Please provide any information you have available.",Formal
"Gareth's handwritten comments to the document are being delivered to each of you.  As mentioned in the memo accompanying that delivery, the riders are attached.Joyce for Gareth",Neutral
There are four of us that are not playing tomorrow?PL,Informal
"John,The fax is coming in as we speak.  Guess it takes a while to fax it to all those addresses.Would you mind call Jerry Jerry BoBerry and see what he will tell you is the substance of their issues, and share with him our issues.  I don't see a reason to kirk the whole clan for that experience.Thanks,Kay",Informal
"Daren, I am trying to process two invoices from Samson Resources Co. (Samson Lone Star Limited) for September  and October .  The volume is at Carthage Hub.  I have not been able to find this volume in Unify for either month.  Samson has faxed me their confirmation and your name is listed as the contact.  Do you know the Sitara number for these deals?  Thanks.Laurie Ellis",Neutral
"Group,Once again we are having issues with a lack of  detail in the day and night discussion notes.  Anytime there is a cut, whether you think it is insignificant or not, it must be mentioned in your note at the end of your shift.  This is true for any schedule that EPMI is involved in......EPE, preschedules, RT schedules.  Since all these schedules are now tagged, it would be helpful to mention the tag number in your note as well.  In general, the notes have been too brief and lack the detail that is necessary to resolve any after that fact.  Let's take the time to do them right and make everyone else's life a bit easier. Thanks,Jesse",Neutral
"Chris Germany:The Performance Assessment System (PAS) indicates that you have not submitted your self assessment yet.In order to complete your self assessment, please log onto the PAS system via  .  In the My Reviews section, click Edit Self Assessment and submit your self assessment.This message has been sent by an automated system.  If you feel you have received this message in error, please contact the HRGIM Help Desk at hrgim@enron.com.",Very Formal
Check out MSFT. Getting the shit kicked out of it.,Very Informal
"Late on October th, we received information about a nonspecific threat to the Enron Center.  We communicated with law enforcement officials who found the threat unsubstantiated and without merit.  Nonetheless we take all threats seriously and have increased the security presence at the Enron Center still further.  Once again, if you observe suspicious behavior, please call security at .",Very Formal
"Jeff:Great! Give me just a couple of days to confirm the exact date. Go ahead andwrite Lari to see when she is available as she'll probably be the hardestperson to juggle around.Now here is a question for you....Rob has been wanting to go up to RRR andcheck it out but he'd probably be / day on the beach as other nonridershave been with us in the past. Would this be ok with you or shall I schedulewith him for another time? I'm easy either way. Besides Rob the only otherpeople could possibly be Jeff or Alice as the girls (Nora, Kari, Pat) are hoton the summer show circuit. I could always ask, just let me know.Would you like me to call the B&B we stayed at and get their availability?What is the name?Madeleine",Informal
damn bitch.  just let me know when.,Very Informal
"I will be taking vacation next week (Jul Aug ).  I will be working on a volunteer project each morning from :  so if you need me please call my cell at .  I will be working from home in the afternoons each day and can be reached at home at .    Brad Holmes will be attending Stan's staff meeting for me and will brief everyone at the usual  AM time period.  We will not have a staff meeting on Wednesday.I will check my email around  AM each morning and then again throughout the afternoon.  I  will be in the office on Tuesday, Jul  starting at around : PM. Thanks and have a great weekend.",Neutral
"Michael:Attached for your immediate review is the form of Enron Corp. (""Enron"") guaranty which would be utilized to guaranty all financial trading obligations pursuant to an ISDA Master Agreement and transactions thereunder which would be entered into between Enron North America Corp. and ANZ Bank.  Jason Williams (in Enron's risk control group) asked that you receive a copy of Enron's form of guaranty if you had not already received one.  We are in the process of preparing a draft ISDA Master Agreement  and will forward it to you next week.  Please let us know if you have any questions.Samantha M. BoydSr. Legal Specialist",Formal
KevinI assume you know that you need a presentation for next week's offsite.  Can I see a copy ahead of time.Thanks John Lavorato,Formal
"The potential for freezing rain and hazardous road conditions may be present this evening and early tomorrow morning particularly in the northern and western parts of the city. Please monitor local news and weather forecasts and use your judgement to insure a safe commute. The Enron building will be open for business tomorrow, Wednesday, December th. If there should be any change of building status, notice will be given on the building hotline and accessible by calling .",Very Formal
"John, we did a deal with Peoples the comanage some of there assets.  We are actually setting up a Chicago office with them and sending some people to it.  You should call Jean Mrha and find out the structure.  If might help us with a structure with Unical.",Neutral
"Ken,  Attached is the form of compressor site lease agreement.  Please forward to all appropriate ROW agents.  This will be the form for screw compressor stations only.  The recips. will be a fee simple purchase and that form will follow shortly.",Neutral
"I spoke to Greg Johnston, one of the Canadian lawyers who is currently seconded here, and have determined the following:Imperial Oil Resources is an Alberta limited partnership.  All Canadian transactions are entered into with this counterparty.Imperial Oil Resources Limited is the General Partner of Imperial Oil Resources.  We do not transact business with this entity.",Formal
I verified the Wheatland test data in the reports.  Keep the MW's and Heat Rates I gave you.Rick,Neutral
It was really good talking to you the other day.  You've been on my mind for a while.  I hope you can come visit!,Informal
"How was the big weekend in Vegas?  I usually don't have to much luck at gambling but I like to do it nonetheless.  Did you win any money on the fight?  I had a blast the last time I went.  We stayed at the Paris hotel.  Very nice.  All those hotel employees saying ""Bon Jeur"" every  minutes did get a little tiring though.",Informal
"Hello,I am applying for the Power trader position offered in the monster.com. I have  year experience working as a real time power trader.Please find my resume attached for additional information.Thanks,Monika Causholli",Neutral
"Yes, I'm here finally.  What a fiasco!  I got here yesterday morning and no phone, computer or boxes.  Karen, my assistant had put in all the work requests, and Robin had come right behind her and cancelled them.  Go figure!  Anyway, Robin was out yesterday and today, so Karen had to start getting everything in place for me.  I got my computer at : and my phone right before lunch today.  I started to call Mark and ask if I could come back.  I guess eventually, it will all work out. Let's do lunch!Marie	Tana Jones	// : PM		 		 To: Marie Heard/HOU/ECT@ECT		 cc: 		 Subject: Are you there?",Informal
"Hi everyone.  Hope you all had a great Thanksgiving.We had a great time in Chicago and are waiting to seeif it will happen again next year :)  Just kiddingMichaela!Okay, we need everyone to put in their wish lists sosome of us can start our shopping.  Please try andgive a couple of suggestions for yourselvesnot justonein case we can't get something!  Also, I don'tthink all adults have put in suggestions for theirchildren.Once again, is it $. per couple and $. forchildren??????  Also, what about the gift for Mom andDad??  Hope to hear from you all soon!MeganBy the way, some suggestions for Ben and Ianything we registered for that we didn't get(RossSimons)Any Spode stuff (except glasses)I'll think of some other stuffDo You Yahoo!?Yahoo! Shopping  Thousands of Stores. Millions of Products.",Informal
"As uncomfortable as it sometimes is, I feel compelled to comment on what in my humble opinion are quite troubling statements, particularly when those statements come from the mouths of selfdescribed liberal, open minded, diversityloving hipsters.  I have a very hard time with stereotyping of any sort, and a very, very hard time when it comes from people I'm close to.  Believe it or not, in the past, I would have been much more aggressive about it.  Guess I've mellowed.  Sorry if it made things, well, fidgety.  (I've come to grips with the fact that deep down, I tend to trend toward socially libertarian and sometimes even anarchist viewsoh well.)Best,Jeff",Informal
"Here's a draft.  My suggestion is that we submit it to Rick in draft, then get comments from Sue and Sandy.    We don't have time for a lot of internal review.",Neutral
can you get me the number of our contact at the Delano.  I have a personal favor to ask them.john,Informal
did you and carolyn have a grammy party?   temptation island was dumb.  everyone went on their dates and hooked up.  next week looks good.,Informal
"Today was a very difficult day for us as market uncertainty continued.  Recent news reports, including The Wall Street Journal article today, have speculated about possible mergers, takeovers and equity investors as options that Enron is considering.  The reason you have not seen us responding to these reports is that it is our corporate policy not to comment on market speculation.  However, I will tell you that we are evaluating all options to protect the financial stability of this company.  I will keep you updated on developments as they occur.",Neutral
"Good Morning all!Cheryl has cancelled her vacation days for this week, and will be in the office today.  She will arrive around : am due to a personal appointment.  Thank you for your attention to this matter.  If I can be of any assistance, please call me at .  Thanks again,Keegan",Neutral
Attached is the agreement for printing on NBILP Letterhead.   The date is the same as the original CA.   Let me know if you have any questions.  If we could get this signed and faxed back today or first thing Monday that would be great.  Sorry about the delay.  My fax # is,Neutral
"We regret to announce that Amy Fitzpatrick will be leaving Enron's Portland office in September.  Amy's husband, Simon, has accepted a job in New Jersey, and it didn't make sense for them to ""commute"" coast to coast.  Amy will continue to work here for the next month or two to hire her replacement and to make sure that her responsibilities have been completely handed over.  We really appreciate having such long lead time to effectuate this transition.Amy has made tremendous contributions to our office over the last  months.  We really appreciate her efforts.  We realize that Amy has become integral to the efficient operation of the Portland office and want to make her transition as smooth as possible.  If you have any concerns or wish to get any issues on to the ""transition list"" please let your manager and/or Amy know.Tim Belden and Chris Calger",Formal
"Hi Honey,I hope you are having a good day, I sure enjoyed playing a bit this morning. (Although I had a little bout of blue bush) I just love having you around all the time. I don't want turkey for dinner, and since it's payday, I wanna take us out to dinner. Where would you like to go?  Or we can be turds again tonight and to to YOKO's tomorrow, or whatever.I am suddenly actually busy figuring out the estate VS the newcompany stuff, it is fun to be busy and needed.I love you very much and can't wait to see you tonight to show you the new license!Love,Cara Freeland",Informal
"Sorry for the late notice, but the cluster of people in suits are UO MBA students who are visiting our office to learn more about Enron.Happy Friday the th!",Formal
"The previous two nights I have attempted to split out the Positions and P&L as we discussed.  I now feel confident in the Positions part of this process (Mike's swaps in the Exotic book,  new blotters, etc.).  The P&L portion of the process has been significantly more difficult, but after working through last night , I will have the P&L completely split out by the end of today.Thanks for your help & patience,Errol",Neutral
"Mark, Julia and Kristina:We are planning to have Charles baptized on Sunday, September th and are having a luncheon at our house afterwards from .  My parents and younger sister will be in town and I would love for you to be able to meet them as well as see Charles of course.  I will be mailing invitations shortly, but thought that I would give you some advanced notice.  Don't worry if you can't make it as there will be plenty more opportunities to see Charles and of course you are always welcome to come out to the house for a visit.  Take care and see you soon I hope.Carol",Informal
"Attached is TVA language, to which I made a few changes.  Concept is fine, but before we start using and drop in confirm I will need to see the rest of a draft confirm that we use with TVA.",Neutral
"Andy,Thanks for giving me the opportunity to meet with you about the Analyst/ Associate program.  I enjoyed talking to you, and look forward to contributing to the success that the program has enjoyed.  Thanks and Best Regards,Jeff Hammad",Formal
"Hi Wilson,I've decided that it would be helpful to have a brief written explanation of what limits of liability and waivers of consequential damages are permissable under Mississippi law when contracting with the Cities or an energy authority.  Could you provide me with something along that line?Thank you,Kay",Neutral
"Listen, in order that Jeff is not tagged to do double duty ( or half duty), I think I should ask Mary Hain to join the group to work with Rob (and Jeff if he wants) on the Northwest.  Agree?",Informal
"Enclosed is a revised draft letter which a large group of CSA signatoriesintend to send to the commission on Monday, in addition to any individualcomments the parties may file to the PD.  I am sending this draft to you asI understand that some of you may not have seen the last version which wasdistributed on Friday.  Our understanding now is the SoCalGas is likely tosign the letter with a slight moderating of the tone of the final paragraphswhich describe our years of wandering in the wilderness.  ORA is for themoment not going to sign.  The remainder of the key CSA parties will sign.We are asking for everyone to get approval to me by phone or emailauthorizing us to sign on their behalf and providing details of how you wantthe name on the signature block to look by noon on Monday.  Please call meif you have any problems with that or wish to discuss the letter.  Thank youvery much for your prompt attention to this.Mike Day <<X.DOC>>  X.DOC",Neutral
"A lot of us are going to be out ... please give me all of the passwords that may be needed if/when you are out.Thanks,Laura",Informal
"Good morning.  I apologize for the response delay.  I've gone back through the analysis that I did back in April, and have thrown around some ideas with Vince and Stinson.  The issue may be summarized as follows. The hedge relationship was derived using JCC and prompt Brent, and is valid for JCC and prompt Brent.  No problems here.  However, it will not be valid for points far out on the forward curve.  Intuitively, this hedge relationship will approach one as we move far out on the curve, but since there is no data, I can not statistically determine this.  One can imagine a term structure of heding ratios that start at . and move to ., so that the back end of the curves would move together, but how fast it converges to one is anyone's guess. If there is a way of determining the historical JCC forward curve, then the hedge relationships may be estimated.  However, I have been unable to determine a rigorous approach to building the JCC curve.   I can explain this far better in person, and would like to talk as soon as possible at your convenience.  Kevin Kindall",Neutral
"Ken,I had to respond.  Speaking of bitch....all of the Cornhusker fans are bitching about Stoops not  taking the head coach position at the Cleveland Browns or any other job that will get him out of their backyard.  By the way, Stoops just started working on his book ""OU's th Football National Championship""; Chapter , Who are the Huskers?mike",Very Informal
"Attached is a Canadian Credit Watch listing.  If there are any personnel in your group that were not included in this distribution, please insure that they receive a copy of this report.To add additional people to this distribution, or if this report has been sent to you in error, please contact Veronica Espinoza at x.For other questions, please contact Bill Bradford at x, John Suttle x , Russell Diamond x or the Global Credit Hotline at x.",Formal
"Given the growth in EES it has become apparent that it is time to consolidate the risk functions between EES and EWS.  This will provide EES with the systems, resources and risk expertise of the wholesale energy groups necessary for it to continue to grow and take advantage of current market opportunities.With this in mind and in agreement with the management of EES, two new risk groups inside Enron Americas will be formed to provide EES with pricing, structuring, retail and wholesale commodity risk management, logistics and backoffice services.  These groups main function is to provide these services to EES.  We have asked Rogers Herndon, currently Vice PresidentTrading in the Eastern Power Group to manage this function in the Eastern Interconnect (this includes both gas and power).  Rogers will continue to report to Kevin Presto.  We have asked Don Black, formerly Vice PresidentEES Risk Management and Sourcing, to manage this function in the Western U.S.  Don will manage this group from Houston and will report to Tim Belden.These groups will work very closely with EES to pursue shared goals while ensuring close coordination with the wholesale gas and power trading organizations.These changes are effective immediately.  Please congratulate Rogers and Don on their new roles.John Lavorato & Louise Kitchen",Neutral
"Hi Gregg,I'm back.  I don't know what the deal was with my cell phone this week.  Perhaps the problem was the weak signal in the area.  Several people commented that they had problems reaching me, and my phone was on almost the entire time. In fact, I  made many calls, but I ususally checked to see if I had a signal first.  Sorry for the inconvenience.I'll take a look at the DASH, etc, and get up to speed so that I can speak intelligently.Kay",Neutral
"Pam:We have an opening in our group for a legal assistant position.  Do you know of anyone over there that might be interested?  We would prefer someone with transactional experience.  Salary ranges vary depending upon experience, but I think we are pretty competitive.  If you know of anyone please have them call me as we are looking to fill this position ASAP.  Also, would it be possible for you and I to get together  more time for lunch before I leave?  How does the week of July th look?Carol St. Clair",Formal
"Hi JohnThanks for the  offer but despite what you say, your legal prowess is still far more important to me  I would likely have ceased working long ago w/out  LLGM.  I rode up on the elevator with Jeff Skilling and he asked me if I still liked my job.  I first asked if I had a choice and then confessed it could be better.  I don't think I won many points with him, particularly when I asked him if he liked his job.  Oh well, any connections there?I'm sending out documents tonight on the utility exposure by confirm to you and Jim.  I can talk to you and Jim about that as well as offset with the commandeered positions anytime on Wed morning.  Let me know what time works for you.",Neutral
"Sara, in the interest of time this morning, I thought  I would send a quick email. I have read the appendix to the repo agreement and think it is OK.  No accounting issues, I think they just want to address the substitution mechanics.  Technically, repo transactions are FAS  transactions (sales of financial assets), so I presume that is why the ""FAS "" is noted at the top of the page (I don't believe it is necessary  what value does it add?).  I think the issue is one for Treasury   are we OK with the counterparties ability to terminate the contract if we do not agree to the replacement (substituted) securities? Hope this helps.",Neutral
"Dear Jeff,Our tiger team very much enjoyed your presentation about Enron Global Markets on Friday.  Given that we have latitude in our project scope, our team would like to assist Enron in evaluating a new market opportunity.  You mentioned several markets that Enron is considering in , including transportation, cement, coffee, cocoa, sugar, etc.  We believe that a project of this sort will give us the opportunity to really learn how Enron creates value, what its business model and core competencies are, and how they can be translated to a new market.  Furthermore, we can get an indepth understanding of an industry.  We believe our project will complement any analysis that your business group is currently undertaking.  Please propose the top three new markets that you would like us to evaluate for Enron.Upon receipt of your proposal, perhaps we could set up a conference call to discuss your thoughts and to make a final selection.Your expeditious response is appreciated.Regards,Josh Leventhal",Formal
"Kimberley,Further to your email of this morning: I totally agree with the protocol approach for the Euro annexes As to the intention to change the approach for the other annexes, i.e.develop a new master agreement:  as already indicated in my previous mail,we support this approach Force",Neutral
"Thank you to everyone who participated in the XMS Web Expense Report contest.  We had over  responses with  correct answers.  Randy Klug of EBS in Portland was the winner.  Congratulations, Randy, and thank you all for participating.",Neutral
"Okay, I have coped with the traders in your absence.  Now I intend to leave for lunch, my appointment and tomorrow's activities.  All that means that it is now your watch.  The only thing that might occur is Mark Breese.  I have placed a voice mail to him in response to his Detroit rfp but he is out.  The deal should be okay assuming Mark can make the prices work.  Anyway, I will handle with Mark.  Hope everyone gets well soon.  I will be back Friday to resume the watch.  See ya!",Informal
First I have heard about a happy hour.  I am in risk management and am usually not finished calcing my books til  p.m.   I will most likely not make it.  Thanks for the invite.PL,Neutral
"Hi Everyone,Boy, do Shawn and I have a holiday present for you!  Shawn was able to getthe room changed for Foundations of EBusiness so all of you are nowenrolled in that course.  If this means changes to your current schedule,please email Shawn immediately.Cheers,Diane",Informal
"On the // List:  Tembec, Inc.'s bylaws require that agreements signed by the company must be signed by any two of the following officers:   the President or a Vice President together with any Director, Secretary or Assistant Secretary.  If you are going to trade with them online you must ensure that the Password Application gets signed by those officers, or if not by those officers, they must provide a resolution if any officer except those above signs the documentation.  Because of this signatory restriction EnronOnline was hesitant to open them for financial trading.  It's up to your group, but you must comply with these special signatory requirements.  If you would like Legal to pass on the documentation if you are unsure, forward it up to me.",Neutral
"Yes, it's technically true, but it doesn't seem relevant.  It's a technicality.  That is, if at the end of the contract, UC/CSU goes to another provider, the rules would require Enron to ""deDASR,"" after which the new provider would submit the new DASR to switch the customer over.  The utility stands in the middle of all this.  I don't think this equates to what UC/CSU is claiming the problem is.  Might be viewed as a bit ""cute"" by the judge.Also, the legislation ""fixing"" the prohibition passed our of policy committee today in Sacramento and is moving through the Legislature.Best,Jeff",Neutral
Please have your consultant contact Rick Kile to schedule/coordinate the sampling at Mount Jesus.  Rick's cell phone number is or if he is out of range a message can be left on his office phone atThanksCharlie,Formal
"Anna,When you have a chance, I would like to pay you for the golf tournament and grab a receipt from you while I am at it.  My impression is that the deadline is approaching and that this is something we need to get done today.Please let me know when you might be available or just grab me when you have a chance.Thanks,Bill",Informal
"FYI This email message may contain legally privileged and/or confidential information. If you are not the intended recipient(s), or the employee or agent responsible for delivery of this message to the intended recipient(s), you are hereby notified that any dissemination, distribution or copying of this email message is strictly prohibited. If you have received this message in error, please immediately notify the sender and delete this email message from your computer.",Very Formal
We received the executed EEI Master Power Purchase and Sale Agreement dated // from the referenced CP.  The document will be scanned into Livelink.,Neutral
"DarenThere is an effective communication course on December  (Thursday) from pm.  Is this the one you suggested for me, and if it is, may I attend this one?  Please let me know.  It is listed through Ernie and is $.  Thanks for looking into this.",Neutral
"Happy New Year.  We hope your holidays were enjoyable and restful.  For a pleasant start to , please join your Enron colleagues for coffee and donuts this Friday, January , from :  : a.m. in the lobby of the Enron Building.  We look forward to seeing you there.",Formal
"Gentlemen Following the Dabhol dictate that ""bad news is good news,"" Dabhol is getting some good news this week.As reported in the press, DPC did receive a twopage letter from MSEB purporting to rescind the PPA with immediate effect because DPC materially misrepresented the capabilities of the power plant (i.e.,  hour actual rampup time vs.  hour rampup schedule in the PPA).  However, the letter goes on to state that MSEB is ""agreeable to continue the present arrangement of power and payment until disputes are resolved by the appropriate forum.""  We are not entirely sure what this last part means and are asking MSEB for clarification.  Obviously, this letter is quite a buttress to our alreadydelivered PTN contending that MSEB has evidenced an intention not to be bound by the PPA.While MSEB's letter seems to state that they will still honor some aspects of the PPA, the letter adds that ""payments would be subject to adjustments on the basis of determination of reasonable compensation and quantum meruit by a competent authority.""  We hear rumors that MSEB will approach the Maharasthra Energy Regulatory Commission (MERC) for a ""how much should we pay DPC"" determination.  If they do so and MERC accepts jurisdiction, this would help our expropriation, political force majeure and default arguments.DPC seems to have managed to avoid a construction contractor termination in May by agreeing to extend the required completion date for Block B by  days.  While this action does not have longterm benefits to the project, I believe that it was a considerable sign of good faith that DPC is trying to give the lenders some time to assess whether they want to begin curing project agreement defaults on an ongoing basis.Bruce",Formal
I think your outlined measures sound fine.  I would think we could change to the new hotline almost immediately.Sent from my BlackBerry Wireless Handheld (,Neutral
"As you may be aware, Enron Corp. is a member of the Official Unsecured Creditors' Committee appointed in the Pacific Gas and Electric Company bankruptcy case. Michael Tribolet with the Risk Assessment and Control Group is Enron's designated representative on the committee and he is being assisted by Lisa Mellencamp in the Enron North America Corp. legal group. Please be advised that they will be restricted from disclosing certain of the information that they receive.Attached are Ethical Wall Procedures regarding confidential information that Enron may receive as a member of the committee. It is important that you read the procedures promptly, print the Employee Certification attached and sign and return the Employee Certification to the Compliance Department as directed.",Formal
"TEAM,PLEASE SEND ME ANY REQUESTS THAT YOU HAVE FOR OCTOBER.  SO FAR I HAVE THEM FOR LEAF.  I WOULD LIKE TO HAVE IT DONE BY THE TH OF THE MONTH.  ANY QUESTIONS PLEASE GIVE ME A CALL.BERT",Neutral
"Kim,I would like to get on John's calendar tomorrow (the morning would be best if available) to discuss two points:Vintage gas optionPotential  MW,  month power purchase from AlcoaThis could take up to an hour depending on the levels of John's questions.Thanks,",Neutral
"Girl, so now you see!  Karen just has issues!  So how are you doing?  I was on vacation on Friday and didn't get a chance to respond until today.We were in Chicago this weekend for my husband's family reunion.  The weather was great compared to Texas.  Texas is so hot!!  How's Christian doing?  My boys are doing pretty good, just growing so fast.Tell me more about Karen whenever you get a chance.See ya!",Informal
"I need to do a draft for a paper confirmation that is an Omnibus Swaption. The only template that I have is the one I attached. Is it O.K. to use? Can I use the current ISDA one and tweek it to be an Omnibus (ie: Determination Periods, no reference to ISDA)? Thanks,Jarrod",Neutral
"What is the opportunity to look at Elba Island space in conjunction with the Dhabol supply contract?  That is, could we go to our LNG suppliers for India, and regotiate that contract and provide space for diverted cargoes if necessary.  Jim Hughes is spending his time figuring out what to do with Dhabol and any suggestions we have may be helpful.  Thanks.",Formal
"As you are aware, there have recently been a number of virus attacks released and spread across the Internet. Although Enron continually readdresses and updates its virus protection procedures, new viruses will continue to be released and pose a threat to Enron's computing environment. Therefore, it is very important that all Enron employees understand their responsibilities in helping Enron stay virus free. If you receive a file via Email or any other means and you are unfamiliar with the sender or the purpose of the file, please do not automatically open/launch the file. One of the key elements of a virus attack is the innocent nature of its delivery.Viruses can cause a significant amount of damage, including data loss and service outage. Viruses such as the Melissa, ILOVEYOU, AnnaKournikova, and the recent Nimda virus, caused organizations billions of dollars. Sometimes new viruses can breach the environment before the virus scanning software has been updated to detect & quarantine them. Every employee in the Enron organization has a responsibility to keep our computing environment virusfree.If you believe you have a file that looks suspicious, delete it or contact your Resolution Center to obtain their assistance.",Very Formal
"Mark,I am interested in opening a personal commodity trading account.  I'm not involved in a trading function here at Enron.  My manager Jennifer Fraser suggested I write you to find out what steps I need to take to ensure compliance before I open the account.Your guidance on the subject is appreciated.Thanks, Vikas",Formal
"Chris Calger and I have just been notified that Enron has reached an agreement with Dynegy and this is very good news.  We do not know any details of the deal yet, but our plan is to brief you on Monday morning with as much information as we can get.",Neutral
"Hello:A recent posting on the Enron bulletin board indicated that you are looking for academic tutors.  I may be available to help at nights in math.  Can you please respond with details about the program, how old the kids are, the commitment required, etc.Thanks,John Arnold",Neutral
i like that feeling...as long as someone doesnt punch you in the gut.  i'm going to san antonio at lunch today to play soccer so i just took the day off.  catching up on  weeks of email.   i know how to relax don't i,Informal
"Steve,I am tied up at the Power conference.I shall get back to you with my comments on Thursday morning.I also want to talk to you tomorrow about finalizing the dates of the summerrotations. We are talking to HR here about apartments, car rentals,and other arrangements  for the London team for the summer. I promisedto give them the names and dates by the end of the week.Sorry for the delay in sending you my comments.Vince",Neutral
"Jay, the spreadsheet has a summary of the exit and operational entitlements that TETCO has provided Enron that Yankee has granted. Assuming that you do not wish to modify the two smaller release offers, I have provided you exactly what needs to be done to modify the larger release offer.It is important that the releases grant us the minimal exit entitlements by production zone to M per our previous conversations. I will be out of the office on Monday. However, Judy Townsend and Ruth Concannon are familiar with this deal structure. Judy is most familiar with the current issues. I will be visiting with Ruth early on Monday.  Judy gets to the office earlier than Ruth. She will be able to answer any questions. However, she trades until :  AM CST so she will not be able to spend as much time with you in the morning. I will give you a call from the road around : AM.We will get this done together...Thanks!!!",Formal
"Records indicate that there are a significant number of employees who have yet to have a drug test.Here are the details of the locations in Houston, Portland and other locations.Please attend one as soon as possible to avoid delays in your your onboarding and payroll processing.HR",Formal
Chip Did you get the chance to look at the combined company?  Just interested.  Thanks,Neutral
"Hi Girls,Yvette and I were talking and thought it was about time to catch up with one another. We were thinking about doing dinner Saturday night. If interested please let one of us know.Talk to you all soon.",Neutral
"just when i'm turning really bearish you're starting to turn bullish on me.  weather to me relatively unimportant.  yes, it will leave us with  bcf or so less in storage than if we had mild weather.  i think it is masking a major demand problem.  think what the aga numbers would be with moderate weather.  when we get into injections, i think we'll see a big push down.  spec and trade seem bearish but hesitant to get short.  customer buying still strong.  thus even with the demand picture becoming clearer, we haven't moved down.  however i think when the picture becomes clearer (i.e.when we start beating last year's injections by  bcf a week), trade will get short.  customers very unsophistocated.  the story they keep telling us is we're coming out  bcf less than last year, thus the summer has to be strong.  when we start inj, customers will start seeing other side of story.  pira finally came out this week and said stop buying.  to me, the mrkt just a timing issue.  i want to be short before the rest of the idiots get short.  i continue buying m,f puts.  projecting k to settle  and m .",Informal
"Okay everyone, if you have happened to keep my email address from previousemails, it has changed...it is now...See you at homecoming!kaiElvis",Informal
"Just to let you all know, at Randy's request, the Notices setting out CanFibre's Failure to Pay under the Gas and Power Contracts have been sent out.I called to follow up and our fax containing both notices has been received in its entirety by Amerisearch (the agent for CanFibre), therefore the clock has started ticking. CanFibre has until the close of business on Wed. Aug. th to pay the amounts owed. As per the terms of the Contracts, the fax has also been sent by Fedex to Christopher Carl in Toronto.   If CanFibre does not cure the Failure to Pay by //, Legal will get together with Randy and Chris to set the Early Termination Date and send further notifications.Any questions, please call me. Shari",Neutral
"Gosh, I had totally forgotten!!  That Friday makes for a long President's Day weekend which I was trying to arrange.  Will this lunch be too difficult to reschedule?  Just let me know.  Thanks.  SaraP.S.  Are you feeling better?  You missed our group meeting.  I asked what I thought was an innocent question about the legal survey database since it was related to part of our discussion.  BIG MISTAKE.  Tana was explosive.  Sorry you missed it.",Informal
"VinceIt seems like we should be able use MG's V@R methodology as version .a if the credit component is eliminated and the hold period is conformed to our one day interval.  Could we do this and achieve an approximation of where you want to be with the completion of Anjam and Tamara's work?  When submitting a request for Interim Metals Trading Policy to Rick Buy and Jeff Skilling, I'd very much like to represent that, while our methodology may be imperfect, we have ways + means of tracking V@R right now that will be upgraded to Enron standards in very short order.  Thoughts?",Neutral
"We know how interested all of you are in the Retention & Severance Plan, so we want to update you on its status. As many of you know, we have been working with members of the Creditors' Committee and their consultants since December to formulate a Retention & Severance Plan, and we formally presented the plan to the committee on Friday, February .  We had hoped the committee would approve the plan quickly so that we could file it with the bankruptcy court and share the details of the plan with you before the end of the month. We know that many of you have career options outside of Enron and that the Retention & Severance Plan may impact your decision to stay or to leave.  We sincerely regret to inform you that approval of the plan for debtor companies is delayed.  We're learning that, in bankruptcy, most things don't move as quickly as we are accustomed. The committee outlined some concerns related to our proposed plan, but we are confident we will be able to reach agreement with the creditors on those concerns.  The Creditors' Committee fully supports the implementation of a Retention & Severance Plan.  Such plans align the company's objectives with the goals of the creditors and are fairly standard in bankruptcy.  These plans are designed as a way to preserve and maximize value for the estate. The Creditors' Committee also understands that time is of the essence for getting a plan in place and has established a subcommittee to expedite their review and approval process.  To that end, we are meeting regularly with the subcommittee.  We intend to work handinhand with them to reach agreement on an acceptable plan as quickly as possible.  This is currently our top priority, bar none! When we filed for bankruptcy, we did not fully grasp how tedious the process of developing an acceptable plan would be.  Unfortunately, that lack of understanding led management to set unrealistic expectations about how quickly a plan might be in place. We now know that it takes significant time, resources and effort to understand, identify and gather the massive volume of required details, to formulate that information into a reasonable program, and to prepare a rationale and compelling presentation.  The process mirrors the most timeintensive business presentation or deal negotiation with which Enron has been involved.  That serves only as an explanation  it is not intended as an excuse. We remain committed to working with the Creditors' Committee until we can reach agreement on a plan.  We anticipate that negotiation process will take another week or so, and have targeted the week of March  to file a motion to adopt a plan with the bankruptcy court.  We will continue to hold retention and severance as our number one priority until a plan is approved by the bankruptcy court. With respect to nondebtor companies, or those companies not in bankruptcy, new severance plans are being approved and will be rolled out to employees in those companies in the very near future. In the meantime, we have been working to finalize merit increases and promotions across the entire organization and plan to communicate those to employees next week. And of course, we will update you on retention and severance as soon as possible.",Neutral
Great!  This is exactly how I want everything in RAC to work. Rick,Neutral
"I will be coming back on this flight.  Please disregard my request to go directly to Las Vegas.  I will need a flight to Las Vegas on the following Friday and returning Sunday morning.  Thanks,Mike",Neutral
"Shari:  I see that you added this to the legal/credit list.  Can you tell me why?  What type of deal do we do?  Did ECTI ever transact with DLJ Capital Funding, Inc. (for distressed loans)?  Are you familiar with the Loan Syndications and Trading Association, Inc. ""standard terms and conditions""?  Did you ever document a loan derivative?  Thanks.  Sara",Informal
"Jeff,I am sending you a draft of the outline  of the course on energy derivatives.I would  appreciate your comments before I finalize it.By the way, did we agree on the time schedule for the class?Tuesday or Thursday evening would work for me.Vince",Neutral
"Some lawyers outside the swaps/Enron Net Works group are inquiring about attending the CFMA session we have scheduled with Ken Raisler for Monday, March th.   The CFMA raises a number of issues that are of interest throughout the Enron Wholesale Services legal department, and I think a presentation to the entire EWS group will probably be in order at some point.However, I think it is important that we keep the March th session specific to the swaps/Enron Net Works group.  This is meant to be more of a questionandanswer ""workshop"" session rather than a ""bigpicture"" presentation of the new law.   My concern is that if too wide a variety of questions and issues are raised, we will not have enough time to focus on the detailed financial trading issues and the appropriate form changes we need to discuss with Ken.Please help me in keeping attendance at the appropriate level so that we may have a productive and focused session.  Thank you  BobRobert E. BruceSenior Counsel",Formal
"Ladies,Please review the attached letter that I plan on sending to General Electric regarding the payment of recent invoices.  I would like to obtain your concurrence on the amounts that I have set forth in the letter.Thanks,Chris",Neutral
"Greg: I will not be able to go to lunch with you, dinner is possible. I would suggest you wear a suit. I am not sure at this point who you will interview with, I should know soon. I will call you / to talk about Thurs. If you do not hear from me please call me (wk , hm ).",Informal
"Glad that the two of you could make the trip to Houston this week.  Hopefully, your the time spent here was worthwhile in terms of sharing ideas and further developing contacts.  I Anna, I will look forward to continue dialoge as we explore commercialization opportunities.  Mike, I will get back with you next week on potential dates for the annual global risk management operations offsite (late Oct) and on likely dates for my next trip to London. I enjoyed the shopping and dinner.  Sally",Neutral
"Hi Rhonda, I know you are not the one who is working on this but I forgot who was....Can you tell me who and forward this email to that person.  I'm a little concerned about my State Income Tax deduction.  I have not yet seen any withdraws from my check and I know State of Oregon will charge you penalties if you exceed a certain amount per quarter.  Please look into this as soon as you can.  Thank You.lisa",Neutral
"Stinson,I would like to take a day off tomorrow (Tuesday, April ).I need to register my son to elementary school and send my cars to service.My cell number is in case you need to reach me.Zimin",Neutral
"Could I get a copy of the revised LOI which was sent to TECO?  I want to update my electronic file.Thanks,Kay",Neutral
"With regard to the Commission's limitations on the right of first refusal, Order  provides for grandfathering of discounted longterm contracts that are now subject to ROFR.  The Commission's rationale was that grandfathering gives all shippers notice of the new limitation and the opportunity to reexecute current contracts.  The TW Commercial Group has asked whether we should challenge the grandfathering of existing contracts.  In limiting the right of first refusal, the Commission has expressly acknowledged that if a customer is truly captive and has no alternatives for service, it is likely that its contract will be at the maximum rate.  Shippers that are not captive and have alternatives in the marketplace do not need the protection of ROFR, and the pipeline should be able to negotiate with other interested shippers upon expiration of the contract.  In light of these conclusions, there should be no reason to grandfather the ROFR rights of shippers under existing discounted contracts.  Such shippers would not be harmed by removal of the right immediately upon the effective date of a pipeline's tariff filing to limit the right of first refusal (assuming the service contract incorporates tariff terms on an ""as amended"" basis).  Consistent with the Commission's order, it would not be unfair to make these shippers compete with others for the capacity upon expiration of the contract.",Very Formal
"When we talked about me speaking at the conference in Nov. Enron's management conference had not yet been scheduled.  Now it has and, of course, it conflicts... it also conflicts out just about every other senior person at Enron.  I will take care of finding a substitute, but wanted your thoughts on a couple of candidates:  how about Seabron Adamson, Richard Tabors or Scott Magrane(sp?).  The latter is at Goldman Sachs and, last time I talked to him, was working on Transcos.Let me know what you think and let me know who you were working with at FEBA so I can take care of the problem.Thanks",Neutral
I will continue to host them as long as I am on the Board unless someone else is dying to do it.,Informal
"you'll be pleased to know that people whom i barely know in the SF office are approaching me and ribbing me good about my expression in the pie video.  mission accomplished.signed,alligator skin",Informal
I have talked with some of the commercial folks in the Gas Pipeline Group and in addition to ElPaso Energy(which I have previously discussed with you)  we believe that Wisconsin Gas Company and Wisconsin Electric Power Company should be on the restricted entity list.Please call if you have any questions.,Neutral
"hello ben, sorry did not get back to you, was tied  up the last two days, tomorrow friday i am in the office, will be driving the   chevy if the weather is nice. ?next week will be in NY city most of the week, but  should be back thursday afternoon for a dinner downtown with a buddy from NYSEG  and then am around most of friday.?Will be in touch, have a nice weekend if i don't  speak with you tomorrow  friday.",Informal
"When you get a minute, call those attys who stated (swore) otherwise and find out where they got their information.",Informal
You need to quit smokin' crack!!!Gabriel Monroy,Very Informal
"Kim, just a confirmation that the requested changes to the agenda have been made...   You are scheduled for Wednesday Nov. th at : am.   Have a good weekend..",Neutral
"Just wanted to give everyone a update on where we were with all the site visits to the plants.  As you already know, site visits begin this Thursday and runs through the th of October, so its a pretty tight schedule.  In terms of who will be specifically covering which plants, this is the following: Gleason will be Dave Kristich; Lincoln will be Fred Mitro; and Wheatland will be Ross Newlin.  These guys will cover the site visits the next two weeks, but everyone else may be asked to fill in for them if needed.  While on the site visit, please make sure that the companies do not take any pictures and they are only allowed to talk to you or the plant manager.  Most of the companies will probably be there for only a couple of hours per day. I hope all of this is clear and if you have any questions about scheduling please give me a call.  Again, thank you for your help with these issues.Regards,Ben",Neutral
"Interest Rates have Dropped  Tap into Our Huge Network Of Lenders.   We provide a % free service that enables you to get the lowest rate possible!      We work in conjunction with hundreds of lenders nationwide and will align you with the best possible rates and terms. Throughout our network of lenders, we will provide you with the money you need for the following:  Debt Consolidation nd Mortgage Refinance Credit Repair  Home Improvement New Car Dream Vacation College Tuition  To start a new business ..and much, much more!  Shopping for your loan just got easier!     Click Here For A Free Loan Quote     Removal Instructions: This email was sent to you by an Internet  Marketing Services Co. in full compliance   with all existing and proposed email legislation. You may automatically remove yourself from any future mailings by clicking here. The reply address on this email was active at the time this email was sent.",Neutral
I attach a presentation nicely prepared mostly by Akshay Singh and the Telecommunications portion by B.A.N. Sharma.  This contains general information on India that you may find useful.  Please distribute this on to others who may have use for the information.  I apologize for the size of the file.,Formal
"I have a friend who is looking to change employers.  He is in the IT field.  I was looking on the intranet and found this posting.  Although, he would be interested in any similar job.  I will attach his resume.  What is the best way to get his resume in front of the proper people?  I would appreciate your opinion.  I don't work in the IT field and really don't know anyone at Enron that does.  Thanks in advance for your help.DG",Neutral
"Hey,What's going on?  I've had a fabulous day...at least it hasn't been boring.  Anything interesting in your world?  It's the first night and I already want to skip my GMAT class.  I may come visit you before I go to my class.  I don't want to hang around down here until .   That is if you aren't too busy today.  Talk to ya later,Robin",Neutral
"Gentlemen, Spoke to Vince K today and asked if he would send Stinson Gibner to Sidney to be available on Monday to review the X system.Paul, make sure our X friends are available and the Confidentially Agreement is signed.  Further, I spoke to Phillip B. about a technical going too.G'day mates,Gary",Neutral
"Kelley,I am writing to you to follow up on our discussion last week regarding disclosure of counterparty names for price verification purposes.Can you give me the name and contact information for the person within your company that would work with us to put a Confidentiality Agreement in place.Jeff Hodge is our lawyer who will work on this for Enron.  Jeff can contacted at   or by email at jeffrey.t.hodge@enron.com. Thanks for you assistance.Scott Neal",Formal
"Thanks for this  as you suggested earlier when I get a break I will followup on your earlier email, re WEST TEAM with Carol as support, and send out another email.",Neutral
"Attached are the details of the next Corporate Responsibility Task Force meeting set for next Tuesday, February , from : to : a.m. CST in Houston.",Neutral
"Brian,  Attached is a draft of the termination letter.  The letter assumes the letter agreement was executed.  There also appears to be an agency agreement which appointed Merrick as agent for ROW acquisition.  This is also terminated by the letter.  I haven't heard from Shonnie yet.  Please review and add any comments you have.  Thanks",Neutral
"Kim,Could you please get me a schedule of my oustanding options and restricted stock including grant price and vesting dates.Thank you,Chris",Neutral
"Today we announced the appointment of Jeff McMahon as Enron's chief financial officer.  In my continued discussions with the financial community yesterday and today, it became clear that this move was required to restore investor confidence.  Jeff has unparalleled qualifications and a deep and thorough understanding of Enron.  He is already on the job and hard at work on the issues before us.  Andy Fastow will be on a leave of absence from the company.  Jeff had been serving as chairman and CEO of Enron Industrial Markets. He joined Enron in  and spent three years in the London office as chief financial officer for Enron's European operations.  Upon returning to the U.S., Jeff was executive vice president of finance and treasurer for Enron Corp.  In , he was named president and chief operating officer of Enron Net Works.I know all of you are concerned about the continuing decline in our share price.  I am too, and we are working very hard to turn it around.  Appointing Jeff as CFO is one important step in that process.  But most of the solution involves just continuing to do our jobs with excellence.  The fundamentals of our business are strong, and I think the market will begin to see that as we continue to perform.Please join me in giving Jeff your full support, and thank you for all of your continued hard work.",Formal
"Unfortunately, I will miss your farewell at Slick Willie's on January rd.  I am sorry that I won't be able to drink a beer with you as a send off, but perhaps we can have one in London later in January as your welcome to London.  I will be in Miami on January rd, hopefully celebrating an Oklahoma win in the Orange Bowl earlier that day.  David found us tickets to the game.  Not great seats, but they are in the stadium.  Hey, it's not UT, but it should still be fun to go.  I will miss you and your wit and constructive cynisism in Houston.  But I know that I can count on you to be just as vocal from London!  I plan to be there at least quarterly in , and will definitely welcome your first hand observations on operational areas that may need attention.  Hopefully between e:mail and voice mail we can definitely keep in touch.  Tell Ann that I hope that this will be a great adventure for her and the whole family.  I think that it is a wonderful time in your children's lives to give them this experience.    Have fun  and set them straight!!",Informal
"Please join me in welcoming Tobin Carlson to the Real Time desk.     Tobin is an Analyst joining us from Enron Broadband Services.     He is a graduate of The University of Portland.      He starts on November th,   so come by and introduce yourself.JMF",Neutral
"Ben Jacoby is having an offsite Friday at the Hyatt for the East Development group to discuss .  He has asked me (and I think Roger) to sit in. I'm planning on attending.I'm sure either or both of you are welcome, although it won't be a problem if you don't attend.Kay",Neutral
"I assume you're all over this, Linda.On the off chance that you haven't seen it.  Feinstein is asking IEP for comments on her draft legislation that would increase regulation of natural gas, define what just and reasonable rates would be and increase refund power on the electric side.  I think we would have some concerns with her proposal.  If you want to pass along our comments to IEP, just get them to me.",Neutral
ian   do you by chance have emily's (from earls) email address?  she gave it to hawker and he lost it.  no prob if you don't.,Informal
Sorry for my tardy reply.  I have been covered up.  Thanks anyway.  Mark,Informal
"Debra, I made a few changes and saved them in the attached document.  It has the same name as your doc but is only temporarily filed in my temp file.  Please resave it in your directory.",Neutral
Hello EveryoneI have some sad news to share.  This past weekend David Kistler's brotherinlaw died.I sent flowers and a card to he & his wife from the entire office.April,Neutral
"I would like to update you on the progress we have made on Energy Ops midyear review process.  All of the ""Needs Improvement"" evaluations have been executed except for two which will be executed before the / deadline.  We still need to review  ""Satisfactory"" evaluations.  Our target date for this process is September st.   Please forward your ""Satisfactory"" evaluations  to myself or Hector McLoughlin by September st so we can review them and move forward in the process.  Thank you for your help.Anne Marie Allex",Neutral
"Michelle Lokay,If you haven't signed up for this year's tournament on October th at the Woodlands, you still have time and space is still available in each event.  If you register and pay by Monday, October , you'll be automatically entered into a private drawing for a door prize worth approximately $!Don't miss out!  Make your plans now, and register today by clicking onSee you in a few weeks!",Neutral
"DOE and FERC just briefed the Hill and confirmed they never issued the Order yesterday since Bonneville released a lot more power late yesterday.  The Administration advised that if the situation warrants, they will indeed issue the Order.  This remains a fluid situation with Richardson yesterday announcing his intent to ""sign an Order"" which his staff had not yet written while in the interim BPA acted so as to make his announcement moot.We will continue to apprise you of the developments including reports of FERC's surprise site inspections.",Neutral
Paul  Thanks for your voice mail.  We can't print the list of Reference Entities from the website because we have not been given access.  We do need to get that list to the various other reviewers in Houston and I am sure that is the list that Michael referred to.  The EnronOnline people are probably concerned because they don't have a final list of Reference Entities for their launch.  That list absolutely must be scrubbed by the other GC's before it is approved.  Mark,Formal
"Ken Lay and Jeff Skilling were interviewed on CNNfn to discuss the succession of Jeff to CEO of Enron.  We have put the interview on IPTV for your viewing pleasure.  Simply point your web browser to  click the link for special events, and then choose ""Enron's Succession Plan.""  The interview will be available every  minutes through Friday, Dec. .",Neutral
Attached is a clean version which incorporates most of Brent's comments.  Please read again.  Sara,Neutral
"ok, so you probably already guessed that today's game is rained out and you dont need me emailing you about it but i just cant help myself.  anyways, the game will be made up next Tuesday / at : pm at delta park on the budweiser field.  hope everyone can make it then too.chris",Informal
"GT,How is it going brother?  Got that house finished yet?    Wanted to see if you were going to be in town for the Memorial Day weekend.  I was kicking around the idea of doing some tubing and maybe stopping by Austion for a night to chase some good looking Austin women.  Drop me a line.",Informal
So you missed the Enron allemployee meeting last week.No problem.  You can view a replay of the meeting hosted by Chairman Ken Lay and CEO Jeff Skilling on IPTV.  The oneandahalfhour meeting will run on the hour every two hours / until Mar. .  So tune in and catch up on Enron news.Click here to view the replay on the IPTV web site.,Formal
"Daren  Can you set up a deal for the Cilco withdrawal for Dec.  going forward?  I know a deal has never been set up for this but volume management wants a deal set up so they won't have to set up an accounting arrangement evey month.  Please let me know, I'd appreciate it.Thanks.Aimee",Neutral
"Jackie,Would it be possible for you to mark up the list of comments, highlighting which are outstanding?  Marked by hand and faxed would be great.Thanks,Kay",Neutral
Big Smile   Well I guess if I had to be honest he is unique in the market place.   I found him very interesting and confusing all at the same time.It would be nice to have a beer one day and catch up on old times.  Take care,Informal
"Sara:I met with David Dupre to discuss issues relating to unsigned confirms and apparently Williams is one of our biggest offenders.  Do you know why they are not signing?  Also, are we planning on talking about this next Friday?Carol",Neutral
"At the request of Sara Shackleton, I am attaching the link that will provide you access the the financial trading agreement database.  Please call me if you have any questions about the information contained in the database.Link >",Neutral
Looks like the market ain't crazy about our Q.You get the go ahead from Whalley on PG&E?,Informal
Jay:You and I can talk through the issues.  The key point is that you have to vote the best interest of the corporation on whose board you sit and not your personal interest or the interest of Enron.  Give me a call and we can talk through the business of Convergent and what the risks are.Mark,Neutral
Attached are the contracts for the Kennedy and Quantum excess gas purchase.  The confirms will be signed by the parties and governed by the GTC.  The attached GTC is the same for both confirms.  Note the Exhibit A to each confirm is not attached.  I will simply take the well listing Exhibit's from the existing long term contracts to create these new exhibits.,Neutral
"Kathie,Thank you for your email.  I've been out and all over the world.  I appreciate your help on this article.  Attached is a copy of a presentation that will fill you in on some of the businesses that we are working on.  This should give you some ideas and clarifications on the first draft.Here are a few other points of emphasis.EGM was created to provide sharpened focus on very large global markets and commodities to enable them to grow quickly These markets are huge and we will become a big player rather than being active in themEGM provideds true network for market making opportunities related to commodities that are highly liquid in physical and financial terms and are enormous in market sizeEGM leverages the value of Enron's existing network and international asset positionsEGM's operation will coordinate with leveraging all of our wholesale businessesEGM has very aggressive growth targets in transactions and earningsEGM has contributed almost $ million in gross margin in its first   quarters in existenceGo big or go home philosophyEGM will represent a clear transfer of  Enron wholesale market making model into other commodities this yearGROWTH is the key!!!Thanks for your help.Mike",Informal
"Daren,I have some flow at the above referenced meter without a deal.  Flow was for the first  days only, and probably occured as the meter was in the process of being shut in.  We purchased the gas from TorchRally Partnership in Sept.  Can you extend the deal, or should I allocated off to strangers?Please advise.Mary",Neutral
"I think Michael and his girlfriend are going to come as well and we were thinking about going out somewhere afterwards.  So,  can ya'll come to the Pappasitos on Kirby and Richmond?",Informal
"Kay, per my voicemail, I need to meet with you, Ed, Shemin, and Wade to discuss how to handle producers that are still ""attached"" to ENA's pools on Dominion Pipeline.  This should be a short (less than  minutes) meeting.  Shemin and I are available anytime Monday after lunch.  I believe Ed is available after lunch as well.  Please let Daniel and I know when you are available after lunch on Monday and Daniel will get us a conference room.Thanks",Neutral
First worksheet show summary gross transportation revenue by counterparty for the  months ended //. Total transport revenue is $. million.  Other worksheets show detail by contract and contract expiration dates.  This information has been furnished to Kevin Howard.  The only open question is how this data can be reconciled to financials.  I spoke with Tracy this morning and she reflects gross operating revenues for TW for this period of $ M.  The difference is primarily fuel sales (which are not currently included in my numbers).,Neutral
MohammedWhat's going on? I hope school is going well. I am sure you have heard but things are getting back to normal around here. I think working for UBS is going to be really good. Seems like the cultures are going to mix really well. I am thinking about buying a porsche. I really like the 's but I don't really like the 's. Looking around for a nice low km  C. Anyway don't work too hard and keep in touch.Chris,Informal
So what the hell is Kims problem.  You have been telling her for months that you were going to move out.  What a bitch.  Regarding the Nicole thing it really isn't that big of a deal anyway.  When I am down there we go out but it's not like we are together or anything.  I wouldn't let them hassle me affect whether I would date her or not but sometimes I just get a little sick of hearing about it all the time.  Nicole is awesome and I like dating her while I am down there.  It is just a wierd situation.   About the moving to LA thing it really is a job issue at this point.  It will be hard to find a job as good as the one that I currently have and that is going to be the real issue.,Very Informal
"The potential use of biological agents such as Anthrax in a terrorist attack continues to raise concerns worldwide.  Here at Enron, the mail center and Business Controls/Corporate Security have already implemented safeguards so that all mail entering the Enron buildings will be screened in accordance with procedures for identifying suspicious packages.  We are also in touch with the U.S. Postal Service and the Centers for Disease Control to ensure we have the most complete and uptodate guidance for handling any possible Anthrax exposures.However, should you receive an envelope or package that you do not feel comfortable opening, please contact Corporate Security at extension  and we will screen it again.To provide Enron employees with a better understanding of  Anthrax and the potential danger it poses, we have posted a bulletin on the Corporate Security intranet site  that includes links to the CDC and USPS resources.",
"Group,Enron is attempting to reconcile the daily activities of each counterparty with us. This includes when each counterparty cut us, and schedules that were moved. To facilitate these efforts please put all cuts and scheduling sheets in the accordion file on the RT overflow desk (where Kate used to sit).Also, stay tuned for new information on EPE. Apparently the information communicated by Tony was not completely correct.Thanks,Bill",Neutral
"Attached is a newly revised Credit Watch listing.  If there are any personnel in your group that were not included in this distribution, please insure that they receive a copy of this report.To add additional people to this distribution, or if this report has been sent to you in error, please contact Veronica Espinoza at x.For other questions, please contact Bill Bradford at x, Russell Diamond at x, Brant Reves at x, or Veronica Espinoza at x.",Formal
I received a message without further identification and I'm momentarily baffled.  Maybe the name rings a bell.  Thanks.  Sara,Informal
"Mark,Can one of the paralegals in your group resume sending out the executed list of masters on a monthly basis?  I think Susan Flynn had been doing this in the past.  Considering the rapid pace at which we are executing documents, it would be very helpful for us if we could resume distribution.  Thanks!",Neutral
Attached please find a counterparty list with erms code that could be useful to each of you when entering deals in Sitara and in Tagg.  These counterparties names are used across all desks. If I have left out anyone that you feel could use this list please forward to that person.,Neutral
GentlemenI just spoke to Jeff who had just finished his phone call with Dorman (ATT).  Jeff said that Dorman was very interested in our proposal and even had some ideas on expanding the scope of our ideas.  He said that Dorman would like to get together on Weds.  June  in Washington DC to continue the discussions.  I'm not quite sure what this means except that it appears that Dorman does have a genuine interest in exploring a big deal with EBS.  So I would recommend that we get together early next week with Jeff and maybe with the Adventis guys and prepare for the / meeting.  Ken,Neutral
"Late on October th, we received information about a nonspecific threat to the Enron Center.  We communicated with law enforcement officials who found the threat unsubstantiated and without merit.  Nonetheless we take all threats seriously and have increased the security presence at the Enron Center still further.  Once again, if you observe suspicious behavior, please call security at .",Very Formal
you are the woman.  you provide the food and i provide the income.,
"Brent had to meet with a termite man this morning.  He also had to finish replacing some of the wood studs and electrical plugs, etc. before the construction crew arrived.  The sheetrock has been delivered and the construction crew is now on their way.Brent will be in the office around noon or so.",Neutral
"FYI.  You may have read that Calpine is close to reaching a deal with the state on its overcharges (about $MM).  Note from structuring's analysis that Alan sent around that Calpines share of the stranded costs is about % of the total amount of stranded costs arising from the DWR contracts.  That is, of the $.B (present value) of stranded costs, the Calpine contracts account for about $.B  So, in exchange for settling on $MM, Calpine gets $. B.  Nice work if you can get it.",Neutral
"Pursuant to your request, attached is a very plainvanilla motion to intervene out of time and motion to expedite that you can provide to your nonGallup customers if you like.  If you do so, please inform them that we are not providing this as legal advice but merely as an example, and whether they choose to file in this proceeding and the content of what they file is up to their own respective legal and regulatory departments.",Neutral
"Scott,This should fit your purposes.  Please call me if you need any clarification or if it does not meet your needs.Ben,This is the same model I sent you back at the beginning of December for your scenarios with Rodney.  You may be more accessible to help Scott with any questions that he has though I'm happy to help should you need me.ThanksGrant",Neutral
"Herman:Kay, Chris and I can meet with you on Friday at  AM. Lorie  Please get us a conference room and advise everyone of the room number.Thanks,Ben",Neutral
"very funny today...during the free fall, couldn't price jv and xh low enough on eol, just kept getting cracked.  when we stabilized, customers came in to buy and couldnt price it high enough.  winter versus apr went from + cents when we were at the bottom to + when april rallied at the end even though it should have tightened theoretically.  however, april is being supported just off the strip.  getting word a lot of utilities are going in front of the puc trying to get approval for hedging programs this year.",Informal
"Doug, Ashley's email address is in the cc line if you want to get in touch with her.  I hadn't thought that she might have had to put down a refundable deposit (rather than a hookup fee) for some of the utilities so logistically switching to your name might not be worthwhile, but it may be worth asking.  Remember I have water covered.  Call or email if you have questions!",Formal#Informal(Binary)#Neutral
"Rebecca, Attached, for your information, is a copy of EGM's  plan.  I don't remember if i sent you a copy earlier.mike",Neutral
"I can go either way on this.  I have a nice backyard but no barbecue and not enough tables.  But it sounded like you might prefer not to host, and I don't mind, I just am not setup to do a big group.  I used to have a nice folding table but it was stolen out of my garage.  If you host it I would be happy to help out, bring nice flowers, do the dishes, make the pepper dip...!",Informal
"Dude I have to work New Years Day.  I was sure we were going to get ganked and end up in the Holiday Bowl.  I would have definetly been able to go to that.   I am fucking pissed.  Anyway, I might still go to the Holiday Bowl and root for Texas.",Very Informal
"Just kidding!!  It is in my way back from San Diego.  I will pass Houston on the th, but it is a tight scale.  I don't have my flight itinerary, but is on Sat. in the afternoon.  I will send you the schedule tomorrow, I promise.",Informal
Our regular Wednesday night crowd will be somewhat diminished.  However the most important individuals will be present...Us.,Informal
"Not much has happened with the federal filings since we submitted them (SEC application was filed on February , FERC application was filed on March ).  Ann has been keeping everyone updated on the DOJ review of the HSR filing.  With regard to the FERC filing, FERC separated the section  merger application from the section  joint open access tariff filing.   Interventions and protests to the joint transmission tariff (which will be used by the merged companies once the merger occurs), were due to be filed at the end of March.  Interventions and protests to the section  application are due May .  One party asked FERC to extend the deadline for interventions and protests on the tariff to be extended to May , and FERC granted that request.  However, several parties filed interventions before FERC granted the extension, so some comments have been filed.  The only significant substantive comment came from the Public Utility Commission of Nevada (PUCN).  PUCN opposes the merging parties' license plate rate proposal and instead favors a rolledin rate structure (where the rates of the three individual systems  Nevada Power, Sierra Pacific, and Portland General) are averaged together so that transmission customers on any of the three systems would pay the same transmission rate, regardless of which system they use.  We have some answers to this protest.  First, one of FERC's main concerns with regard to transmission rates is the elimination of pancaked rates (paying multiple transmission rates for moving over multiple systems).  The joint open access tariff eliminates pancaking and uses instead a license plate approach (pay the rate of the system where the power is being delivered and have transmission access over all three systems for that one rate).  Second, if the rates are averaged together, rate payers in the low cost region will pay a higher transmission rate.  Third, depending on the RTO configuration, PGE could be in a separate RTO from Sierra and Nevada, so different rates, at least for PGE, would be warranted.  We plan on filing an answer to the PUCN protest at the same time we file an answer to the other protests and comments that will be filed on May .   FERC does not typically allow answers to protests, so we did not want to submit multiple answers to the various pleadings.  We expect the majority of protests to be filed in the section  merger application docket.  Once we see the extent of the protests, we will have a better idea of whether FERC should be able to issue an order on the merger by the end of July (before they leave for August recess).The SEC proceeding has been quiet.  There are four major mergers ahead of our application (AEP/CSW, Energy East, NSP/New Century, ComEd/PECO), so we do not expect the SEC to focus on our filing until they are closer to ruling on these other mergers.  We will keep you posted on any significant events on the federal side.  In the meantime, please call or email me if you have any questions.Sarah",Neutral
"Gerald,I spoke with the parking department. They said to send an email saying it is alright for me to receive subsidized parking. When you email them, they also need the company #, and RC #. I know you are real busy, so please send the email at your earliest convenience. In addition, if you have any more gas transactional work, please send it my way. Louis Allen is the person that needs to receive the email from you. His address is louis.allen@enron.com. Also, they probably have my legal name, which is Nabil Nachawati. Thank you,Majed",Neutral
"How in the hell do you get out of work at :? Well, you've inspired me  I'm going to haul ass home and maybe make it there by  pm  whoohoooooo! But seriously, call me tonight if you get a chance. If not, I'll try you (if I can dig up your home number somewhere) or call when you get into town this weekend. I'll be around, so we HAVE to hang out at least once. 'Kay? Or I'll just stalk you. 'Kay? Take care.Love,Kate",Very Informal
"Ken Lay has a video message for you about the Chairman's Award on ""Up Front.""  Please go to ""Up Front"" at  to access it.  An audio option and transcript are available for employees who cannot access the video.""Up Front"" will feature open, honest and timely video messages from the Office of the Chairman and Enron management about what's going on around the company.  If you encounter technical difficulties, please contact your IT technical support representative.",Formal
Can you please let me know if there are other deals that go with the deal # referenced above?  We have a total of  MW but this is only for .ThanksJudy,Neutral
"My trip cancelled, so I'm around.  I can pick Michael up at your place if this is easier for you.Kay",Neutral
"Due to the flooding, electrical and communications problems in Houston over the weekend, several Enron Information Technology systems experienced outages.  At this time all critical systems have been restored and should be operational.  In the process of restoring service, several user and common data directories had to be restored from the backup tapes from Thursday evening.  Therefore, some of you may be missing data files on your H drive or M drive that you created or modified on Friday.  If you have any questions or have any IT related problems, please contact the Resolution Center at x for assistance.",Very Formal
Group:Mark has okay'ed having a going away lunch for Rod.  Looks like the week of June th works best for Rod.  Please email Suzanne Adams by Monday of next week any days that week that do not work for you so we can pick a date.  Thanks.Carol,Informal
"Hi, Serge.  I am just checking to see when Enron North America Corp. (""ENA"") will receive your comments to the ISDA Master Agreement for FP&L.  Paul Karns mentioned that you would be devoting some time for review of the agreement.  Please let me know if I can be of any assistance.  You can reach me via email or phone ()  if you have any questions.  I will be negotiating the agreement on behalf of ENA.",Neutral
"OK, so I really screwed up.  I was getting the tickets out last night so I wouldn't forget them this morning and remembered that I am going to the airport, not the office.  So I'll call you when I get in later this afternoon.  I thought about FedEx, but don't want to take the chance that they get lost in the Enron building.  I hope you travel via  to Austin because I think the easiest solution is for me to leave them at my house and you could pick them up on you way out.  I also have a couple of EndZone passes with the tickets.  Sorry for the screwup.  I'll talk to you this afternoon.DG",Informal
"Sorry, but I've been out of town since you sent this.  There have been a couple of errors pointed out to me since the publishing, most of which have apparently been somewhat obvious (i.e. not difficult to figure out).  I'll look into this one and get back to you.Fletcher Sturmp.s.  Thanks for your support!",Neutral
"Attached is the front section of the  Enron Annual Report.  Each of the operating sections have been through a few rounds of edits at the operating company level.  While you are seeing the Chairman's Letter for the first time, it has also been through the PR and IR departments for general direction and consistency with the operating sections.  Not included in this file are the two page spreads that use a more graphicoriented approach to illustrate a particular highlight.  Those highlighted segments are:  Peaking Plants, EnronOnline, Owens Corning, EBS, and Transwestern/Gallup.  We also feature a twocolumn ""callout"" on the Phase II financing for Dabhol.  I will send those items in layout form for the next round of edits.  Each of the spreads have been through numerous operating company reviews. Please send me your comments on this copy by Friday, Feb. .",Neutral
"Here is the file containing the positions before the exotics file was added, positions including the exotics file and the detail supporting the positions.  If you have any questions give me a call.Robin",Neutral
"This is a follow up to the conversation you had with Pat yesterday and to reiterate retro contract assignments.  We have decided to go back to the old process of handling contract assignments midmonth.  This means that if we receive an assignment from legal after the th workday, that assignment will become effective for current month the following month.  For example, if I receive a notice from whomever that XYZ has been assigned to ABC on // for an legal effective date of /, I will create a new deal from / forward.  On the new deal the currect month will be zeroed out under the expected volumes.  Bob would not start nominating this new deal until /, leaving /  / to be moved by volume mangement.If this is not a clear understanding from all parties, please let me know.Rita:  If this becomes burdensome on your group, please let me know and we will readdress this issue.Thanks!!Julie",Neutral
"Cathy, before I forget, would you please make a tee time of approx. pm for  people at the golf course at the Four Seasons under my name (friday).  Also if you would set up massages for Brenda Jones and Chris at about the same time or later.  I would really appreciate it.  All can be a little later but cant be any earlier.  We need to begin golf by pm to finish.thanks,m",Informal
"Enron announces UNLIMITED discounted AstroWorld tickets for employees.Due to overwhelming employee feedback, we have negotiated unlimited discounted AstroWorld tickets for you and your family in place of the traditional ""Enron Day At AstroWorld.""  We hope this will allow Enron families to plan their funfilled summer trips to AstroWorld at their own convenience.  Enron AstroWorld tickets are $. (Retail $), which includes admission for one, plus a $ meal ticket to one of five restaurants at AstroWorld.Six Flags AstroWorld is a worldclass family entertainment complex filled with exciting rides and attractions, including  heartpounding coasters, over   blockbuster shows, interactive street entertainers and starstudded concerts.  Enron families will be able to purchase unlimited tickets for use anytime during the  season.Tickets will be on sale at Enron's Federal Credit Union, EB.  Visit the credit union in person to make your purchases.  AstroWorld tickets will not be mailed.  Enron employees who are not already Enron FCU members may pay by cash or money order only.  All Enron Employees are encouraged to take advantage of this great summer fun deal and may purchase tickets through August th.",Very Formal
"cooperare you guys having trouble pulling the hourly iso data?  if not, let me know so i can get this query fixed.  it is missing data for certain days and data for imports/exports.  thanks for your help.matt",Informal
"Jennifer,As it stands right now, don't count me in for dinner.  I may call you tonight or tomorrow if it works out that I can come.  I think my friends would like it, but they're here seeing someone else as well.  If I don't make it to dinner, we'll definitely meet you guys out afterwards.Mat",Informal
"Mike,Attached is the ""Net Works"" section we discussed.  In addition, could you ask the Online team for the missing information in this Jeff Skilling earnings release quote.  We need to distribute the earnings release draft early this afternoon. ""In the second quarter, EnronOnline registered a ______% increase in volumes and a _____% increase in transactions versus the first quarter.""Thanks,Mark",Neutral
"The attached file contains a list of the variables we identified in our August th meeting.  I tried to break them down into smaller group just for organizational purposes.  The items under Prices and Temperatures should be easy to gather using the LIM database.  The items in the Other category may require more research.  What we have done in the past if we could not find the exact variable try and fine a proxy for it.  For example it may be difficult to find irrigation usage, but less difficult to find precipitation in a region.  Since these two items would intuitively seem to have an inverse relationship it may be possible to use precipitation as a proxy for irrigation.  After we have begun to research the Other variables we may have to come back to you and discuss proxy variables so keep that in mind.  We added a column for use to keep track of the statues on each variable this is just for us to keep track of where we found the variable or why we did not pursue it.  Let me know if we have missed anything or you have subsequently thought of anything not on the list.",Neutral
"Drew,		Steve Harris and the other Transwestern commercial people are seeking guidance on what limits will be imposed by the new credit facility on Transwestern's dealings with affiliates, most notably EWS/ENA. Will it be necessary to obtain the consent of the lenders before Transwestern may enter into any transaction with an affiliate? Are there de minimis exceptions? Are there any plans to obtain preapproval of either certain categories of transactions or transactions up to an aggregate dollar limit? Any feedback would be greatly appreciated. Thanks.",Neutral
"A W calculates how much federal tax is withheld from your paycheck each pay period.  There are two basic drivers:  number of dependents and filing status.  The higher the number of dependents, the less is withheld.  Married and jointly will also have less withheld than married and seperately.  There is really no right or wrong answer, only opinion.  If you want more withheld each pay period so that there is less of a chance of actually owing $ on April th, then claim fewer dependents and married and seperately.  If you don't want the government to get your $ interest free, but are aware that you may owe $ later on (April th), then claim a higher number of dependents and married and jointly.  I hope that made sense.DG",Neutral
"One day, three men were hiking and unexpectedly came upon a large raging, violent river. They needed to get to the other side, but had no idea of how to do so. The first man prayed to God, saying, ""Please God, give me the strength to cross this river."" Poof! God gave him big arms and strong legs, and he was able to swim across the river in about two hours, after almost drowning a couple of times.Seeing this, the second man prayed to God, saying, ""Please God, give me the strength ..and the tools to cross this river."" Poof! God gave him a rowboat and he was able to row across the river in about an hour, after almost capsizing the boat a couple of times.The third man had seen how this worked out for the other two, so he also prayed to God saying, ""Please God, give me the strength and the tools...and the intelligence ... to cross this river."" And poof! God turned him into a woman. She looked at the map, hiked upstream a couple of hundred yards, then walked across the bridge.SEND THIS TO A SMART WOMAN WHO NEEDS A LAUGH AND TO THE GUYS YOU THINK CAN HANDLE IT!",Neutral
Here is the latest presentation we have on the structure of our deal.  If you have any questions please call Don Black at () . ThanksBen,Neutral
"Initially an invitation was sent out for Friday the th.  However, not all interviewers were available on that day.   Thanks!",Neutral
"Sorry for the late notice, but plans were just finalized last night over much social lubrication at a local meeting establishment.  So here's the scoop.  The University has some issues with us having a large party unregulated by them, so we are not having a party.  We are not having a party tomorrow starting at noon beside the Rubgy field in the stadium parking lot (same place as last year).     We are going undercover without a tent.  This is the Tailgate Unplugged.  No tents, no big Bud trucks, no big blow up penguins, no  lbs of fajitas, and no  kegs (notice there was also no desperate plea for sponsorship money).  The original  ot  of us are just going to hang out in the parking lot with  can of beer each.  Of course, being the liver impaired individuals that we are, the single beer can we each have should have will probably hold about, ohhh, say... gallons.Come if you can, rain or shine, and not party with us.Mark",Informal
Please take a look at this history of the regulatory issues on Hubbard.  Note that I am still trying to confirm some potentially helpful facts.  I'll walk you through what I think this means on Monday or whenever you have time.  Thanks.   DF,Neutral
"Attached is additional background on the solution that Ken Lay discussed today and that Enron is proposing as a comprehensive solution to California's electricity crisis.  If you have any  questions, don't hesitate to contact me at .. or on my pager at ...Best regards,Jeff",Neutral
"Stick this in your pipe and smoke it, you uppity OU   #@$%.  Predictions on= ?the OUNU game?????Despite a constant barrage of distracting gossip and i=nnuendo, maybe the most ?famous backup quarterback in college football hist=ory is staying put. ?Rumormongers, put that on your Web site and read it. ?=""People don't understand that I have no interest in transferring, and I don='t ?want to transfer,'' Simms said. ""I'm happy here."" ?Simms insists he isn='t joining his best friend and former high school ?fullback Greg Toal at Bo=ston College, as was rumored by a wildly offbase ?ESPN report on Tuesday. =He isn't going to Georgia as speculation at that SEC ?outpost suggested las=t week. He isn't going to Tennessee, his original first ?choice out of high= school before changing his mind and signing with Texas. He ?isn't going to= other rumored destinations Penn State or Marshall. ???????=Paul.Pfeffer@=bakerbotts.com?=// : AM?== ?== To: gerald.nemec@enron=.com?== cc: ?== Subject: Simms???Gerald,??Chris Simms is disgruntle=d and is going to transfer to Boston College at the?end of the season.  Pas=s it on.???",Very Informal
"I am hoping we can get together ASAP!!!!  You might (and are well on the way) of becoming an addicion for me.  Give me, give me, give me...I need, I need!  Glad you found someone to take my spot in the limo...NOT!  How would you like to ask me to dinner sometime?",Informal
"don't want to exert any energy now that i have a ""temporary' plate for the harley.......vvvvrrrrroooooommmmm..............vvvvvrrrrooooommmmmm!",Very Informal
"There will be a trader's roundtable meeting today in EB at :PM.  Please let me know if you are unable to attend.Thank you,Jennifer",Neutral
"Luanne:Thanks.  I will take a look at this.  Please do prepare execution sets of everything.  If you send them to me by mail (email would be fine too) my address is  Smith Street, Suite , Houston, Texas .Carol",Neutral
"Elizabeth,Attached are the short form of GTC's that we would like to use in connection with our telecom transactions.  Certain provisions of these GTC's are bracketed and I would appreciate your view as to whether or not these provisions should be included.  Also please note that I have incorporated the termination provisions that you sent to me by fax and these provisions are bracketed and set forth in Section .  Let us have your feedback when you can, as we would like to start using these (and preparing a version for use with our advertising master!)  Thanks in advance for your help!! Cynthia",Neutral
"Louise,I don't think we have much value in assigning the broker client deals. Most contracts have automatically terminated or have been terminated by the brokers on account of not having access to the submission screens.There is very little outstanding money left in these contracts, anyway  most of them have monthly payments and those which do not are paid to only Q , anyway.Therefore, I think there is little value in pursuing assignment of these and I recommend we instead pursue new contracts (at the appropriate time), perhaps with the first few months free to soothe any bad feelings on their part.Do you agree?DaveSummary of position:",Formal
"After several very difficult weeks, Enron announced on Friday that the company has reached an agreement to merge with Dynegy.  I know that everyone has many questions right now regarding the future of the Associate / Analyst Program.  We are working as quickly as possible with the business units and executive management to determine the future course of the Program.  As the merger points on the Enron homepage indicate (< Dynegy has a similar program called ""PACE"", and the two companies will consider a combination of the two programs.  Today, all of the business units within Enron will be holding floor meetings to discuss the pending merger and it's implications for Enron.  I encourage each of you to participate in one of these meetings.  The announcement of the deal with Dynegy marks a significant event in removing some of the uncertainties we've all dealt with over the past several weeks.  As decisions are made regarding the future of the company and specific business units, we will be able to determine and communicate the future of the Program.New opportunities will be created from the changes that are occurring.  The very best talent from both organizations will rise to the top, and our Associates and Analysts will be a key part of our future success.I appreciate your continued efforts and patience during this difficult time.Billy LemmonsVice President,  Associate / Analyst Program",Formal
"Hi Andy,I was wondering if you had some to sit down and talk to me. Basically I 'm trying to figure out what my options are after EOL. I don't see too many openeings at Enron and was wondering if you could help me out. Thanks.Savita",Neutral
"In looking through Lotus Notes for EOL, it appears we have two active masters for Santa Fe Snyder Corporation.  Does anyone know which one is the active master?",Neutral
"Hi Robin,Alright, if this is not correct you have permission to beat me within an inch of my life (and I'll be in Houston next week too!).The IMPositions xls file is also saved to the Houston Directory.See you in person next week!, I'll let you know when we're official.Brian",Informal
"As per our discussion, Keith Clark's offer letter incorrectly classified Keith as a Specialist, when he should have been brought in as a Sr. Specialist.  Please correct our records accordingly.Thank youSheri Thomas",Formal
I have a very important video announcement about the future of our company.  Please go to  to access the video.  Thank you.,Neutral
"Please have a look at this and see if you spot anything that needs to be added. I'd like to add our gas quality specs and equipment specs mentioned in Sect. .. Next I want to circulate to engineering and operations for comment.Thanks,Paul",Neutral
"I will be getting out my Rice and Texas applications on Tuesday the st, so if your able to complete these recommendation forms before or on Tuesday I would greatly appreciate it.  I leave for a Christmas vacation on Wednesday and wanted to get it out before I left.  If your not able to please let me know and I'll adjust my time frame.  Thanks again for taking the time to write these recommendations for me.Ben",Neutral
"Gerald,I just spoke with Tina Horn from the Cameron Parish.  They received the letter voiding the original agreement.  She said that since using it for potable water was the only use they had in mind, they won't be needing the ROA to the pipeline.  (Actually, she told me that their engineer had told them that it would be possible to clean the pipeline to the point that it could be used for potable water.)In light of this, could you please look into the procedures for abandoning the pipeline according to Louisiana law?Thanks for your help,Rakhix",Neutral
"I assume the severance question is only going to former employees, wbut the doctor question goes to both current and former employees. Let me know if the plan is different. MichelleSent from my BlackBerry Wireless Handheld (",Neutral
"Please join us to coordinate the implementation of this agreement and ensure that all the necessary groups are up to speed (daily, hourly, control room, risk, V/M and settlements).",Neutral
"I got a voicemail fro Ken.  He would be happy to meet with Freeman.  He is willing to work on other times, but suggested the followingAfter : on May nd (right after Ken's speech to the RGA) or late the day before or in the morning of the second (to do this though he would have to cancel his speech to the Texas Governor's business council but he is willing to do this if necessary)His least preferred alternative in this general time frame would be early morning on the third.Jeff  could you coordinate with Rosie to get the time and place nailed down?",Neutral
"Lloyd,I would like Ricardo and I to sit down with Kevin and go over how our PJM load forecast model works. I want to use it, or a version of it, for day to day sensitivity analysis. I haven't met Kevin yet so if you could mention this to him I would appreciate it. I would also like to sit down with you some time this week to talk about PJM fundamentals and coordinating our analytical efforts. I want to get a feel for what we have done and set some goals as to what needs to be done. Let me know if one afternoon this week works for you. Thanx,Chris Dorland",Formal
Your copies are being mailed out today.Your official receipt will come in the mail from TO.bmg,Neutral
"What is this email about?  Do I need to do anything?  Also, your attachment is unreadable because the columns are overlapping.",Neutral
"E:mail messages says to check website to determine whether or not DSL is available at my home.  However, I don't see a spot on the website to check that information.  Can you provide more details?",Neutral
"Christie,I have two persons in my group helping me with the Wharton andRice projects. By the way, the project I gave to Rice students isexactly the same as the project for Wharton. We shall see who is better.Their names are Li Sun  and Kenneth Parkhill.Can we invite them to the dinner on the th and to the meetingson Friday?Vince",Neutral
i didn't go.  i stayed here.  how is work going?  have you been going out at all?  i havent seen you since sherlocks.  are you going to def leppard tomorrow night?  it is gonna rock.  let me know what is going on for the weekend.  i am definately going out on sat night.,Informal
"Attached is the updated Atlantic  Analyst Report. We will also haveavailable a printed copy for each of you on Friday morning. Thank you foryour patience. I look forward to seeing you this weekend.Sincerely,Arif Joshi",Neutral
"It's me, Kari Bullington.  I just thought I would drop you a line and sayhello!!!  How are you?I sure hated to hear about Troy.  I don't understand how something like thatcan happen to such an all around great person.Hope to hear from you!!Kari",Informal
i have a tee time for sat @ .  let me know if you think you can play today.  the course is sienna plantation.,Informal
Paul Leanza with Clinton may have a market for the Peoples Gas.  Dick wanted me to talk to you to see if it sounds ok.  Give me a call when you get a chance.,Informal
"Although we hate to lose her, Holli has resigned from her position with Enron in Portland to pursue other career interests.  She will be coming in later this week or next to say her goodbyes, but other than that she will not be in.  Please refer any business or phone calls that you would have referred to Holli to me, or, in my absence, to John Malowney or Stewart Rosman.  ThanksChris",Formal
"arvel has told me that a gas sample at the tailgate of the plant should be taken today.  he said that dan reineke said that the plant does compress and also removes the liquids, so, we s/b in spec.",Informal
"Carol:I have attempted to incorporate the changes that Jim has incorporated in our long form power agreement which ENA has suggested to date into the short form.  Attached please find a sample short form (for the Con Ed market) for your review.  Please note the following as you review:.  The short forms do not contain the optionality relating to our performing billing services  all of our midmarket  forms anticipate that we will act as customer's billing agent and that we will collect all amounts due related to T&D and the like from the customer (and reflect same on our invoice) and pass those amounts on to the customer's utility..  I did not include a ""Setoff"" provision in this draft, mainly because the vast majority of the time, we will not, nor will an affiliate, have another agreement in place with these customers.  If you feel strongly about our including a setoff provision, we will do so..  The change in law provision reads a bit differently from the long form  the thinking here is that the long form language is very lengthy and rather harsh (and we've had great difficulty selling it in the past).  Taking into consideration this class of customer, we decided to include certain items, including our inability to cover our costs due to a change in law, rules or practices as a ""force majeure event"" in an effort to soften the approach (see the GTCs).  Also we do not address calculation of a termination payment in the event of a change in law as the long form does  again, more in the interest of ""saving space"" than anything else...Let us know your thoughts on this document and if you are comfortable with our using this until such time as the hybrid form is launched.  If you are comfortable, we will drive these changes into our other midmarket power forms.Thanks again for your help with this project,MarianneP.S.  Please be sure to copy Sarah Dietrich and Jennifer Hillegonds on your response  they will be taking this project during my ""hiatus""    I am moving to PA on Friday of this week, and will be out of pocket through approximately /.  I will start up again in midJuly...",Neutral
"Hi Jeff,I've been asked by the Mayor's office (see email below) to confirm interest in a news conference on the search committee with the Mayor, yourself and possibly other committee members present. I'm happy to take the lead on organizing this  I just need some idea of timing on your end as well as your preference on participants.Lisa",Neutral
"Daren  I need your help in resolving this issue.  There wasn't any deal in OSS for the above reference meter, nor could I find anything in CPR.  The contract shows  representing a sale in the amount of .Thanks, Stella",Neutral
"The atty that we talked about in Fla. is Paul Lester, Tel # . He is expecting your call. Please let me know after you have talked to him. Thx.",Neutral
"Stuart,Your ears, or maybe mine, must have been burning lately.  I have been thinking about you over the past couple of days and wanted to call you and schedule lunch.  Is your new office in the Greenway Plaza area?  Gosh, we have lots to catch up on from both your side and mine.Congratulations!  I know you must be excited and I can't wait to hear about your new opportunities with WHES!What is you schedule the week of March ?  Are you available for lunch anytime the week of /?Thanks, Kim.",Informal
"You forget that I also studied French, mon amie.  I may not be able to write it any more, but I can still read it.Susan",Informal
you're kidding! that's ludicrous! what exactly is there?,
"Chris,If you have time today, can we go over the basics?  Also, can you get a room or shall I get something on ?",Neutral
Attached is the proposed form of Termination Agreement.   I have requested copies of the relevant confirmations from the Confirm Desk to confirm that the transactions are referenced correctly.  Please let me know if you have any comments.,Neutral
"Please be aware that remote connectivity into the  Enron network has changed, IPASS is no longer available. Remote Connectivity into Enron may be obtained by using the eConnect solution.  Authorization to use eConnect may be requested via the eRequest system (you will find a link to eRequest on Email is accessible from any computer with internet connectivity by logging into Outlook Web Access  with your NT login ID and password. Accessing OWA does not require an eConnect connection.Please direct all questions or concerns to the Resolution Center at ETS customers should direct inquiries to the ETS Solution Center at We appreciate your cooperation in advance",Very Formal
"Great!  Have a wonderful weekend  hope all goes well with the move.  As I mentioned, we'll be out of town this weekend, so Emma and I will try to stop by on Monday to see the house and the kitties!Leslie",Informal
You have received this message because someone has attempted to send you an email from outside of Enron with an attachment type that Enron does not allow into our messaging environment. Your email has been quarantined and is being held at the MailSweeper server.,Very Formal
"is anyone from denver going?  let me know what the guest list looks like.  i would love to go, but i need to check flights and all that stuff.",Informal
"Okay gang, it's time to rally the troops.  Evidently last week wasn't good for any of us to get together at our local watering hole (a.k.a Little Woodrow's)...but, I'm hoping the story is a little different this week.  Our own Nick Stephan is back in Htown for the week and has made a special request for a fullfledged ""Steak Night"" (that means good attendance).  Not that I ever need an excuse to enjoy good company, steak, beer, etc. at LW's, but if I did I could think of few better reasons than a visiting expat.  Besides, given the absolutely beautiful weather we are currently enjoying, the picnic tables and deck are beckoning.  I'm going to set a tentative meeting time of : p.m. this Wednesday...get back to me at your convenience and let me know if we should stick with that time or not.  Hope everyone had a relaxing weekend and is having a good Monday (isn't that an oxymoron?).Susan""When I read about the evils of drinking, I gave up reading.""                             Henny Youngman",Informal
Howdy stranger?  Can we please go out sometime.  I want to hear about all the latest details!!!!!Jeff,Informal
"In anticipation of the imminent closing of the UBSW Energy transaction, please have all outstanding employee expenses in your possession filed through Enron's XMS system as soon as possible.   Note to approvers  please approve these expense reports quickly.   Enron will process and pay all preclosing expenses.   After transaction closing,  payments  for expenses submitted before closing (and put into Enron's XMS system) will be sent to your last known address or direct deposited into your account.Enron has committed to processing and paying any expenses incurred prior to transaction closing.   If not completed this week, preclosing expenses should be submitted on a  hard copy expense report form which will be available at   		There will be a series of emails coming out over the next few days highlighting the Travel & Entertainment policies of UBSW Energy and the procedures for processing and payment.   If you have any questions, please contact Hope Vargas () or Georganne Hodges ().",Very Formal
"Enron is forming a new organization   the Enron Xcelerator   to drive the formation and development of new businesses at Enron.  Enron's unique ability to start and develop new businesses has driven most of our growth over the years.  Lou L. Pai, currently Chairman and CEO of Enron Energy Services, will lead the Xcelerator.  Over his years at Enron, Lou has been key to the creation and rapid growth of our wholesale gas, wholesale power and energy service businesses.  The existing business units will continue their development of core businesses, while the Xcelerator will be responsible for developing new business opportunities that are natural extensions of Enron's business model and core skills, but not currently under development elsewhere in Enron.Dave Delainey, currently President and CEO of Enron Americas, will become Chairman and CEO of Enron Energy Services.  Dave brings a wealth of experience and accomplishment from Enron Wholesale Services' businesses where he led the growth of our Canadian business and our North American origination activity and, most recently, had a great year in Enron Americas.Dave is forming an Office of the Chairman in EES.  Joining Dave in the Office of the Chairman are Dan Leff, President of EES, Global Energy Services, and Marty Sunde, President of EES, Global Marketing and Services.  Dan and Marty have been instrumental in the development and execution of the successful EES business model.  Also joining the Office of the Chairman of EES is Janet Dietrich as Chief Operating Officer.  Janet, currently is Managing Director in Enron Americas, where she has been successful in many of Enron Wholesale's core businesses, including gas trading, risk management and structural origination.  Tom White will continue as Vice Chairman of EES and will focus on the development and expansion of EES' customer relationships.  Lou, Tom, Dan, Marty and the entire EES organization have developed a great business model with great growth prospects.  EES has become an essential part of Enron's market valuation and growth story.  This new leadership structure will enable EES to continue on its path of sustained growth and increasing profitability.John Lavorato will succeed Dave as President and CEO of Enron Americas.  John has been an essential part of Enron's energy trading success over the years and is a key part of Enron Wholesale Services' continuing success story.  Joining John is Louise Kitchen, currently President and CEO of Enron NetWorks.  Louise, who accelerated Enron's outstanding growth with the deployment of EnronOnline, will take over as Chief Operating Officer of Enron Americas.Philippe Bibi, currently Chief Operating Officer of Enron NetWorks will take over as President and CEO of Enron NetWorks.  Under Philippe's leadership, Enron has become a technology leader and the leading ecommerce company.  Joining Philippe as Chief Operating Officer is Greg Piper, currently Managing Director of Enron NetWorks.  Greg currently leads Enron NetWork's origination activity and was responsible for the creation and deployment of ClickPaper, Enron's successful online pulp and paper marketplace.Please join us in congratulating all of these individuals on their achievements and their new responsibilities.",Very Formal
"Well we have had our first accident at the new building...But it really wasn'tthe building's fault...Armin and Lolo worked all evening installing the largestof our  garage doors on the warehouse.  It's a really tall and wide door, sothat large trucks can pull all the way into the warehouse to unload.  Well, allwent well with the installation, and it was time for them to go.   Lolo closedand locked the garage door while Armin loaded up his work truck to leave.When Armin slammed the sliding side door shut, he somehow forgot to let gowith his left hand...so the door slammed shut with his fingers in it.  That'snot the worst, Armin had locked the door before he slammed it shut!  It waslocked with his fingers smashed inside!!!  That's STILL not the worst!  He hadalready cranked the truck, so the keys were in the ignition on the oposite sideof the truck from where he was trapped!!!!Thank GOD LOLO HADN'T LEFT YET!!! He got the keys and unlocked the door, freeingArmin's smashed  middle fingers.  If he would've been alone there, as henormally is late at night, it would've been terrible!!!So he came home around : PM in shock with pain.  He took aspirin and wasfinally able to sleep about  AM.  This morning he could move them, but they areswollen and purple and very painful.  Of course, he won't go to the doctor, Hesays that they aren't broken ? ? ? But he is in a lot of pain.  He must havebeen terribly tired to do something so stupid.  He needs to take a break, but hewon't...hopefully when Melissa and family get here he will slow down.Hope you all are having a safe week!Connie",Informal
Suzanne:Please set up a meeting next week with Rod Nelson to talk about issues relating to the Reliant Energy Services draft ISDA and CSA Schedules.  We probably need about  hour.  Thanks.Carol,Neutral
Thanks for the report.  Anything you need help with?  Did all the compensation issues get resolved with Gary and you?,Neutral
there is an offer to join a golf club called the houston oaks for $/mo.  there are  holes.  i heard it is a good couse.  it is up near  and hwy .  the only thing you pay for is a cart.  sounds like a good deal.  i heard it is a nice course.  i am thinking of getting in if anyone else is interested.  let me know today what you think.,Informal
"Sounds good...I failed to comment on your movie question.  No, I haven't seen any lately so that sounds good to me too.  I've been going crazy on the internet today looking for things/places to do/go.  Anyway, I was also remembering how wonderful getting that massage was last time I was there and wondered if you knew of a good spa close by your place that maybe we could both go to ( or I could go to while you're studying).  Just a thought.",Informal
"i'm glad we ran into each other at woodrow's on friday.  hope you had fun.i had a blast.a lot of my friends work at enron now, maybe we know more people in common.have a great day!  maybe i'll hear from you soon....rosie",Informal
"Please review the attached press release, which we'd like to issue as soon as possible this morning.  Please confirm that we have, in fact, closed on the $ million, and let me know if you have any additional comments.Thank you.Karen",Formal
"For each of the last  years the Enron Kids Committee has chosen an underprivileged HISD elementary school and offered to ""sponsor"" every child in that school.  What we mean by ""sponsor"" is that we outfit the child from head to toe plus give each of them a toy and book.  The presents are then handed out to the children at their school Holiday Party in December.  For most of these kids, it is their only Christmas present.I am once again coordinating the volunteer / adoption efforts for ETS.  Some ETS departments and employees have already sponsored a child thanks for your support.  But thus far, we have only adopted  of  children.  We need more help!!!!If you would like to participate, I will coordinate collections and adoptions.  Simply reply back to this email with the amount you would like to contribute.  It costs about $ to ""sponsor"" each child.  Last year we were able to adopt  children. All the funds collected will be matched by the Enron Foundation.  The matching funds will be used to buy books and computers for the school.   I will also need volunteers for shopping.  If you would like to shop for the kids we sponsor, please let me know.Thanks for your support!!Kevin Hyatt x & The Enron Kids Committee",Formal
"Michael probably won't be at school tomorrow, unless he really perks up quickly. However, I was thinking of bringing him up there to get his picture taken, if he feels up to it.  Do you think there would be a problem with that?  Any idea when and where I should take him?Thanks!Kay",Informal
"Attached is the final draft of the press release relating to Project True Blue.  It has been approved by the deal team, outside counsel, and Investor Relations.  I propose issuing the release one hour after sending the proposal letter to True Blue's board.   True Blue should issue a press release acknowledging receipt of the offer as well as file the letter as part of an K.  True Blue's timing should be approximately onehalf hour after our release.Please send any comments to me at , or reply to this email.Mark Palmer",Neutral
"Hi Mum!  The trip was pretty exhausting.  Friday we saw Hoover Dam, had lunch at a great diner in Kingman (on Route !) and rolled into Sedona around .  Climbed around the red rocks of Sedona all day on Saturday, sat by the pool in the afternoon and I did some shopping.   Sunday we drove to Grand Canyon and did part of the Bright Angel trail.  That was pretty strenuous but definitely worth it.  Wish we could have made it a longer trip but we had Bill's trial schedule to deal with.  I'll spare you the details of my trip home  suffice it to say I didn't make it back to Houston until about noon yesterday and have a $ travel voucher for my trouble.I will definitely come to Austin next weekend but probably will not get in until later on Saturday.  How about a homemade (by Chef Sooz) brunch on Sunday a.m.?Have to run to a meeting ... for race info, I would try a search for Texaco or Texaco Gran(d?) Prix on the Internet.  I know that Texaco probably has it on their website.  If you don't find anything let me know.Love,Sooz",Informal
"screw you ya gimp, and especially screw you grandpa and yourfreakin' flea circus.",Very Informal
"Don:I put in a call to Kinder/Morgan this morning.  I have not heard back from Anthony Lannie, who will be heading up this process for them.  Again, I think they will be interested, but probably through a joint bid with Southern.    I will continue to follow up with these guys to measure there interest.Ben",Neutral
"Finney, Congratulations on the new baby!Are you sure you picked up the right one at the hospital?  She is too cute to have anything to do with you.  Hope everybody is doing good and ya'll are getting at least a little sleep.Daren",Informal
"From the donations I received for Bob, we were able to purchase an engraved plaque as a momento for Bob of our donation to the Baptist Memorial Center (the nursing home Bob's Grandmother lived in for the past  years).  Since this is a very emotional time, I quietly gave Bob the plaque and card right before lunch today.  You may drop by to see it at your discretion.He was extremely touched!  I am waiting to mail the donation until later this week because I have a feeling there is still one or two people who may want to contribute and have been too busy to do so.  Thank you again to everyone for keeping Bob and his family in your thoughts and prayers.Becky",Informal#Informal(Binary)
"In anticipation of the imminent closing of the UBSW Energy transaction, please have all outstanding employee expenses in your possession filed through Enron's XMS system as soon as possible.   Note to approvers  please approve these expense reports quickly.   Enron will process and pay all preclosing expenses.   After transaction closing,  payments  for expenses submitted before closing (and put into Enron's XMS system) will be sent to your last known address or direct deposited into your account.Enron has committed to processing and paying any expenses incurred prior to transaction closing.   If not completed this week, preclosing expenses should be submitted on a  hard copy expense report form which will be available at   		There will be a series of emails coming out over the next few days highlighting the Travel & Entertainment policies of UBSW Energy and the procedures for processing and payment.   If you have any questions, please contact Hope Vargas () or Georganne Hodges ().",Very Formal
"Well actually no but I have been hanging out a lot with someone that I really really like a lot.  And well, I haven't neccisarily been going without just not in the past few weeks.",Neutral
"Harry,A little birdie told me today was your birthday!!  Unfortunately the little birdie gave me the wrong email address the first time or you would have had this email earlier.  Anyway, I wanted to wish you a very Happy Birthday.  Hope you have a great day and we'll see you guys this weekend.Robin",Informal
it is only worth it for $/hole.  you shouldn't even waste your money on a nice course.  you need lessons.  stop losing money to me and wasting your money at a nice course.  lessons will help.,Informal
"Earlier today, I stepped down as Enron's Chairman of the Board and Chief Executive Officer.  This decision was reached in cooperation with Enron's Board and the Creditor Committee and is effective immediately.To emerge from bankruptcy, Enron needs a CEO who can focus  percent of his or her efforts on rebuilding the company.  Unfortunately, with multiple inquiries and investigations that require my immediate attention, at this time I am unable to fully concentrate on what is most important to Enron's stakeholders  preserving value for our creditors and our dedicated employees.The Creditor Committee has begun a search for a restructuring specialist to serve as interim CEO to help the company emerge from bankruptcy.  This individual will join Enron's remaining management team to direct the company's ongoing operations.I truly believe Enron can and will survive.  I will remain a Director of the Board to help see that it does.During my time at Enron, I have witnessed tremendous change and opportunity.  I have seen people rigorously grow and maintain one of the world's most efficient and safest gas pipeline networks; I have seen people dedicate themselves to a cause that became a passion  the opening of energy markets; I have observed smart people come together as a team to build creative solutions like EnronOnline; and I have watched people tirelessly give of themselves to help their fellow employees and those in the community.  Regardless of what has happened, I am proud of so much of what we were able to accomplish here.Thank you for your contributions to the company and for the inspiration you have been to me over the years.Ken Lay",Formal
Brock... what's going on ?  We need to hear back from you regarding work.  I left you a message and Dawn has left you two !!! Send me an email as soon as you get this verifying your status.. I need to hear from you by monday.  Please reply to my home email address at Tic@home.com.Thanks agains.  BT,Informal
Hey!  Did you ever chat with my buddy Ishi?  Are you going to work for Enron?  We get discounted deal tickets to Astroworld every April  you don't want to miss that!!,Informal
"Alan Aronowitz is working on a presentation he has to give in Singapore on Global Energy Derivatives, and wanted to put a little blurb in of some kind about weather.  He wanted to see if he could get a copy of the presentation you and Mike Corbally gave at the ISDA seminar to see if there were any slides that might be helpful for his presentation.  Do you have a copy I can provide him?  Thanks!",Neutral
Congratulations on your latest achievement!  It's great that you are recognized for all your hard work and dedication.  Sincerely  rl,Neutral
"Enron is in the process of renegotiating our contract with Dow Jones Interactive and we need to know if you are currentlyaccessing this data.  In the near future there will be a cost associated with this information and you are currently listed ashaving a license.  Please click on the below link and let us know if you need continued access to this service.Thank You, Market Data",Formal
"Hi Pete,Would you mind shooting me back an email to let me know if I have the right address.  Brad McKay had actually given me your new work number, but unfortunately you were off the desk when I tried to call a few minutes ago.  Not too long after you departed, I too ultimately chose to decline joining UBS and am currently in the midst of researching new opportunities, interviewing, etc.  On that front, I was hoping to pick your brain a bit about a few things.  Thanks,Susan",Neutral
"Today was a very difficult day for us as market uncertainty continued.  Recent news reports, including The Wall Street Journal article today, have speculated about possible mergers, takeovers and equity investors as options that Enron is considering.  The reason you have not seen us responding to these reports is that it is our corporate policy not to comment on market speculation.  However, I will tell you that we are evaluating all options to protect the financial stability of this company.  I will keep you updated on developments as they occur.",Neutral
Hi AndyI would be happy to participate in whatever session/role in either or both Atlanta and/or Newport that you think would be helpful/appropriate  just let me know.  Thanks  Hope all is well.,Formal
"Hi all,I have made modifications on the model as requested.  It now handles differentvolatility curves as well as  different hour blocks. Alex",Neutral
"Today we announced the appointment of Jeff McMahon as Enron's chief financial officer.  In my continued discussions with the financial community yesterday and today, it became clear that this move was required to restore investor confidence.  Jeff has unparalleled qualifications and a deep and thorough understanding of Enron.  He is already on the job and hard at work on the issues before us.  Andy Fastow will be on a leave of absence from the company.  Jeff had been serving as chairman and CEO of Enron Industrial Markets. He joined Enron in  and spent three years in the London office as chief financial officer for Enron's European operations.  Upon returning to the U.S., Jeff was executive vice president of finance and treasurer for Enron Corp.  In , he was named president and chief operating officer of Enron Net Works.I know all of you are concerned about the continuing decline in our share price.  I am too, and we are working very hard to turn it around.  Appointing Jeff as CFO is one important step in that process.  But most of the solution involves just continuing to do our jobs with excellence.  The fundamentals of our business are strong, and I think the market will begin to see that as we continue to perform.Please join me in giving Jeff your full support, and thank you for all of your continued hard work.",Formal
"As most of you know, American Airlines Flight  from Boston to Los Angeles was hijacked yesterday and then crashed into the north tower of the World Trade Center in New York.  We are very sorry to report that we believe an Enron employee was on board that flight.   Nick Humber, a director in Enron Wind's commercial origination group, was listed on the flight's manifest, and although his family has not received official confirmation that he boarded the flight, they have been unable to contact him.  Nick was based in Boston and was traveling to Los Angeles for a meeting.  We have talked with Nick's family and offered our full support.  Please continue to keep Nick's family and everyone affected by this horrific event in your thoughts and prayers.",Neutral
"Dear Bro...how are you ?.... haven't talked in  ages... so to me that means all is well..... Melinda said yu guys tried to call  on Xmas... you must have dialed srong #... oh well... I had a wonderful  day...Lon and I gave each other a dining? delight at Emeril Lagase's Del  Monico Steak House...( fancy fancy place) it was grand... you know one of those  joints that they remove your fork every too minutes and replace water glasses  and flame your desserts!!!! It was really fun....so is our new space in the  sun....it is sooooooo quiet here,the refigerator makes too much noise...tee hee  ...any way we just got back from a trip to Joshua Tree Calif...out where the  hippies play and young rock? climbers hang...it was? lots of fun..  very beautiful!!!Spud and Lupe D walk the desert and climbed rocks a fun family  outting..well Lon is making Thai food with spicy peanut sauce so I should go and  check it out..love to you Jboy hope all is good ..later  LLLLLGGRRRLLL",Informal
"Hi Rev. JacksonHow's it going?  I'm sure I'll be seeing you tonight at choir rehearsal, but I was curious if anything new happened on the choir director front?Let me know if you get this email in time to respond.  I'll be leaving at : directly.See you tonight!",Neutral
the bitch would like you to change the . MM bid/offer to  MM,Very Informal
i think she is in.  i would stay away from scheduling.  you definately don't want to do that.  we might go out tonight to sierra.  i will let you know.,Informal
"Melissa,  I wasn't able to redline this version, but I added sections  and  and added futher language to Sections  and .  Hopefully you can redline it against your old version.  Let me know what you think about environmental indemnity language.  I think is is prudent from the view that Black Hills and has been using the Premises for some time and we are not sure what is out there.",Neutral
it is like $/ticket so i am going to need some cash b/c i am not that big of a shooter yet.  let me call a little later.,Informal
"Enron is forming a new organization   the Enron Xcelerator   to drive the formation and development of new businesses at Enron.  Enron's unique ability to start and develop new businesses has driven most of our growth over the years.  Lou L. Pai, currently Chairman and CEO of Enron Energy Services, will lead the Xcelerator.  Over his years at Enron, Lou has been key to the creation and rapid growth of our wholesale gas, wholesale power and energy service businesses.  The existing business units will continue their development of core businesses, while the Xcelerator will be responsible for developing new business opportunities that are natural extensions of Enron's business model and core skills, but not currently under development elsewhere in Enron.Dave Delainey, currently President and CEO of Enron Americas, will become Chairman and CEO of Enron Energy Services.  Dave brings a wealth of experience and accomplishment from Enron Wholesale Services' businesses where he led the growth of our Canadian business and our North American origination activity and, most recently, had a great year in Enron Americas.Dave is forming an Office of the Chairman in EES.  Joining Dave in the Office of the Chairman are Dan Leff, President of EES, Global Energy Services, and Marty Sunde, President of EES, Global Marketing and Services.  Dan and Marty have been instrumental in the development and execution of the successful EES business model.  Also joining the Office of the Chairman of EES is Janet Dietrich as Chief Operating Officer.  Janet, currently is Managing Director in Enron Americas, where she has been successful in many of Enron Wholesale's core businesses, including gas trading, risk management and structural origination.  Tom White will continue as Vice Chairman of EES and will focus on the development and expansion of EES' customer relationships.  Lou, Tom, Dan, Marty and the entire EES organization have developed a great business model with great growth prospects.  EES has become an essential part of Enron's market valuation and growth story.  This new leadership structure will enable EES to continue on its path of sustained growth and increasing profitability.John Lavorato will succeed Dave as President and CEO of Enron Americas.  John has been an essential part of Enron's energy trading success over the years and is a key part of Enron Wholesale Services' continuing success story.  Joining John is Louise Kitchen, currently President and CEO of Enron NetWorks.  Louise, who accelerated Enron's outstanding growth with the deployment of EnronOnline, will take over as Chief Operating Officer of Enron Americas.Philippe Bibi, currently Chief Operating Officer of Enron NetWorks will take over as President and CEO of Enron NetWorks.  Under Philippe's leadership, Enron has become a technology leader and the leading ecommerce company.  Joining Philippe as Chief Operating Officer is Greg Piper, currently Managing Director of Enron NetWorks.  Greg currently leads Enron NetWork's origination activity and was responsible for the creation and deployment of ClickPaper, Enron's successful online pulp and paper marketplace.Please join us in congratulating all of these individuals on their achievements and their new responsibilities.",Formal
"Late on October th, we received information about a nonspecific threat to the Enron Center.  We communicated with law enforcement officials who found the threat unsubstantiated and without merit.  Nonetheless we take all threats seriously and have increased the security presence at the Enron Center still further.  Once again, if you observe suspicious behavior, please call security at .",Formal
"If you played this game in years before, welcome back!  It's time for March Madness!  If you haven't played before, thanks for looking at this game, and let me know if you have any questions.  Some of you who haven't seen this game before have played Steve Selbe's recent college football bowl game (as I did); Steve plays my NCAA basketball game, and that's how I found your addresses.  Hope you're interested!This is a private game, played among friends.  Although almost all the players win some money back, it is not guaranteed.  You might lose everything you invest, so be careful.  This is for fun, not a way to get rich.  I think last year exactly half of the players made a profit, and all but one got some money back.  Please note that you can play with any amount from $. to $.  You are not disadvantaged by playing with a smaller amount (you would just be risking less and either losing or winning proportionately less.  The odds of winning are exactly the same for all players).  You are free to play at the dollar level that is comfortable for you.  Please also note that both the Part I game and the Part II game are mandatory; you must play both.If you want to play, please detach and print out the attached game form, then fill it in and get it to me by the deadline.  Keep a copy.  Your money (and a SASE selfaddressed, stamped envelope if you are not in Portland or with EBS in Houston)  must quickly follow.  This is the honor system and we've never had a problem.  If you live near others who are playing, and you're not in Portland or Enron/Houston, you can band together and send in only one SASE, and indicate on your game form the person to whom I should send your future winnings; I will then send your winnings to that named recipient in his or her SASE, and that person will be responsible for forwarding your winnings check to you.Some minor changes for this year:  You can choose either one or two teams in the Part I game, to increase your chances of picking the winner.  If you only want to choose one Part I team, as in the past, that is fine.  In the Part II game, the costs per share for each seed have been slightly revised; they are chosen by laying a smooth curve through the historical results for each seed, over the past ten years.  Otherwise, the game is about the same.  Although it was an attractive idea, I decided against a small pot for the Elite Eight; there is too much additional calculation involved, and it breaks up my normal cycle of playing two games and determining the winners at that level.Speaking of historical results, here are some facts you might want to consider:  Last year, two  seeds, a  seed, and a st seed made it to the Final Four (usually, there is more than one st seed that makes it, although all four st seeds have never made it that far as a group).  It is very unusual for an  seed to knock off a st seed.  A  seed has never won a game, and, while a couple of  seeds have knocked off a  seed, I don't think any  seed has won the second game and made it into the Sweet Sixteen.   out of the  First seeds in the past ten years have made it to the Sweet Sixteen;  of them made it to the Final Four, and  of them won the tournament. Good luck!Kenton Erwinw: ",Neutral
i hope it becomes a hurricane too.  huricanne = $$$$ for me.  call me when you get back from your  week vacation.  it must be really hard over there at deloit.,Informal
"Please do not reply to this email.You are receiving this message because an invoice requiring coding, issue resolution, or approval has been submitted to your iBuyit Payables inbox.  This requires your action through iBuyit Payables.To launch iBuyit Payables, click on the link below:Note:  Log into iBuyitPayables using the same Employee PID (PNumber) and Password you use to enter the eHRonline system and/or SAP.First time iBuyit Payables user?  For training materials, click on the link below:Need help?Please contact the ISC Call Center at",Formal
"As you know, we are continuously updating the Foreign & Domestic Counsel database so that it can be maintained in the most accurate form; therefore, any new information you may have regarding outside counsel firms that have been interviewed and/or retained in the past  months would be greatly appreciated.  Also, if you have any updates to the existing database entries we would also like to hear from you. Please take the time to help us update this database so it can be a valuable tool for all of us!  Each one of us has full access to the database via your Lotus Notes application; however, if your icon has disappeared from your desktop, click here to add it back on to your desktop >>>>>Please provide any new information and/or updates either to Nony Flores or Becky Spencer. Thank you for your attention to this matter.",Formal
"No, I don't know her number. but Anessa is , huh!  Just call up to the church and give them your count for dinner for the kids.",Informal
"A W calculates how much federal tax is withheld from your paycheck each pay period.  There are two basic drivers:  number of dependents and filing status.  The higher the number of dependents, the less is withheld.  Married and jointly will also have less withheld than married and seperately.  There is really no right or wrong answer, only opinion.  If you want more withheld each pay period so that there is less of a chance of actually owing $ on April th, then claim fewer dependents and married and seperately.  If you don't want the government to get your $ interest free, but are aware that you may owe $ later on (April th), then claim a higher number of dependents and married and jointly.  I hope that made sense.DG",Neutral
"...okay, maybe it's not THAT good but it's cooked and the beer is plentiful.Hey everyone,Just wanted to test the waters and see what kind of interest there was in doing Steak Night tomorrow night at Little Woodrows.  I feel like it's been a while since we really rallied the troops and I know I have personally missed the interaction.  It's also been a while since we've attempted to solve the worlds problems over cold Shiner and I think the world may be the worse for it.  So, get back to me and let me know if anyone's up for an evening of eating, drinking and most definitely being merry.  If it looks like 'a go', I'll shoot everyone a followup email complete with ETA.The one and only,sscott""If we could just get everyone to close their eyes and visualize world peace for an hour, imagine how serene and quiet it would be until the looting started.""",Informal
i am going to take that friday off and come in to br.  maybe we should set up a tee time around  or  pm.,Informal
"Hightlighted word? Your message is a little cryptic; so I'm not quite sure what you want me to explain. As for lunch, I just returned. It was delicious, thank you.",Informal
We have accepted your suggested revision to Article  of the Agency and Management Agreement.  Attached is a new executable with the language revised.   Also attached for execution are the gas purchase confirm and associated GTC for the gas purchase through Monday June .  The GTC was revised to remove the $. per MMBtu liquidated damages.  Thanks.,Formal
"Hi, Ken!I just received a call from Chris Croom who wants to send an updated ISDA draft to Avery Dennison Corp.  Can we use the same credit, or do you want to revise it?  He said he was going to meet with the counterparty on Tuesday, so I'm sure he either wants them to get the draft before then or he will take it with him.Thanks!Mariex",Neutral
"VinceI know you're very busy, so you might not have heard this ...Apparently, the Board will meet this week to approve the sale of *all* of Enron International's assets to a member of hte Saudi royal family, the same Prince who once invested heavily in Citicorp to bail it out.The source of this is someone I trust.Clayton",Neutral
"I appreciate the time you took yesterday getting me up to speed as to your business and where you are in the process of establishing risk operations.  I hope you found our meeting useful as the checklist is meant to serve as an overview of points that need to be addressed before any transactions are entered into.I was wondering if a meeting with Carole, Milind, Heidi, and myself has yet been scheduled for Friday. At that time, I think we need to lay out a road map of how the checklist items will be addressed and how I can best help you.RegardsShona",Neutral
"Mom Thanks for the heads up. I am having the same nightmare with US Bank that I've had each time I've deposited any money: they won't let me have it! I've been meaning to email Anna and let her know, but that's gone by the wayside along with pretty much everything else since I started this new job. I tried to close my account on Thursday in a last ditch effort to get at my money, and they politely told me I could close it on the same day I could get money out of the ATM, which will be on Wednesday. Until then my hands are tied. I'm really sorry about this  I know Anna needs help, and believe me, this isn't very convenient for me either. I'll email her right now, and send her money on Wednesday.Give me a call later if you'd like to meet at the gym. Kate",Informal
I would like to golf both days this weekend. Do we have times?Let me know I can try to book some if Rod hasn't.,Informal
are you looking for a job here or something?,Informal
"yes.  check for . is in the mail!  thanks so much for getting the coastal, and the champagne, and the opus!  can't thank you enough.  i've also mailed you a new bottle of oyster sauce.jeff",Informal
Just so you know we are expecting the coldest weather in  years to hit Alberta this weekend and next week. Temps of  celcius are not out of the question.Chris,Neutral
"I just spoke with the lawyer.  We can't do anything until the end of September.  Then, if no one contest the will, I will go to court on a Friday morning and be appointed executor.  She said there needs to be  witnesses ( and the sons count, so does Mary) to testify that the signature on the will is Dad's.",Neutral
"Hi Johnhope things are well.  I'd like to invite you to One Great Night, Nov  . if you are free.  Last year was my first year, and I will admit, it is somewhat of a spectacle.  Fun with the right group of people though.  Let me know if you are around!Regards,Jeff",Informal
"Mike,Since the IT guys want to wait for the new software to put your cost analysis on the plasma screens I am currently working on using Reuters so that we'll have something in the meantime.  I had to call Lori Hernandez, Reuters contact, and have her add some more products to Kobra.  As soon as she gets back to me I'll put that together and get it on the screens.  Let me know if you have other questions.Aaron",Neutral
"Stephanie When you get a chance, could you finalize the attached (also found in Tana's O drive).  I am not sure where the originals need to go after signed by Enron, but I have a request for that information currently out to Hess.Thanks.Mark",Neutral
yeah I found out later in the week that you guys were gone.  Sounds like you had a great time!   I love Italy.  that place is so awesome.  I was over there about the same time of year in  and it was great because there was less tourists and it was a little cheaper but the weather was still pretty good.  You will have to tell me about it next time I see you.  So I am going down to the Beaver game on Saturday but i might go down to Eugene and hang out with Wilson tommorow night.  I will probably decide tonight but if I don't I would be into grabbing a few beers with you tommorow night after work.,Informal
Please don't change any deals until we have spoken. I need to talk to John about how these changes will affect his positions.Chris,Neutral
"Guys, I'm lost.  All I know is Monica booked this amount over to me, Lavo is good with it and what is going on on the other side, I have no idea.",Informal
something was wrong with the email system and all the emails i sent a week ago are getting there now.  everyone is emailing me asking what the hell my emails mean.  i pay attention to your emails.,Informal
"I created the term gd basis products for waha, perm, sj, opal, and malin this weekend.  Call Dale or Melba to activate.  Keith and I briefly discussed how we would handle the new responsibility.  I am fine with managing the prompt month gd basis, while you guys manage the term.  I will be back in the office this week and we can talk about the products.  Would we handle the monthly the same way?  When do we plan to phase the monthly out?  Have Phillip manage the perm and waha basis until I return.  Dale is also working on the Baja and Redwood on/off system spreads.  We can roll these out for all terms as well.See you this week.Grigsby",Neutral
I wanted to let you guys know that I changed the files.  I had one deal with FT Central that was in the physical file that was financial.  I transferred the deal to Sheetal's file.  I also added the sitara numbers to the physical file.  Sorry for the mishaps.PL,Informal
"Guess I was lazier still.  Agree with your assessment, I just neglected to recalc your model in order to determine growth rates necessary to get cash flows high enough to justify $ and $.  % and % growth rates are (I would argue) wildly unrealistic.  In addition, the capex numbers would (presumably) have to bump up substantially in order to get you there.  Therefore, I would argue in the memo that the numbers don't add up for a $ price (though ""irrational exuberance"" may permit Netscape to pull it off).  Unless other folks have comments on the model, I think you're good to go for the memo.  Am ready to look at it when you've got a draft.  Great job on the case.  Thanks.Best,Jeff",Informal
Attached for your information is a summary of other parties' requests for rehearing of Order .  I will be happy to answer any questions you might have.,Formal
"Gerald,	I wanted to get you started on this ASAP as we discussed.  I don't expect a finished product but 	preferr that you initiate the draft and I'll work with it as necessary in you absence.  Thanks for you	cooperation.	I have attached a summary of the Parking Provision and the CSA in addition to the Term Sheet	that is dated but you get the idea.",Informal
"I heard a great report the other day from David Hill that you guys made it through the Oriskany without any interesting pyrotechnics!  What a disappointment that must have been for Karol Lynn and CNG!  Sounds like a pretty boring operation up there, otherwise I might be tempted to drop by and see the show.  Also heard that the knuckleheads from Bath got thrown out of court on their antitrust suit.  Shit, all you needed to do all along was get rid of me and things started falling into place!!!Best wishes for continued successand Siguaw, stay the hell out of trouble!  AMFDJF",Very Informal
"The first report looked good, however, I would like to see the owner name, and technical configuration.   In addition, I would like pictures of each facility.",Neutral
"As many of you know, I have a provision in my employment contract which provides for a payment of $ million per year for the remaining term of my contract in the event of a change of control of Enron.  The merger with Dynegy, or a similar transaction with any other company, would trigger this provision on closing.  Assuming the merger with Dynegy is closed within  months, as we expect, this provision would entitle me to total payments of slightly more than $ million.Many CEOs have change of control provisions in their employment contracts and mine has been in place since .  But given the current circumstances facing the company and our employees, I have been giving a lot of thought these last few days to what to do about this payment.  Initially, I thought I would use part of the funds for a foundation for our employees and take the remainder in stock and cash.  However, after talking to a number of employees this afternoon, I have decided that the best course of action would be for me to waive my right to any of this payment.  Therefore, at closing, I will receive no payments under this provision.I know this action does not remedy the uncertainty that you and your families face.  But please know that I will continue to do everything in my power to serve the best interests of Enron's employees and shareholders.  I am still very proud of what we have built at Enron, and I want to continue working with all of you to correct the problems and restore Enron to its rightful place in the energy industry.Thank you.",Formal
Please check your records and make sure your emails intended for me are addressed to the correct Mark Taylor.  There are two of us here at Enron and the other Mark is getting some of your EOL approvals emails.,Formal
"john, i think it really really is to your benefit to speak to me asap . tohave a brief phone conversation. i called you a last week but you were offthe desk. not sure if you got the message. i have a sense of whats going onthere, its still worth calling. regards, things are looking rosy for youdude.cell ph ",Informal
"Attached is the latest summary of regulatory filings.  Please let me know if you no longer want this report or if you want to add someone to the distribution.  For those of you who are receiving this for the first time, it is a summary of all pipeline related filings with FERC that may have an effect on your business.",Neutral
"Atached, per your request, are my proposed ""top three objectives"" for  for both LNG and Middle East.  Note that I have also listed separately some of the other important stuff that we are trying to get done this year.With regard to LNG, when I look at  what we are trying to get done this year, it leads me to conclude that we still have not come to grips with what we need to do to really grow this business.  Therefore, I drafted another, more broad statement of what I believe we need to be doing to realize our LNG vision.  I believe that this is critical and that we have not yet confronted the reality as to what we need to be doing.  I am anxious to discuss this with you when we meet in London.Rick",Neutral
thxs ben  i'm sure our paths will cross again.best of luck.regards delainey,Informal
"Jeff and Scott:Thanks very much for giving me the opportunity to meet with you bothtoday.  As I said during the meeting, I think your business plan is in avery good space, especially given the recent FCC order and theinsatiable demand for IP bandwidth, in California and elsewhere.  We'dlove to work with you on legal/regulatory/business issues.  I think wecould add significant value, for the reasons we touched on today.Scott, I left a VM for the President of Cmetric, asking him if he'sinterested in the opportunity presented by Enron.  As soon as hereplies, I'll forward his contact information to you.Please get in touch with me at any of the numbers on my business card ifyou have further questions or need more information.  I look forward tohearing from you soon.Regards,SPB",Formal
"Rob,I have tried to create several index products in product manager but have only been successful with a couple.  Could you please create Jan Index products for Agua Dulce Pool, Corpus Christi Pool, Thompsonville Pool,  HPL HSX Pool, Hpl HSX E Pool, and Exxon Katy.Thanks,Ericx",Neutral
"Hi Tana,A little birdie tells me that you  have a supply of the Energy & Power Risk Management Glossary booklets.  Am I getting close? I've found it to be very helpful, and I think it would help one of our new lawyers, Carlos Sole.  Could I get a copy for him?  Any other good power references?Thanks,Kay",Informal
"Hey,The little mama wants to kill the hallween party.   She'll be studying for the CPA and doesn't want the hassle.  Never mind the email addresses.Dan",Informal
"FYI.  Commonwealth Energy is adding a new meter to their existing contract.  The meter number is not know at this time.  The well name is Goodwin and is located in Barbour County, West Virginia.  This meter will be behind the Bridgeport Agg point and is expected to do about  dths a day. Thanks,Heidi",Neutral
"Tana,I wanted to check back with you regarding Ken Zito at United Fuels.  There should be an LOI in the works for him.  He has called several times looking into its status.  Is someone looking into this in your absence?  If so, just point me in the right direction and I'll follow up with them.Thanks,Dan",Neutral
"Our natural gas business continues to benefit from effective account management and resource allocation focused on identifying and responding to the needs of our varied customers.  In order to keep our organization optimally structured and to facilitate additional growth, we are making the following changes:Producer/Wellhead Group The current midmarket, origination and wellhead pricing activity currently within the Central and Eastern Gas Regions will be consolidated with the Derivatives group under Fred Lagrasta.  This will create a single business unit focused upon the needs of the producing industry within the Eastern U.S.  The producer focus in the Western U.S. and Texas will remain unchanged reporting  to Mark Whitt and Brian Redmond respectively.Strategic Asset  DevelopmentLaura Luce will move from her role in the Central Region to lead an effort focused strictly on identifying and entering into longterm strategic arrangements within the Central and Eastern Regions.  This initiative will focus on a limited number of selected markets that provide strategic opportunities for partnering in asset development, asset management and optimization.  This effort will continue to work very closely with the regional leads.Central Origination and MidMarketFrank Vickers will continue his current role in the Eastern Region and will assume the leadership role for MidMarket and Origination activity in the Central Region.  There will be no changes to the West and Texas Origination groups headed respectively by Barry Tycholiz and Brian Redmond. Please join us in congratulating Fred, Laura and Frank in their new roles.Louise & John",Formal
Do you know the names of some good jazz clubs in Chicago?  I figure you spend so much time there you can reccomend a few to me.  I have a coworker going up there next month and it is their first time to chicago.  I gave them Etta James Place to go on rush and on the south side.  Can you think of any other?  Thanks.PL,Formal
"Danny, I received another call from the lawyers interested in learning information about Chapparro.  Any information?  Michelle",Neutral
"Attached is a newly revised Credit Watch listing.  If there are any personnel in your group that were not included in this distribution, please insure that they receive a copy of this report.To add additional people to this distribution, or if this report has been sent to you in error, please contact Veronica Espinoza at x.For other questions, please contact Bill Bradford at x, Russell Diamond at x, Brant Reves at x, or Veronica Espinoza at x.",Formal
We had some problems with Netscape on Saturday.  The El Paso scrape was down from AM through the end of my night shift.  Dave Steiner was notified early in the afternoon and I was told it was a problem in Houston.  The problem should be solved by Sunday.  Problem it caused:  I was not able to download HA finals from the ISO and finals were not created.,Neutral
Our proposal was accepted. Dust off your San Francisco shoes.Rita McGrath  the designer of our particular panel  will forward details when they are sent to her by SMS,Informal
"Quick updates: spoke with larry lawyer at egm. Thinks they would take a $$mm p&l hit to liquidate so position. Barclays returned our calls suggesting they would think about alternatives incl rolling deal as is and be back to us by am. Per deal, if we don't reach agreement by noon, we have to call credits for payment wednesday. Will let you know how call goes in morning. I understand that while bowen signed draw requests on thursday, legal had ok'd. Today, I understand legal is less comfortable. I've got a call into bowen. If he'll sign no issues with barclays. Will give you more shortly.Sent from my BlackBerry Wireless Handheld (",Neutral
"Just an update, Susan Bailey, a paralegal in our group, will be working on the Confirmation, her direct no. is x, and Stephanie Panus, another paralegal in our group, will be working on the ISDA Master, her no is x.  When you have that address and contact information ready for the counterparty, why don't you email it directly to Stephanie.If I can be of further help, just let me know!",Formal
"FERC issued an order this morning staying indefinitely the California Refund proceeding.  In its order (attached), FERC notes that many requests for rehearing are pending and FERC intends to act on those requests soon.  FERC states that if it were to grant rehearing, it could affect the refund calculations being determined in the hearing proceeding, so FERC is staying the hearing proceeding until further order from the Commission.While we don't know what FERC will say on hearing, it is very likely that the rehearing order will be a significant departure from the July  order.  We will let you know of any further developments.  If you have any questions, please let me know () .Sarah",Formal
Everyone should be in the draft room now at basketball.commissioner.com/efba.  follow the draft link and go to draft room and click on html draft.  I am settin the order right now,Informal
"Folks, could you give me a heads up on proposed bonus #'s for your Canadian reports when you have a moment?ThanksRob",Informal
Attached is a legal risk memo.  Please advise me if you have any questions or comments that should be addressed before distribution.,Neutral
Please find attached a spreadsheet noting the days of the month when you have been invited  to go to lunch with Carrie Hollomon.   If the days conflict with something you already have scheduled please call me at  and we can work out another date.  Be sure and mark your calendars for each month as this does follow through to July. ThanksChantelle,Formal
"Attached please find notification of  cosmetic name changes and  record to be inactivated on //.  This was not included in the final report for October, .Please call me if there are any questions or concerns.Thanks,Cheryl",Formal
"If we bare any expense, EOG is suppose to reimburse us, but getting money out of them is like pulling teeth.  I suggest we complete the work at the site and have our facilities ready to proceed when necessary.  Marketing is not in a position right now to pay the cost of the EFM.  Given that these volumes will flow under a ""pooling agreement"", there isn't any incremental revenue generated for TW.We will get with EOG to request payment for the EFM before we proceed.  Any idea how much the EFM will cost?",Neutral
"greetings! it's the last day of the month, so i ask y'all to please try tosend all of your daily and baseload faxes and emails (preferred) to gasdaily as soon as possible, or by the  p.m. deadline. if you would like tostart sending your faxes by email, please send them to me at this address:tcastleman@ftenergy.com. thanks.",Informal
"Here is the contract information.  The contract group could not locate the CESDevon contract so all I have is the info from TAGG and Sitara.For the GTC and GISB contracts that have no paper, I wrote price and location on the EXCEL spreadsheat.Tom Donohoe",Neutral
"You've probably seen a million pictures so far of the flooding.  But to give you some perspective....All of the photos below are within  minutes/a few blocks of my apartment.  Other than the $ damage to my car, I didn't experience any other losses (which I'm grateful for).",Informal
"Hey sugar, I am going to walk to get lunch but I wanted to check with you before I go to see if you needed anything.  I love and miss you.The Pigs",Very Informal
I have tentatively set up a : central time conference call with Bill Bryant to discuss sitting down with the staff of PSC to discuss our petition.  Are you available at this time?,Neutral
you said some embarrassing things on the message.  just kidding.   this weekend will probably be low key.  i am sure i will go out sat.  what are you doing?,Informal
"Bill, I want to thank you and your team for everthing you are doing to assist our cause. I am confident that, together, we shall ultimately prevail.  Good luck on the appeal.  All the best. Jim",Informal
are you hurting this morning?  my lifestyle has to change within the next  years or i will be dead.,Informal
"Attached for your reference and commentary is a first draft of a contact list to assist in communication of our key efforts globally.  Please make any additions, changes (and/or corrections) that you believe are appropriate and return to my office for update and distribution.  The goal is not to list out everyone working on a project or business but to include a couple of players if someone needs information about how this could apply to their business.Thanks,mike",Formal
"Daren, I am sorry I completely forgot to provide you with the meters, there should be a total of eight.  Please let me know when you have it set up.  ThanksThu",Neutral
"Kate, could you ask Tom if this transaction is suppose to be Firm in Enpower. Their confirmation says NonFirm, Transmission Contingent. Could you ask him which is correct?",Neutral
"Tammy:I wanted to see if I could get a couple of the board presentation that you were working on, with regards to the generation information.  I wanted to see how it turned out.  Thanks!Ben",Formal
we should go to n.o. over the first weekend in december and catch the broncos at the saints,Informal
"On your counterparty list for the UK, have you identified which counterparties are utilities or governmentals?  If you have that would help me alot.Thanks!",Neutral
"Per our conversation, attached is a document containing Kim Theriot's review of processes currently in place and identification of areas which need addressing.  I will be scheduling a meeting with Kim to thoroughly review her findings and implement an action plan.  If you questions or particular areas of concern after your review, please let myself or Kim know.Thanks,Leslie",Neutral
Wanna grab a beer after work?,Informal
"Thanks for the note.  I'm going to pass it along to the others.  Will get back to you very soon.  Remember that there's no team case due on Monday because class is cancelled and everything got pushed back.  But the first individual case has to be done by Tuesday.Best,Jeff",Neutral
"i understand it perfectly!!!  it's saying the following:I'm sorry to hear about your empoyer's relatives....it sounds like that Connie woman is really evil!  I hope she doesn't hit you anymore.  I do agree that you should put a spell on her.  In the meantime, I will think bad thoughts about her.It's paraphrased, but you get the gist of it....hehehe",Informal
"Please find the attached list of accomplishments for Barbara N. Gray.  Should you need further assistance, please call me @ . Regards, Keegan Farrell",Neutral
"Hi again,I accidentally deleted the emails you sent me about Gleason.  Could you resend them?Thanks,Kay",Neutral
"FYI...I spoke with Craig Carley at Reliant this morning.  On contract #, there was not a discount requested therefore September was at Max Rate.  For October, I told him the spreads are still above Max Rate and he is in agreement.  November...hmmm...above Max Rate?!?!",Informal#Informal(Binary)
My broker called and we are definitely in for Tina Turner.  He is waiting unitl the last week to give me the tickets so we get premo seats.  Have fun this weekend.,Informal
"Attached is a responsibility matrix for London  Project Doorstep action steps.  The listing consists of controls findings, action steps, proposed timelines, and proposed sponsors and responsibility assignments for the completion of the action steps.  The purpose of this matrix will be to review and monitor it on an ongoing basis to ensure that items are being appropriately addressed and completed.  Please take a moment to review all sections of the listing and communicate any comments or revisions you may have to me as soon as possible.  We would like to have a final version of this document in place by May .",Neutral
"Mark,  Attached are the letter agreement and Purchase and Sale Agreement.  Please review.  Note there is a blank date in the letter agreement which needs to be provided.  If OK I will forward to TW.",Neutral
it was someone who looked like him who was acting as him.  his dad had him shipped away so he wouldn't ruin his chance at becoming the president.  i love that book except that one chapter.  i thought the book was hilarious.,Informal
What number did you send it to.  I hope it was ...  If not let me know what number and where and I'll go get it.ThanksBen,Neutral
"David,  I will have this rereviewed by Oregon counsel, but it was scrubbed about  months ago as being enforceable.  Thanks.  Michelle",Neutral
"I've still got considerable work to do, but wanted to make sure all had a chance to review and comment well in advance of finalizing.  I'm giving a talk at Exnet on Monday about California.  Attached is a draft of the slides.  All comments welcome and appreciated.  I'm continuing to work on it.  Thanks very much.Best,Jeff",Neutral
"I know you have been very busy so I wanted to send you a reminder about the reimbursement for me that we were dealing with before the move, and also the itinerary for my trip in midDecember.Thanks and hope you are having a good day,Jay",Neutral
"Sally, just wanted to let you know that I will be talking to Hector, Frank and Janet tomorrow afternoon, Wednesday, about the transition.  Ryan is great to work with and I think you will really like her.  I'm glad that I had you in my client group long enough to see you make MD (which was long overdue).  Congratulations again and let me know if there is anything I can do to help you in the future.   Good Luck.Sheila Walton",Neutral
"As you are aware, your business unit has been selected to participate in Project GEM (Global Enron Migration) for the rollout of Windows .  In preparation for this rollout, it is imperative that we gather information about your workstation and the applications you use.  To begin this data collection, we have automated the process.  In fact, your system has just been inventoried.   Once this information is received, we will be working with your local department coordinator to consolidate this information to ensure this transition is as smooth as possible.The GEM team would like to thank you for your participation.  If you have any questions, please contact Lee Steele at () ",Formal
""" i know i'm pretty but i ain't as pretty as a pair of titties""  the pimp in true romance",Very Informal
"If you are unable to attend in person, you can participate via conference call at  and reference Ken Lay.Thanks,Joannie",Formal
"Hey Tim,For May , our supply shows that . did flow even though you cut flow to ..  Let me know how you want to handle the situation. Sorry for the inconvenience.Ami",Neutral
I will be down there earlier than that so just give me a call on my cell when you are coming down.  You might spend a lot of time in line if you go down that late dude.,Informal
Oxley and I will come up with a first stab at the option grants.John,Informal
Hi Kim! I have been carring this tax receipt in my purse for several weeks. I keep forgeting to email you to find out your temporary office address. What is that please? I will mail this out to you this morning.ThanksKatie,Neutral
"So, I gave those keys to Kim and told her your story.  She was very greatful.  Thanks for the idea. I probably would have bungeled a story that I made up.",Informal
"Jeff, I have update this sheet for the actual storage to date.I'm trying to keep this worksheet simple.  I added the actual numbers per navigator.  I think I need to add an Enron balance and a CES balance.  What do you guys think?",Neutral
"David Grant has assembled a team to work on gathering documents in response to the numerous subpoenas the company is receiving from Congress, the SEC and the Department of Justice. Please cooperate with the team if they need your assistance.  If you have any questions, please call David Grant at .",Formal
"Hey there: The industry is getting beat up a little bit, hope that is not effecting any of your plans with anything.  I talked to Mike",Informal
"We will be having a housewarming party this Friday starting around :.  We will be grilling salmon, burgers, and chicken.  Also I will be opening a double magnum of chardonnay.  If you want something else to eat or drink bring it by and we will put it on the grill or ice.  Email me if you can come and how many are coming.  The following link is the directions to my place from the office:Paul",Informal
"Howdy everybody,Looks like I'll be coming to SF on September , then on to Chicago onOctober .  Hope you're all one of those places at the rigth time.MarkO",Neutral
"Current Notes User:To ensure that you experience a successful migration from Notes to Outlook,it is necessary to gather individual user information prior to your date ofmigration.  Please take a few minutes to completely fill out the followingsurvey. Double Click on document to put it in ""Edit"" mode. When you finish,simply click on the 'Reply With History' button then hit 'Send'  Yoursurvey will automatically be sent to the Outlook  Migration Mailbox.Thank you.",Formal
Here's the Squeri document with my input in red.  Suggest you modify as you see fit and send to all.  Thanks.,Neutral
Wanna grab a beer after work?,Informal
"Rex: I have an article to fax to you please send me your fax #. I hope all is well in Amarillo. Longhorns look good, this weekend will be a good test for them. Tiff and the kids are great. Both kids are very excited to be in school, lets hope that this enthusiasm last for another  years. Brad",Informal
Please just call Cindy Stark to get on my calendar.  I would warn you that I cannot see expending money for such a book since I do not see any value that would be added.  It would be nice to have but I was turning down painting projects on our pipeline that were in the $k range during oour budget cycle!Stan,Informal
"A loss notification memo will be circulated to Jeff Skilling.Additionally, Rick said that he will leave Jeff a voice mail, but decided that calling the Board would not be appropriate this time.Vlady.",Neutral
Hey could you do me a favor and fax me my brackets.  i dont really remember all of my picks.  my fax number is .  email me when you send it. Thanks dude.,Informal
"Dad,I don't know if Dan wants to play on Saturday, I forgot to ask. Is there room for Brad to play? I talked to him last night.If no, I will probably try to get a game with Brad and Darren Easy on Sunday. Talk to you soon. Chris",Neutral
"I've always thought it was my responsibility to let me supervisor know if I'm gone, not yours.",Neutral
i can't get off for lunch but we should party before the concert.  we might go to tortucas or something to drink before hand.  where are your tickets?  we are club level.  let me know.,Informal
"I know you had asked for some info on Texas previously.  Sorry it is so late, but here is a map of Tx pieplines.  The most notable (that are no on the current pipeline map) are Oasis, Lonestar, Valero, and HPL.Thanks,Ericx",Neutral
"All,The below Analyst & Associate recruiting dates require ENA participation at Manager level at above.   In order to resource each of your departments it is important to have ENA's involvement and participation in the interviews and debrief sessions on Fantastic Friday and Super Saturday events.     These debrief sessions will allow you the opportunity to select candidates you wish to join your groups.  The target  is to assign potential candidates to business units and departments from the outset.As ENA has the highest percentage of A&A rotating in its business unit, the participation of ENA at interview should reflect this.     Therefore, please encourage your direct reports and managers to participate in the below events in order to secure candidates for your business area.Associate Recruiting:		Saturday November 						Total   Candidates for InterviewAnalyst Recruiting:		Friday, November 						Total   Candidates for InterivewAssociate Recruiting:		Saturday, December 						Total   Candidates for InterviewThe above spreadsheet represents ENA's particpation today which I believe highlights the need for much additional support in these efforts.Please confirm by return participation of your respective groups.Regards,Karen BuckleyHR  ENA",Formal
"I like the trip idea better than a party, personally, so I am glad that Mom and Dad seemed to like that alternative.  And in June, I think that the mountains sound great.  I have a preference for Western mountains  big, open sky  (Grand Tetons could be great), but if Mom pictures North Carolina as the spot I am sure that we can find something good.  We were in Ashville a couple of years ago, which was very near the Blue Ridge.  We stayed at a place that was supposed to be terrific, but we did not care for it.  I am sure that there are other places in the area to research.  There may also be some spots around Charlottesville, also just off the Blue Ridge.  I think that some people from here have vacationed in that area, so I will ask around and see if there are any good suggestions.  In magazines, I have seen pictures of places in Tennessee and Georgia ( I guess they do have mountains) that look nice.  I will see if I can find the names of those places.  Thanks for pursuing this with Mom and Dad.  Sally",Informal
Meg:I was wondering if you are able to give me an idea of when I would hear from the Admissions Office.  My application has been with the office since Jan. st.  UT is my first choice and I am very interested to hear form the School.  Thank you for your help and hope to hear from you soon.  Thanks!Ben,Neutral
"The lawfirm representing the plaintiff in this class action lawsuit is sending document requests to all officers and directors of several Enron related companies.  You may be an officer or director of one of these companies.  If you receive any document requests or other legal papers, please send the document(s) to Bob Williams at EB .  Please call me at x or Bob Williams at x if you have any questions.Richard Sanders",Neutral
"Mark and Charlie,FMPA is ready to bill us for the oil, but they have a couple of questions.  They want to know whom and where do they send the invoice and what should they reference.  Email your response or any questions to Steve McElhaney at FMPA (steve.mcelhaney@fmpa.com).In case I forgot to tell y'all, I am going on vacation (right now) through /.  I'll have my cell phone and will check voicemails periodically.Thanks again for your help and if I miss you, have a great Fourth,Mathew",Informal
I have a : meeting so I can't attend your marketing meeting.  I thought it might be a good idea to grab Lambie at noon and get him to attend your whole meeting.  He might have some insights into Alliance among other things.Lavo,Informal
i need to sleep.  i am worn out from denver.  i just went golfing and drinking in denver.  it was fun but now i am tired.  i need to save some money b/c i am going to vegas next weekend.  when is your cruise?,Informal
"The security desk, has changed TDS access approval from Bill Kasemervisz to each respective desk lead.  The attached application should be saved on your C:drive and used to grant access to people that you want to have access to your desk.The application is pretty self explanatory, however if you have any questions please give me a call.Russx",Neutral
"Attached is a list of the domestic cases pending against Enron entities that do not name Enron Corp or ENA. There are numerous cases involving India that name DPC as the defendant. These matters are either pending in India or the UK.  I am not aware of Enron Corp. being named in any of these but I will double check. There are also several cases I am handling in the Philippines that involve Enron entities but none of them name Enron Corp. Finally, there is a NEPCO arbitration pending in the UK.  Finally, there are several EES cases that I need to talk to Bob about.  I'll get you these tomorrow. 	Please note that the Friedman case is set for trial in February.  I have asked Mark Wawro for a budget. 	There are also a number of disputes that haven't quite ripened into lawsuits. Let me know if you need any info on those.",Formal
"Dear Jason Wolfe:Thank you for choosing Ameritrade as your discount broker. We have received your account application and have opened your account.  Through your account application you requested margin approval.  In determining which customers will be extended margin privileges Ameritrade considers, among other criteria, the following information: Employment Information Financial History Minimum Equity RequirementsOur review of your application revealed that you did not meet the requisite criteria for opening a margin account with Ameritrade.  Based on the information provided on your account application we will be unable to extend credit to you through the use of a margin account.  Your account has been approved as a cash account and you may trade accordingly.We want to assure you that the information used in making this determination is proprietary in nature and is for Ameritrade use only.  We have not reported the fact that you have been denied the privilege of trading on margin to any creditreporting agency.On behalf of Ameritrade, we thank you for believing in yourself and choosing us as your discount brokerage.  We look forward to providing you the best possible trading experience.Sincerely,New Accounts DepartmentAmeritrade, Inc.",Formal
"Trade press, recruiting firms and others recently have made numerous calls to Enron employees seeking information about the company, its employees and other matters.  In some cases, these callers have used false identities, as in, ""I'm from the SEC and I need you to provide me with?""If you receive a call from someone identifying themselves as part of a government organization, please refer the caller to the legal department.  Please refer calls from the trade press and other media inquiries to the Public Relations group.  And otherwise, please treat Enron information as confidential.Thank you.",Formal
"Good Morning Tana,I work with Laurel Adams in the Risk Managment group. Please provide me with Access to the Financial Trading Agreements. Thank you in advance for your assistance!Regards,Jorge",Formal
you cant lose  points from the last time you took it.  you have to be honest. you are just lying to yourself,Informal
"Jeff  You are scheduled to do a minute telephone interview today at : p.m. with Fast Company magazine for an article about teaching.  The underlying premise for the article is that to be an effective leader, you must be an effective teacher within your organization.  The reporter, Chuck Salter, was referred to you by David Garvin at Harvard and by a Portland Oregonian reporter.  Given that you transformed how Enron does business by teaching the organization a new business model, this is an ideal opportunity for you and to highlight our nontraditional culture.  For the article, Chuck is also interviewing top executives at Pepsi, Yellow Warp, National Geographic and the Philadelphia Inquirer.The interview questions are likely to include the following:Tell me about the teaching you do at Enron, either formally or informally. What do you teach? Whom do you teach? Why is it important to you?What are the principles that guide your teaching?What do leaders need to know, think about, and do to be better teachers?How do you measure or evaluate teaching within a corporation? Tell me about someone who has benefited from your teaching. Tell me about your favorite teachers and what you learned about teaching from them. I will come to your office at : to place the call.Thank you.Karen",Neutral
"I understand that you will be meeting with Harry Clark on Wednesday, andthought I should share with you my impression of him. I have had mutualclients with Harry, and although I have a bias against guys in his business,I found him extraordinarily useful. For one thing, he is intelligent; foranother, perhaps as a consequence of the first, he doesn't over promise; forstill another, I have never seen him give a client bad advice. He iscertainly worth a serious hearing.Let me repeat here what I have said in a note sent to your home: if there isanything I can reasonably do to be useful let me know.See you in San Antonio.",Neutral
"After careful consideration and discussions with the dispatchers, I decided to leave Copper on for Friday night /.  There were several reasons for this decision including the PV outage,  the fact that, Newman  was only released for  megawatts, and the fact that when we needed Copper last night during the PV outage they had problems bringing it up.  I felt that from a reliability standpoint it was probably the right thing to due given those factors.  If either of you have any questions or concerns regarding this matter please feel free to contact me.  Thanks GUZ",Neutral
"Patricia:  Thanks for putting the meetings together.  In addition to Lynn Aven and me, both Andrea Calo and Brent Hendry would like to attend.  I'm looking forward to visiting with you next week.  Regards.  Sara",Neutral
"As far as vacation, I think we are thinking of going to Virginia Beach, VA. and just renting a house on the beach.  I've never been there, but have heard a few good things about it.  I'm trying to get more information before I go ahead and book a house.  Also, with my dad being sick, I've been somewhat reluctant to do it, because we always take a family trip each year.  God is good, so he'll probably get a chance to go.  Have you made any plans yet?  If you do, make sure and plan something leisurely.Also, yes, we need to institute the park days and let these kids go CRAZY.  They all seem to get along real well.So my girl, has good taste.  I knew she had it in her.  I really, really like my Tahoe.  I wish I had bought it sooner.  It took me about a month to get used to it, but now I'm rolling.  Tell your sister I said hi, and let me know when she's in town again and when ever you guys have some time.  I would love to get together again.",Informal
Quicktime movie too big.  won't go thru my mail.  I'll figure out somethingelse.,Informal
tana:Per my voice mail here is the letter that Mark did which they want faxed to them with the original to follow by mail.  Carol,Neutral
"Lately, people have been asking about anonymity.  It seems that some might like to go ""incognito"" on eSpeak.  But, the purpose of eSpeak is to encourage open communication, and communication can't be open unless all participants are open about who they are.  So, we will continue to require you to log in with your eThink IDs and passwords if you want to ask a question during an eSpeak event.There are ways to ask questions anonymously at Enron.  You may send an email to the Office of the Chairman email address  this goes to Ken Lay and Jeff Skilling.  You may also use interoffice mail to send a printed question to Ken or Jeff anonymously.These two avenues have always been available.  It bears mentioning, however, that they have not been used nearly as much since eSpeak hit the scene.  You might say that open communication has caught on at Enron.",Formal
"Effective immediately, I want to sign all Dashes for RAC. I have asked Dave to continue reviewing the deals and initial the Dash but I want to sign them. This will enable me to be more on top of transactions and also allow me to relate to the other things that are going on. Thanks for your cooperation.  Rick",Neutral
Sorry that i didn't respond I was in interviews for the past several hours.  I am super busy right now but i will give you a call when I get back and we can hang out.  Have a great weekend!  Don't get in to much trouble,Neutral
"I know that this is a difficult time for all of us.  With everything going on inside the company as well as in the world around us, we have been carefully considering whether a holiday celebration is appropriate this year.  To be honest, employee feedback has been mixed.  Many viewed the holiday party as a unique opportunity for us to come together as Enron employees to share the spirit of the season.  Others felt a holiday party would be improper given the company's current circumstances.After weighing these points of view, we have ultimately decided to cancel the allEnron holiday party that was scheduled for December .  Given what has transpired over the past month, it could be considered imprudent for Enron to incur the expense of such an event.  I regret that this action is necessary because I recognize that your hard work throughout the year merits a holiday celebration and so much more.  We will attempt to find other, more appropriate ways to recognize your outstanding contributions as we move into the holiday season.Ken Lay",Formal
"Hi everyone,I am mailing Christmas cards and I need your addresses. Will you please emailthem to me? Have a Merry Christmas and a Happy New Year!!Love, Ashlea",Neutral
"Hi Kristina,As a followup to our meeting this morning, here is a ""horse shoes and hand grenades"" guess at how GA funds will be allocated during .  Please let me know if you have any further questions.  Thanks,Sue",Informal
I forgot to mention .... Exxon tax group has looked at Enfolio tax language and blessed it .... break out the bubbly ....,Informal
"Dude I hear you are going to be in town this weekend.  Unfortunately I will be gone, I am going to SF to hang with Burnsy as i have a six day break from work.  I will however, be back in town on Sunday night.  If you are going to be in town  still maybe we could grab a beer late sunday night (I don't get in until ) or grab lunch on Monday as I don't work monday.  Give me a call on my cell and let me know.  Oh, by the way i will be going out with the one and only Marc Johnson for some beers in the city on Friday night.  He is in the country for a month.  If you want to have a chat with the man give us a call that night .  Take care buddy and happy holidays!  Oh yeah, what is your address. I am sending out some xmas cards.",Informal
"Here is an initial stab both a conservative and a pitch valuation of the opportunity. I view the assumptions in the conservative model as our worst case scenario, and, the assumptions in our pitch scenario as sellable to a counterparty but, optimistic. Feedback on the assumptions is welcome.Marc Eichmann",Neutral
i already made a rap cd at val's.  it has some great rap songs.  country grammar is the first song.  i will blare it with my new state of the art sound system.  i will pick it up today or tomorrow.,Informal
"Attached is an updated version of the application matrix.  I've changed Michigan to ""approved"" but don't yet have an approval date to plug in.  Also, I've added comments to Ohio.Please note updated information on CT:  Draft decision issued /; comment period to end /;  final approval due /.Thanks so much for your prompt response and additional feedback.  Let me know if you have any questions.",Formal
"I'm sorry, I'm losing my mind.  did you send Amber's address?  if so, i've deleted it. could you send again?  also, are you sure you don't want the tickets?  they come with free parking (it ain't the closest lot, but hey, it saves $).  also, please let me know when you've confirmed with the G.O. that you don't want to do road, so that I can tell Jeff.  And of course we'll pick up the football forms, just make sure they're somewhere easy to find (butcher block table?).  we'll be coming up tomorrow evening to pick up all the stuff.  how's the canopy?  you and eldon playing ping pong?",Informal
"This new version of the database will run % to % faster (depending on your computer).Please delete any shortcuts to the database that you may have on your desktop and then launch this attachment (it will automatically install the new version).Regards,Eugenio",Formal
"Kathy,Could you find out what the breakdown between the $CND and $US monthly index positions transfer to our book were for the month of March. I just want to double check that it is being represented properly in our currency positions.Thanx,Chris",Formal
"Hi everyone!I have begun to document all special situations and counterparties that are exceptions to our ""not to be confirmed"" rules.  Thus, in the future, when we need to answer questions regarding why certain deals are unconfirmed, there will be no confusion about where the directives not to do so originated.Please review this document carefully.  Go ahead and make any changes that you'd like but please change your font color so that I will know which items you have added.  I will incorporate all of your edits to the master document and save it to a common drive where it can be accessed and updated whenever necessary.If you can think of any additional ""not to be confirmed"" exceptions/situations, or more specific details  please add them.  Please let me know if you have any questions.Thanks for your input,Kimberly Hundl x",Formal
"Since we miss each other on the phone, thought I'd drop you an email.  Ouropen season was oversubscribed.  We plan to expand the project to about MMcfd from the  MMcfd quoted in the open season.  Please advise what, ifany, paperwork you believe we need to put in place for Natural to deliverabout  MMcfd to TW at the existing Eddy County interconnect.  Our plan isto replace the existing measurement facilities with a new ultra sonic meter.Dampening facilities would be installed due to compression being installedat the point.  Let me know what other thoughts you might have.Duane KokindaDirector, Business Development",Neutral
"The taxing agency does not have contract numbers etc. The taxpayer is required to file a tax rendition (return) with the taxing authority annually by April st.  From the information provided on the rendition, the taxing agency will generate a taxable value.  In the case of tax year , the taxing jurisdiction probably set an arbitrary value based on prior year's values.  The value for tax year  could be higher or lower but at this time it is too late to protest.",Neutral
"Yowser, Jeff!  You had  participants during the live eSpeak session, and  people have read your transcript from  a.m. until :  p.m.   I'll send another email at the end of the day tomorrow, as the first  hours after an event normally carry the highest readership stats.Cheers,Sarah.",Neutral
"Attached are my accomplishments for the first half of .  I will also ask my assistant to deliver a hard copy to you on Wednesday, July .Let me know if you have any questions or need more information.   Thanks.",Neutral
"There are about    pages you would probably want to see.  If that's not too many for you to receive I don't mind faxing it.  You can always call me from the office with the fax number when you're ready  I can even leave it with my assistant when I'm away from my desk in case you get her instead of me.It's finally winter here, too.  Of course that's nothing compared to you guys  it might get down into the 's at night and 's in the daytime.  It's only really bad when it's that cold and it rains.  Brrrr.  It was probably pretty smart of Delta to send those planes to Cincinnati since as a hub they could probably get them on connecting flights to wherever they were originally headed more easily from there than anywhere else (of course a lot were probably headed to NYC and the flights there the next day must have been packed!).Aside from a quick oneday trip to New York I haven't had to do any traveling lately  I'll probably be going to Portland in early March and Amsterdam midMarch.  I may try and get to South America sometime in February but nothing is scheduled yet.Love, Mark",Informal
"I have asked Patti to get us together  to discuss your e:mail message as soon as possible.  Hopefully, we can work that out this week.  I llok forward to talking with you and I will be glad to help you in any way that I can.",Neutral
"I logged into the trading cluster and it appears that it is quite similar to general cluster.  Can we please load the programs that I emialed you earlier?  I am going to be out of the office in the next few weeks and I will need access to all trading apps.  Thank you for your assistance.Sincerely,Mike Grigsbyx",Neutral
"Tom,Attached are the graphs for energy lost due to the pitch and overspeed faults you listed. As I mentioned before the methodology requires decent data recovery for the minute data. The data recovery was poor for several sites in January, and for Fenner and Klondike in May. I will be compiling a report on this request, summarizing the graph types and some explanation of the methods used to produce them. I hope to have that completed within the next couple of days.If you see deficiencies or suggested modifications let me know.Mark",Neutral
"Friday won't work for me for lunch this week, but Thursday is open for me at this point.  Would that day work for you?  If lunch won't work, then we will plan some time on the calendar for Thursday or Friday.  Let me know.   I will look forward to seeing you.",Neutral
"Attached is a summary of the New York RTO Order issued by FERC late yesterday. I apologize for the length, but I wanted to include a number of quotes from the Order that repeat arguments that we have been making over the past few years. In a procedural Order issued today, FERC has scheduled the Northeast mediation process to begin next Thursday, July th.",Neutral
"Attached are our original proposed budget (in four partsa cover memorandum summarizing the western states budget and providing detail on the Western states, a spreadsheet detailing California, and a spreadsheet detailing the remaining states, and a summary budget for the entire west).  Also attached is our top ten.",Neutral
"We are having a technical problem with the SAP Security email box.  Please DO NOT forward any security requests to this box until further notice.  If you need to request access to SAP, or iBuyit eProcurement, please contact the ISC Hotline at  for instructions on how to access the forms and where to forward for processing until this problem is corrected.",Formal
Attached is the weekly report.  Please send me any changes or new items you may have.  Thanks.,Neutral
"What is status of contracts for Chis Dorland, Lloyd Will, Juan Hernandez, Don Baughman, and Narsima Misra?  In addition, are we planning on responding to Dana's counter?  It seems appropriate to at least respond in some fashion.   No response does not send a very good message.",Neutral
that actually works out better for me.  i will meet you at mi luna at .  that is the place in the village correct?,Informal
"Attached is the September  Assignment, Termination & Expiration Report for the Assets Group's contracts.  (FYI  It contains all of the entries made by our group during / regardless of the effective date.)  If you do not need to receive this report or if you know of someone else that should receive it, please let me know by email or phone (x) so that I can either remove your name from or add their name to the distribution list.",Formal
"Megan will be at the wedding that weekend, but I will not be able to make it.  Megan is going to spend most of July up in New York.  How is the fundraising business going?  I heard that Clinton's fundraiser tonight will bring in $ million which will be $ Mil. more than George W., which would be pretty impressive.  Ben",Formal
"Can we update a west contact sheet?  I would like to have all traders and operations personnel listed.  Name, address, home phone, work phone, cell phone, and email.  Thank you so much.Mike",Neutral
"Ron,Garth did a good job on answering some of the questions about which counters were used for different situations. But there are still a lot of holes. We need to know all of the answers regarding the counters in the VisuPro program. The owners also need this information. During your talks with the programmers, ask if they have this information.ThanksEd",Neutral
"Well, I only went to the gym once last week, and then pretty much ate and slept all weekend, so I'm feeling like a pasty white blob of winter blubber. I'm just starting to get ""homesick"" for Maui, so Mexico will come not a minute too soon. Also, Molly and I went to see this movie last night, Requiem for a Dream. It was psychotic! It made me feel like moving to a farm and becoming a marathonrunning vegan or something. Truly a horrible, horrible depiction of modernday addictions and the messedup way our society quells them.So, needless to say, I am MAKING myself go to the gym today.Anna's job opportunity sounds great, although I'm bummed we won't be roomies anytime soon. Maybe I'll get transferred to Enron's Colorado office.Kate",Informal
"Attached are  EES's Volumetric NYMEX and Basis positions for //.    If you have any questions, you may contact me at X.Thanks,Kyle",Formal
PaulI win the bet.  No mention of price caps in the resolution.  And they even put a section in under long term strategies to encourage construction of a pipeline from Alaska (no big surprise here)  expansion of pipelines and expansion of electric transmission lines.  I love these Western guys and girls!I'll send a copy of the resolution via fax.,Informal
"As you know, Enron, its directors, and certain current and former officers are defendants in litigation in Federal and State court involving the LJM partnerships.Enron has employed counsel and they will represent Enron and its interests in the litigation.Under the Private Securities Litigation Reform Act, we are required to preserve documents that might be used in the litigation. Accordingly, our normal document destruction policies are suspended immediately and shall remain suspended until further notice.Please retain all documents (which include handwritten notes, recordings, emails, and any other method of information recording) that in any way relate to the Company's related party transactions with LJM  and LJM , including, but not limited to, the formation of these partnerships, any transactions or discussions with the partnerships or its agents, and Enron's accounting for these transactions.You should know that this document preservation requirement is a requirement of Federal law and you could be individually liable for civil and criminal penalties if you fail to follow these instructions.You should know that Enron will defend these lawsuits vigorously.  In the meantime, you should not discuss matters related to the lawsuits with anyone other than the appropriate persons at Enron and its counsel.  If you have any questions, please contact Jim Derrick at .",Very Formal
We have received the executed Master Power Purchase and Sale Agreement (EEI) dated // from the referenced CP.  Copies will be given to legal and credit.,Formal
Russell:Our credit person is okay with deleting the Independent Amount definition.  Susan will make all the changes and coordinate with you in getting this signed up hopefully sometime this week.  Thanks for your help on this.Carol,Neutral
"The Senate Energy Committee will conduct an oversight hearing on the Northwest Price Spike Situation on Thursday, October th here in D.C. at : a.m. with Senator Slade Gorton (RWA) Chairing.  The focus will be how to prevent future price spikes with only Northwest witnesses invited to testify, including the four Northwest governors who likely will not be able to accept on such short notice.As you know, we have been working with Senator Gorton's counsel to discuss a possible role for the Senator in our FERC strategy.  After our meeting tomorrow with Senator Bingaman's counsel regarding the FERC strategy, we plan to debrief Senator Gorton's counsel also and refine their possible roles in the strategy.   As such, since we are not truly a ""Northwest"" witness, rather than ask to testify; we can achieve our same goals by continuing to work with Senator Gorton's counsel to suggest questions plus statements for the hearing.Allison will get you the testimony when it becomes available.",Neutral
"Monique, Attached please find a redlined and  a clean version of the Master Firm Purchase/Sale Agreement which reflect all of the changes that we discussed.  Please review and call me if I have missed anything.  I will send Mike Palmer the Transaction Agreements this afternoon.Stacy",Formal
"Per Tanya's comments at our Legal/Credit Meeting yesterday, I would like to have the referenced counterparty come thru again to shut them down for financial trading.  Per Tanya, all financial trading for the Calpine family should be done out of Calpine Energy Services, L.P.",Neutral
it's Friday yipeee!!smile and ILY SOOOOOOOOOOOOOOOOOOOOOOOOOOOOOOOOOOOOO MUCHquigs,Very Informal
"Just wanted to let you know I faxed the OMnet Agreement over to Susan Gill today about : pm our time.  I have the originals and asked her to tell me what address she wants me to send the originals to.  I didn't date the front page of the agreement because I didn't know what date you wanted them to be effective so I'll leave that to y'all to work out.  I'm working on getting the other documents signed and I guess I can get them all out in the same package, maybe tomorrow.   I'll visit with you tomorrow about what to do.",Neutral
"Hi Kate, I gave your work number to Rick North from the Northwest Earth Institute. We just finished an eight week discussion group in my office on ""Choicesfor Sustainable Living"" and it was very interesting, eye opening. Thoughtthat with all you are learning about energy, you and some of your moreenvironmentally oriented coworkers might be interested in such adiscussion group.  I told him you would be changing jobs soon, and may nothave time to get anything started.  He suggested that you may know someoneelse in your office who could help.  It's really quite important, thisbusiness of sustainability.  I hope you can look into it.  Mom.",Informal
"That sounds great. Just let me know when you guys are ready to run the test upload. I can validate the deals and help work out any glitches, although it sounds like everything will go smoothly.Thanks for all your hard work on this  having the swaps automated will make my job much easier. Now you can kick back and relax before you make my job obsolete!Kate",Neutral
"Tony, the idea we had discussed at our meeting with Drew was somehow acquiring capacity on El Paso in order to access the South Needles interconnect with SoCal.  Currently SoCal lets El Paso deliver to S. Needles but does not extend the same privilege to TW.    I'm unsure how it would work.  TW does have a couple of interconnects with El Paso's system.  I would simply say in the memo that one solution to the constraint at Topock might be to get some shippers to switch to South Needles, and deliver gas to South Needles after twisting SoCal's arm and letting us in, or somehow acquiring capacity on El Paso (or otherwise using their system) to access South Needles.  Obviously we will need to flesh this out from an economic, regulatory and legal standpoint.  I will discuss it with Jeff when he returns.  My apologies for the delay.  Call if you have any questions or comments to discuss!  S.",Neutral
"My database is not showing that I've looked at this counterparty before, so I need to know if they are an ESP, or not?",Neutral
I will be gone to Las Vegas from Wednesday afternoon through Sunday evening.  I can be reached on my cell phone at  with any questions.Bill,Neutral
"Never mind.  So anyway, I am totally worked right now.  I went to the Blazer game with my friend Kate and we ended up going out afterward.  i ended up staying out until am and I had to be in to work at :.  So basically my day is totally sucking.  How are you doing?",Informal
"In connection with the Legal costs allocations for , what percentage of your time do you think you would spend on EGM matters?The accounting group who is asking for this information realizes that this is a guess on your part.Thanks, Alan",Neutral
"Dear Bill,Thanks for your offer to help us out in our modeling efforts.  I hope that we can share our analysis with you in return.  Below are some questions that we would like to understand in order to better model the ammonia industry.In our model we divided the industry to production, consumption, and storage.   The storage, especially, is a concern to us because we have almost no understanding how much storage there is.  How much storage is in the fields and how much is with the dealers.  Also the consumption is very tricky.  We are not quite sure how to understand the logistics of what really drive the consumption.  I am aware that corn requires the most nitrogen out of all plants.  However what else drive the decision of using ammonia as fertilizer I am not sure.  How price elastic is the consumption, etc. In order to ask the questions in order, I would like to summarize them as follow:How much storage for ammonia is in the US?How is the storage distributed among producers, dealers, and farmers?From farmers view, what are the most important decision factors for using ammonia and at what amount? From the manufacturer perspective, what are the factors that are considered when starting the production and what are the factors considered when shutting the production down.  I assume it is not only the differential price between ammonia and natural gas.Bill, I believe it may be easier just to talk about these questions, as there may not be a simple answer to any of the questions.  I will call you in the afternoon, but feel free to call me at .",Formal
Thanks again for the hospitality shown last week. I wanted to let you know that Fiona was especially helpful.,Neutral
"Vince, Mr. Horn's request has been taken care of.  He has the data he wanted and knows how to call it up on his Bloomberg terminal in the future.Charlie",Formal
"Gerald,I received the voice mail message you left me this morning about plans for aconference call at : pm CST today.  Although I will make myselfavailable, I am not sure right now what will be good phone number to use toreach me.  As a result, it will be better if I call you.  Unless I hear fromyou with different instructions, I will plan to call you at your office atthat time and let you tie us in to the others.Jeff:)",Neutral
"Thanks man I feel like the old man that I am. I only have  years until it gets really bad. Hunting was great the dog did great, he tried to attack a bull and went tearing through the brush I thought that I would never find him. After he settled down he did great. Thanks for keeping the family. Tiffany told me that you guys taught her how to CALL THE HOGS. Brad",Informal
"You did better than I did.  I was telling people I was  when I was .  I felt terrible when I realized I was older than I thought!  Oh well, it just goes to show you that it is all a state of mind.I'm not sure how you don't focus on development, when it is all a part of the same group and process. Neat trick, though.  I wish Carlos was here to do a lot of this, though.  Kay",Informal
Please see the enclosed new form of LC that incorporates the additional drawing condition that we discussed as well as the UCP Article (b) language.Carol,Neutral
"Hello Folks,Sorry for the resend, but the quite a few of them were bounced back to me, so Ifixed the email addresses!The following attachment is a trip to Port Aransas (near Corpus Christi).  Theregular price of a Saturday trip is $..  The special  price is only $ and aminimum of  persons to from a trip.  Another condition is that each personhave to be  or older.  The price includes donuts, snack, a bottle water,prizes & a free lunch buffet and free bingo.Please shoot me back an email to let me know the interest for this event.  We'relooking at Oct. .  The costs for nonmembers would be a bit higher.  I willalso take any other suggestions for an event.  By the way, please only reply tome and spare the others!Take care all and have a wonderful weekend.  I know I will, I'm playing golf allweekend!!!Regards,Homer Hsu",Neutral
"As a followup to the recent Enron Corp. memorandum forming Enron Wholesale Services (EWS), effective today, we have reorganized the Wholesale Services Legal Department. The goals in reorganizing the department are as follows:  (i) align the legal department as closely as possible with the business units, (ii) speed the flow of legal technology across the business units, and (iii) achieve greater efficiency and consistency across the organization. To this end, a legal policy group will be formed for EWS Legal, which will include Lance Schuler, Enron Americas; Mark Evans, Enron Europe; Mark Taylor, Enron Net Works; Alan Aronowitz, Enron Global Markets; Julia Murray, Enron Industrial Markets; and Bruce Lundstrom, Enron Global Assets. The organization chart for the EWS Legal Department is attached.  More comprehensive organization charts will follow for each group.Mark Frevert and Mark Haedicke",Very Formal
how much would i make working for a real estate developer?,Neutral
i felt fine.  i woke up at am to work out.  i guess you are just a candy ass.  just kidding.  i have a dinner to go to tonight with some broker then i am heading downtown.  i will give you a call this weekend.  have fun at the wedding.,Informal
"Attached for your review and approval are the press release announcing the merger plan with Azurix and a Q&A document.  Both have been approved by Mark Metts and Lance Schuler.  Pending signature of the merger agreement tonight, we plan to release concurrently with Azurix before the market opens tomorrow morning.If you have any comments or changes, please call Mark Palmer at x before  a.m. tomorrow.Thank you.Karen",Formal
"There were four major filings last week in the Midwest market.  These include the final compliance filings on rates, terms and conditions as well as the business plan for ARTO proposing National Grid as the Managing Member.  Attached are some ideas of the needed Enron responses  protests/comments and also very brief summaries of some of the filings.We still can't get the Alliance filing made last Friday, not yet on the website or RIMS.  I will add to this when we get that filing and have time for a preliminary review.The Midwest group will be initiating meetings to get further guidance on these possible protests/comments.",Formal
"Nick,Sorry, change of plans. I had to move my trip to the Bay area by one week.Any evening would work for me between Friday, October the st and Sunday,October the nd.Please, accept my apologies. I hope we can meet for dinner on of these days.Vince",Neutral
Hey everyone!I just wanted to send this email out to give you all the updated email addresses that I have for everyone. I hope you are all doing well and are enjoying your rotations. Let me know if there is anything going on this week! Talk to you all later alligator!Claire,Neutral
"A procedural order issued late last night on the Staff Investigation in the California market.  A special FERC Commission meeting will be held November  to consider a draft order on remedies.  The Commission will also issue the staff investigation report.  Thereafter, comments are due within three weeks to supplement the record or comment on the Commission's proposed remedies.  On November , the Commission will hold a public conference to discuss proposed remedies.  Based on the full record then, the FERC expects to issue an order directing remedies by the end of the year.",Formal
"Mitch:Here are the questions for Ameren.  I wanted to incorporate your comments before we sent them out today, so if you could comment on some of these questions that would be very helpful.  ThanksBen",Neutral
"Jeff:As I think you are aware, the Meixco and online group want to implement online trading for Mexican counterparties.  Are there any tax issues taht we should be aware of?  If we conduct online trades using ENA and telephone trades with an Enron Mexican entity, will the exercise of setoff rights create any tax issues?   My understanding is that the Enron counterparty will be ENA.Carol",Neutral
"got yor message, i am meeting greg at molinas. call me on my cell if you need me,",Informal
"Scott:Attached please find the Trader Performance Report for the east desk.  The rankings are against the whole North American natural gas trader pool.Please contact Frank Hayden or me if you have any questions.Thanks,Ding.",Formal
"""Politics is supposed to be the secondoldest profession. I havecome to realize that it bears a very close resemblance to thefirst.""  Ronald Reagan",Neutral
"Sorry man, I am swamped today.  Doing my book and Trey's and I have a  p.m. flight to Utah.  I will try and get back with you today.  The offer will definitely have to get sweeter to get the  pick overall.PL",Formal
"Elizabeth typed up these questions for us but there were a couple that got lost in the translation.  If the two with ??? next to them were yours, let me know what they are supposed to be.I also tried to break these down evenly, I don't remember if we agreed to  or  per person but we can always cut back if we need to.  Let me know what changes need to be done and I'll fix it.Kam",Neutral
"Dick,Thanks for your reply.  I have since been assured that we will build on what has happened thus far, which is a huge relief to me.  If we see forward progress tomorrow we will be all smiles.Again, thanks for your reply.Kay",Neutral
"Here are some ideas for discussion this  week.???Next week we won't be meeting, and after that we  will have only two meeting times left before Christmas.? Be thinking about  what you'll want to do as a group?for the last meeting, since it'll be here  real soon.? Some groups have a party, with a Chinese gift exchange (why is  it called Chinese?), or some go to eat somewhere and then go as a group in a van  or suburban to look at Christmas lights, etc.? If your group doesn't have  some tradition or enjoyable end to the semester, be imaginative and see if you  can't come up with something fun to do.? Of course if you need help let me  know!?Bobby  NEON Roaring .doc",Informal
Tickets are free.   I don't think we'll need binocularsseats are on floor.  Enjoyed helping you over the weekendthat's what friends are forat least where we came from.  The flowers you sent me are beautiful .. All of my favoritesgerber daisies and liliies.  You didn't  to do that with all of the furniture you gave me.  By the wayare your legs killing you.  My calves hurt like hellthink it's from going up and down the stairs barefoot on Saturday.  I think your decorator was a little disappointed in all of the progress we made.he probably thought you would want to hire help.  Can't believe he didn't say anything about all of the beautiful glas syou have.  Heywe may want to thin about putting one of your big mirrors in your purple/black bedroom next to the TV hutchnearthat corner instead of in the purple/green room.,Informal
"I'll switch with Tom, that way, I can still make my appointment and it won't be all guys in the next class (you know how rowdy they get).Mary",Informal
"I discussed the work permit issue with the UK and they agree we need to apply as quickly as possible  especially for you, Brent, as it usually takes  weeks.  Please complete this form as quickly as possible (Brent, for you today would be great!) and email to Tara Rozen.  They can then file on Friday.  If the permit is not in by April , we suggest you arrive without your family until the permit is approved.Jane",Neutral
so i got us a hotel room in caymen.  it can sleep up to six and it is $ for the three nights.  if all  of us stay there that is /ea.  we have it for thurssat night.,Informal
"If we are ever going to pursue this lawsuit, we should do it soon. Where do the traders stand on pricing/ MTM exposure?",Neutral
"Hi Monique,We have a mutual friend, Natasha Sims.  Natasha and I attend the same church and sing in the choir together, and we were talking yesterday about Mary Kay products and she told me that you are her rep and that we work at the same place.  What a coincidence!  To top it all off, I received an email from Angie Collins and your name was also on the email, so I said, ""I have got to send her an email"".  Well, anyway, I would like to order some products.I would like the cleanser for normal skin, a concealer in the ebony bronze, and a black liquid eyeliner.  Please let me know if you have these items in stock and what the charge is an when we can hook up!  Thank you so much.PatriceX",Informal
"Hey Jack  I'm assuming you don't know the last name, but I'm betting you haven't known alot of other Tori's in your lifetime.  Anyway, I've been feeling nostalgic lately, so, I thought I would see what was up in your life.  I got married about  years ago, and I live with my husband, Pat, out in Katy.  I'm working at Enron downtown, doing commodity trading.  We're expecting a little girl in June, our first baby.  Anyway, I'd love to see what's going on with you.  Write back if you can.",Informal
Things are crazy. I still don't have a moving date or work visa but every one assures me I have lots of time. I would go to a store like future shop or look on the internet at chapters.ca. All electronics / stereo shops have them now. Make sure you get one with lots of memory. Take it easy.Chris,Informal
"OK folks, here it is.  Sorry for the delay, but those pesky questions ended up being more detailed than I anticipated.  Please take a quick look and let me know if there are any commentsmore ambiguities than usual in this one.  I'll await comments and finalize this evening.  Jimmie/Dylanmy apologies, but last Wednesday evening, I found out that I have to be in LA for a meeting tomorrow.  If I make it to class at all tomorrow, I won't get there until after the break.  Could one of you print out the case and bring it to class?  If not, don' t sweat it, I'll email him an electronic and turn in a hard copy to him on Tuesday. Sorry for any hassle.Best,Jeff",Informal
"Due to recent concerns about the lack of security over wireless networks, all wireless hubs will be disconnected from the Enron network on Tuesday, /.  Enron Network Services will continue to investigate alternative wireless security methods.  If you have any questions concerning this action please, please contact Mary Vollmer",Very Formal
I wanted to let you know that the form of Enron Corp. Guaranty has been agreed to with BNP Paribas and has been sent up to Enron Corp. for signature today.  I will send you a copy of the Guaranty once it is fully executed.,Neutral
"All,Attached, for your information, is  a copy of a general presentation that I prepared to illustrate and describe EGM's businesses.  This is a presentation that will become a ""living"" document to communicate our businesses and growth.  I will be making numerous changes as we move closer to the analyst meeting in January but I wanted to give everyone a copy of this version.Please don't hesitate to call me if you have any questions or comments.Mike",Formal
"Greg,With the recent changes in the E&C organization, I am interested in exploring other opportunities within the Wholesale group.  I would greatly appreciate the opportunity to introduce myself to you and to get any suggestions you might have in this regard.Attached, for your information, is a copy of my resume.  If you have a few moments this week, please let me know.Thank you,Peter",Neutral
have you heard  anything from Jim on these?  How are we looking on back pages?  Let me know and I can take some time with you to help and clean them up further.  Thanks.PL,Neutral
I just got back from the eye doctor.  My eye wasn't scratched.  I had a rusty piece of metal in it!  I tore down my garden (which is framed and covered in chicken wire to keep out the critters) on Sunday and a piece of the wire must have lodged in my eye.  I will spare you the gross details of him using a needle to dig this rusty piece of metal out of my eye like a splinter...  It was numb and still hurt.  I won't be in this afternoon. Rick,Informal
I'm on your man.  What do you need?,Informal
"Please plan to attend a meeting on Wed., Sept.  at : p.m. in EB C to discuss the pricing disruptions that occurred last week and what Enron's decision will be on how to handle the issue.  If there is someone else that this will affect that is not included in the invitation list, please inform them about the meeting so that all appropriate parties are made aware of the situation.  If you are unavailable, please send a representative in your place.",Neutral
Here's my solution.  FERC should tell the Cal ISO to file the stakeholder developed congestion management proposal arguing that it has been agreed to in the stakeholder process and that the ISO Board has no authority to do something else because they are not properly constituted.  We could also argue that the FERC should order the ISO executives to hire a consulting firm that will propose a slate of candidates and argue for a government similar to what has been proposed for RTO West.  This will help us in ultimately putting the West RTOs together.Jim,Neutral
I have been working with Lehman and BofA this morning in an attempt to get a letter by close of business today so as to be in front of the insurance wrappers this week.Cornhusker on track.  Ultimate (or perhaps penultimate) meeting on transaction docs this afternoon.Chuck,Neutral
"The global ID field has been expanded to hold more data, and now you will be able to see who the network trans provider is and the sink.  Right now we are only doing this for NOB, but let me know how it goes.  I think too much more would be counter productive. Just click the ""Global ID"" part of the grey bar on the top of the report, and you will get the expanded view of this field.",Neutral
Canadians always start their parties early!!  We only have the clubhouse until : and then who knows where it will end up....I am hoping its not my house!!  Is that too early for you?  I think they have invited    people.,Informal
"Jeff,Thanks for inviting me to be in the Round Table.  I think it'll be a success.  I'm able to make it to dinner tomorrow night for the Tiger Team deal.Fletchp.s.  did you close on your house yet?",Neutral
We drinking beer tonight?  You called me to late yesterday.,Informal
"hey jay!I didn't end up going to texas for financil reasons. amanda and i did justget back from colorado visiting some friends for spring break. it was a goodtime. i'm moving to florida for an internship in may when classes are over.i'll be living with nate and tiff. i'm really excited about that. then icome back here in november and graduate and move into the real world. how'syour job going? classes are pretty easy this semester so i've been havingfun, but i have a big test tomorrow, so better get back to studying. love,your beautiful cousin natalie",Neutral
"It doesnt take you long to respond to a slam.    of course, no details of our discussion were mentioned to badeer  i told bobby that you sounded like you came from a bar the last time i talked to you.    i am flying out of state for an interview on monday.    i expect to fly again later next week.   i am still interested in being a part of a leaner trade floor at Enron,  but this proposition is less likely than my leaving.    the creditors and the bankruptcy judge are not that likely to approve good bonuses for performers, in my opinion.      We will be dogged with credit issues and lawsuits for a long time.		what do you think?",Informal
"Happy Birthday old man.  I am not sure if my voice mail will make it to you(I got some weird instructions), so I thought I would cover my bases.  I have been real busy at work and did not mail your gift until Friday.  It will be a few days late  sorry.  Hope you enjoyed your bachelor time this weekend.  Can't beat peace and quiet.  Talk to you soon.PL",Informal
"Anne,I received your voice mail. We are working with each vendor to assign the contracts or enter into new contracts as required in order to ensure that content is available on relaunch of the system.Affected contracts are:Intelligence Press  no agreement required.Accuweather  have verbally agreed to continue service to the new entityDow Jones  have verbally agreed to continue service to the new entityReuters  working on new monthtomonth contract with them.We will work with Leslie on getting written consents.Thanks,Dave",Formal
"Thanks for your message.  I can meet with Jim Derrick on the th, and have flexibility to attend training on either the th or st.  One consideration is that Christian will be in St. Louis on the st and st; if Christian wants to attend the training session we should hold it on the th.Enron will pay for my travel expenses, yes?Best,Steve",Neutral
"How about meeting in advance of tomorrow's  phone call to discuss the approach we want to take with GE?  I'm suggesting  this afternoon.  Please let me know how this works for you.Thanks,Kay",Neutral
"Tonight around : our time Houston will be implementing a DS tunnel routing from Houston to London, Houston does not forsee any problems with Portland production but if any issue arise they will be contacting Real Time. If you have any questions you can call me at . Thanks Chip Cox",Neutral
"It is yours.  I never said it would last. If fact, it is a tribute to Enron that that era is over.You've earned the right to doubt my credibility based on your original interview, however.",Neutral
"I do not appear to be having a winning record for getting my approval list right the first time today.  Attached is also a revised list for //.  Mea culpa, mea culpa, mea maxima culpa...",Informal
"Pinnacle  is quickly approaching!  Remember, all EES employees are eligible to be nominated, but only those who stand out astop performers in their field will be selected for participation.  Pinnacle  will be held at a fivestar resort on the island of Nevis in theWest Indies. This years event will be an exciting and great experience for those selected. Click on the attachment below to get a feel ofwhat's to come at Pinnacle .  After launching the file, the Pinnacle  website can be accessed by clicking on the link at the bottomof the page.",Formal
"I do believe if I got just one more vote for the Chairman's Award this year, I just might double my tally of last year (one vote).  With such an increase in my voter approval rating I just make have a landslide victory this year!The White House may become an option...",Informal
"Cindy:Attached are a form of Enron Corp. guaranty in favor of Albchem Industries Ltd., together with a form of Certificate of Incumbency.  Please process the attached document as soon as possible and call me at x for pickup.Thanks!Marie",Formal
"If you are a participant in the Enron Corp. Savings Plan, please read this very important message.We understand that you are concerned about the timing of the move to a new Savings Plan administrator and the restricted access to your investment funds during the upcoming transition period scheduled to take place beginning at :PM CST on October  and ending at :AM CST on November .  We have been working with Hewitt and Northern Trust since July.  We understand your concerns and are committed to making this transition period as short as possible without jeopardizing the reconciliation of both the Plan in total or your account in particular.  Remember that the Enron Corp. Savings Plan is an investment vehicle for your longterm financial goals.  The Enron plan will continue to offer a variety of investment opportunities with different levels of risk.  As always, we advise you to review your overall investment strategy and carefully weigh the potential earnings of each investment choice against its risk before making investment decisions that are aligned with your longterm financial plans and your risk tolerance. For that reason, it is critical that ALL trades among your investment funds be completed by : PM CST Friday, October  before the transition period begins.",Very Formal
"Anything for the grocery list, my sweetie pie?",Very Informal
Tickets are free.   I don't think we'll need binocularsseats are on floor.  Enjoyed helping you over the weekendthat's what friends are forat least where we came from.  The flowers you sent me are beautiful .. All of my favoritesgerber daisies and liliies.  You didn't  to do that with all of the furniture you gave me.  By the wayare your legs killing you.  My calves hurt like hellthink it's from going up and down the stairs barefoot on Saturday.  I think your decorator was a little disappointed in all of the progress we made.he probably thought you would want to hire help.  Can't believe he didn't say anything about all of the beautiful glas syou have.  Heywe may want to thin about putting one of your big mirrors in your purple/black bedroom next to the TV hutchnearthat corner instead of in the purple/green room.,Informal
"We have received the amendment to the BC Gas ISDA Master executed by BC Gas, which adds the Canadian Securities Representation, so we don't have to add the rep into every confirm.  BC Gas won't sign the confirms with the rep in, and this has caused much difficulties.  I am going to count it as signed, since BC Gas has signed, but we still need it to be signed by ECC.  Can you get it signed ASAP and back to me.  Much thanks.",Neutral
Attached is a notice of special meeting of the Compensation and Management Development Committee on May st at : p.m. until : p.m. This meeting is addition to the April th meeting.,Neutral
"Our next conference call will be held this Friday, September th at :a.m. New York time.  If you wish to participate, please call and give passcode ""US REG"" and leader is Stacy Carey.Stacy CareyDirector of U.S. Regulatory Policy",Formal
"Cheryl will be unable to attend this afternoon's meeting.  She visited with the doctor this morning, and is not feeling well.  Please feel free to call me if you should need assistance.  Thank you for your attention to this matter. Regards, Keegan",Formal
"Ever wonder what happens to the ideas in the Idea Vault?  The possibilities are almost endless, but here is how your idea might be ""discovered"":Putting your idea in the Idea Vault gets it in front of everyone at Enron.  You might make a connection with someone on the other side of the world who is working on a similar concept.  The eThink team checks regularly, and, when we know who might be able to help, we route ideas to various people at Enron.  Various business groups check the Idea Vault in their weekly staff meetings to see if Enron's next big initiative is waiting there.The Enron Xcelerator is looking for fresh business initiatives, and they might find some in the Idea Vault.Visit the ThinkBank today and make a deposit or a withdrawal!Tuesday, Mar. , at  a.m. Houston time, join Judy Schlesinger on eSpeak.  Judy, the manager of eSource, will be on hand to answer your questions and explain how the eSource research group's industry specialists and resources can help you gain a competitive advantage.If you attended or watched the allemployee meeting on Feb. , you heard Jeff and Ken introduce our new vision ""To Become the World's Leading Company.""  What do you think it will take to make this happen?  Share your ideas in the new eMeet category:  ""The World's Leading Company:  What Will it Take?""",Formal
"Hi gang.  Lunch with CES is on Wednesday, that day works better with Jeff.",Informal
Are you still planning on moving this weekend?  I can help on Sat. afternoon and I will try to encourage Kirk and others to help if you want.dp,Informal
i sent her a gift certificate from amazon.  should be in the mail now and it is addressed to lori.  gas did come off.  weather looks nice everywhere.  how was new years?,Informal
hopefully some can stay with us in the nice place and if any of them are ugly they can stay in the other place.,Informal
I just received a call from Tanya.  They have not yet resolved the threshold issue on the National Bank of Canada agreement.  She will let us know as soon as they have a determination.,Neutral
"Vince:I would like to take a day of vacation next Friday, October th if it ok.Anita will be here.Thanks!Shirley",Neutral
"I want to remind you about our AllEmployee Meeting this Tuesday, Oct. , at  a.m. Houston time at the Hyatt Regency.  We obviously have a lot to talk about.  Last week we reported third quarter earnings.  We have also been the subject of media reports discussing transactions with LJM, a related party previously managed by our chief financial officer.  Today, we announced that we received a request for information from the Securities and Exchange Commission regarding related party transactions.I know you will have a number of questions about these issues and events, which I will address.   As usual, I will be as candid as I can.  I will do my best to provide answers and talk about where we go from here.  I encourage each of you to attend or tune in tomorrow.",Neutral
"hi jon thanks for speaking to danny at global..we put this chart together everyday and its been the basis of the short tz trade..we have not included taxes in the fuel numbers.. even when you add  cents to fuel and heat for jan and feb.. gas is way over at tz..you mentioned basis there getting out to $. plus when we actually have some cold.. what is that based on? thnx,carob ellis from catequil asked if he could talk to you for a spell today as well?  that ok?",Informal
"On April rd, Enron Houston employees will be invited to celebrate the ToppingOut of Enron Center South. This exciting day will be a celebration for all Enron employees, our contractors and construction crew and for the city of Houston.Enron Center South is the first highrise office tower to be erected in downtown Houston in more than  years. We are proud to continue our efforts keeping Houston a worldclass city by creating this innovative new building designed by worldrenowned architect Cesar Pelli.All Enron Houston employees will have an opportunity to play a part in the ToppingOut celebration by signing their name to the last beam before it is hoisted atop the new building. Beginning April th, please take the time to sign your name on the beam located in the Enron Building lobby.",Very Formal
got a call from duke. They filled the position.,Informal
I AM LOL  GAS OR TERDS   OKAY OKAY  I AM SORRY  I DIDNT KNOW THAT YOU WOULD CONSIDER TRADING PHYSICALTHEN YES I THINK YOU SHOULD CALL SCOTT,Very Informal
"Justin,The traders are free to use any platform they like. I do not approve or disapprove; they are in the best position to make that decision. It is EWS policy however that someone from Amita/Lara's group be the master user to montor activity and control what access agreements we accept.Thanks,Andy",Neutral
Attached is the June  narrative and report.  I understand that this did not get distributed.  The next report will be /.,Neutral
Nevermind...  Just a moment of worry...  You know me the worrier.  I wont do anything rash...  Thanks for your sweet words though.,Informal
"Mark can you take a look at the two long descriptions for the Heating Oil Options products and provide me with any comments. The language for the exercise period and  for the Asian option is listed below. The reason that ""during"" was used is because the exercise period for a Dec  option is not until the end of Dec . The calculation of the Index price is the average of the daily price for the month of Dec . ""The Exercise Period(s) shall be the last Trading Day of the NYMEX Heating Oil Contract during the applicable Determination Period.""""The Index for each Exercise Period shall be the simple arithmetic average of the daily settlement prices of the NYMEX Heating Oil Futures Contract for each Trading Day during the  applicable Determination Period."" Attached are the Long Descriptions, one has the changes highlighted and the other with the changes accepted(clean version).Thanksjr",Neutral
"Given the growth in EES it has become apparent that it is time to consolidate the risk functions between EES and EWS.  This will provide EES with the systems, resources and risk expertise of the wholesale energy groups necessary for it to continue to grow and take advantage of current market opportunities.With this in mind and in agreement with the management of EES, two new risk groups inside Enron Americas will be formed to provide EES with pricing, structuring, retail and wholesale commodity risk management, logistics and backoffice services.  These groups main function is to provide these services to EES.  We have asked Rogers Herndon, currently Vice PresidentTrading in the Eastern Power Group to manage this function in the Eastern Interconnect (this includes both gas and power).  Rogers will continue to report to Kevin Presto.  We have asked Don Black, formerly Vice PresidentEES Risk Management and Sourcing, to manage this function in the Western U.S.  Don will manage this group from Houston and will report to Tim Belden.These groups will work very closely with EES to pursue shared goals while ensuring close coordination with the wholesale gas and power trading organizations.These changes are effective immediately.  Please congratulate Rogers and Don on their new roles.John Lavorato & Louise Kitchen",Formal
Coffee Sounds good...I'm falling asleep in my chair.  Can you go now?,Informal
"CYI'm not sure  I kind of think we need to keep going to some of these meetings, if nothing else to educate the industry and to listen to the western crowd.  With limited resources we will need to figure out which ones but ...  Talk to you laterES",Informal
"To all,The new Enron Center Garage has opened and if those of you that have accepted spaces at the new garage would please return your Met and Allen Center parking cards ASAP,so that we can back fill your spaces with others on the waiting list.  The Allen Center and Met cards will be deactivated immediately. Please contact Parking and Transportation if you have any questions.  You may hand your old card to the security guard at the garage exit through the end of this week.Thank you very much for your cooperation.Louis Allen",Formal
"If, at any time, it is necessary for anyone in Enron Government Affairs The Americas  to contact elected or appointed officials (or staff) of the Federal Government ,e.g;FERC, FCC, CFTC, State Department, Congress, The White House etc.., you must  make every effort to  to contact someone from the Federal Government Affairs( now also includes Federal RegulatoryAffairs) group in the DC office before any such  contact is made.The purpose of this memo is not  to discourage or prohibit individuals in the group  from calling their contacts in Washington, but rather to make sure we are fully coordinated and are speaking with one voice.Thanks in advance for your full cooperation.",Neutral
"I will be working you each of you to create your  budget. The first draft of the  budget is due on September th.I will be doing most of the work, I will just need a littlebit of information from you!For starters, I need your staffing requirements for .  Attached is a worksheetfor you to enter what your approved staffing level is today, and any staff adds youthink you will need by the end of next year.BE SURE TO ADD THE BUSINESS JUSTIFICATION FOR ANY STAFF ADDS.First fill in your approved staff for Sept , then just change any month with a staffadd, it will populate accross the rest of the months.  Type your justifcation at thebottom of the form.PLEASE TURN IN YOUR  STAFFING BY SEPTEMBER , END OF BUSINESS.We will discuss your staffing requirements at Steve's Tuesday staff meeting.Thanks!",Neutral
"As I discussed in the staff meeting, I am sending you the global standards for your review and comment.  Please review these standards to determine if:The targets set are reasonable for your business andAs minimum standards, they are comprehensive enough (if you would like to see additional reporting)Lastly, in the upcoming month we will start to implement exception reporting for these standards.  Please let us know who the key contact in your department would be for this implementation.Please address all correspondence to Michael Moscoso.Thank you,Shona",Formal
"Opps.  When you wrote back earlier I thought you were responding to me and not Rose's email, so I made a couple of changes and sent it out to everyone.    The Barnas affiliate language required an affiliate to own or operate the plant (not construct), and I was unclear on the time frame when that had to occur.  I'll explain what happened and apologize to him if he thinks we retraded, and can back off of the changes.The insanity continues here. Kay",Neutral
u see letter from barry goode to u re: lawsuits NOT on table?  jeff,Informal
"Vanessa, I checked with Bill, and the very unsatisfying answer to your question is that it totally depends on how Greg divided the community property with his ex.  He agreed with me that a will is a good idea in any case because you can arrange things so that you avoid legal proceedings and save a lot in taxes!  Our friend Tony Maluski does probate work:  I believe his number is .  He's a nice guy and I believe him to be competent; however, I think it is a good idea to shop around when you're doing something routine like a will or an uncontested divorce, so I'd advise calling several lawyers and see who you like best and who will give you the best deal.  If I can find some other names/numbers for you, I will.  Hope this helps!",Neutral
"Your primary contact for Central Desk activities is Kevin Ruscitti.  His phone number isI recommend that you still use me as your primary contact to email bidweek numbers (with Scott Goodell as my backup).  I will forward the bid week numbers to all the East Desk schedulers and the Central Desk schedulers.  After bidweek, you should contact Kevin with all Central Desk issues and myself for all East Desk issues.Let me know if you have any comments or questions.",Formal
"Please contact Iris Waser at x if you or someone you know want to sell their Cirque du Soleil tickets? Iris has received several inquiries for tickets.Thanks,Donna",Neutral
"To make use of office supplies that have been left at vacated workspaces, Enron Property and Services Corp is asking for your assistance.  EPSC will remove extra supplies from identified areas and place in a central location where they may be utilized by everyone.  Please identify areas in your business units that have been vacated and can be checked by EPSC.  Once areas have been idenitified please call the Help Desk at x, option . To obtain office supplies that have been accumulated by EPSC, please email your needs to the following address:	Facilities Help Desk .  You will be contacted about available items. If you have any questions please call Richard Hensch at x.",Formal
"Hi there.I made changes in accordance with our meeting on Friday.  Please let me know what other changes you would like to see.Thanks,Kay",Neutral
Attached for your review are Transwestern's comments to be filed tomorrow on the CPUC's Proposed Decision in the SoCal GIR proceeding.  Please review and comment to either Greg Porter or myself by the end of today.  Thanks gh,Neutral
i spoke to her yesterday.  if she doesn't get you an interview with that guy she is going to get you one later.  game at tim or val's.,Neutral
"Devon Energy and Santa Fe Snyder completed their $. billion merger yesterday as shareholders of both companies approved the deal, which was announced in May. The agreement called for each Santa Fe Snyder common share to be converted into . shares of Devon common stock. Conversion requires issuance of . million additional Devon common shares, resulting in total shares outstanding of . million. Former Santa Fe Snyder shareholders now own % of the combined company. Historical Devon shareholders own % of the combined company. The transaction will be accounted for as a pooling of interests. With merger completion, Devon now ranks among the top five U.S.based independent oil and gas producers in terms of market capitalization, total proved reserves and annual production. The company has an enterprise value of $ billion and proved reserves of . billion boe. The company expects to realize $ million to $ million in annual cost savings from the merger. Devon was added to the S&P  Index after the close of business yesterday.",Formal
"So far, Ella has been pretty immune to Barbie (Sam on the other hand is fascinated  his doctor chastised him for staring  in the Dr office)  she wants an angel puppet, a doll and a car for xmas.  If she asked I would likely give her some barbiesque items  for the reasons you stated (she's going to get them from somebody someday).",Informal
Attached is a revised draft that reflects changes to Paragraphs  (a) and (c) received from Teb today.  We will need to resolve the incremental Rate Schedule issue before finalization...........Tony,Neutral
"If you receive an email and the subect line is FW: Jokes please delete.  This is a virus.   If you have any questions or concerns please feel free to contact any one of us in the IT department. Thanks,Diana",Neutral
"As Enron's broadband services business grows, we will continue to position the company to take advantage of the significant opportunities in this market and meet the needs of our global customers.  With that in mind, we've made a number of changes within the Office of the Chairman of Enron Broadband Services aimed at providing a better focus on the key objectives of the organization.  Joe Hirko and Ken Rice, previously coCEOs of Enron Broadband Services, will continue to jointly manage the strategic direction of the company.  Joe will continue as CEO and will be responsible for the primary executive management of EBS as well as network buildout, BOS development, crossmarket capabilities and staff functions.  Ken will assume the role of chief commercial officer and will be responsible for developing the commercial functions of the organization.  In addition, Kevin Hannon has been named chief operating officer and will be responsible for the daytoday operations of EBS.  Kevin was most recently CEO of Global Risk Management and, prior to that position, he was president and COO of Enron North America, where he has been instrumental in developing Enron's trading and risk management business in gas, electricity and other emerging markets.  Greg Whalley, president and COO of ENA, will again assume his responsibilities for Global Risk Management.Please join us in congratulating Joe, Ken, Kevin and Greg in their new roles.",Very Formal
"Actually I already have plans with the ""girls"" from Accounting.  I think we're going to Lupe's.  You are invited if you want to come.  But give me a definite yes or no...none of this ""I'd like to"" crap.  We're going to leave at :.Robin",Informal
"Mr. Lay, I have been with Enron for  years. I have found these years to have been interesting, to say the least, and have seen many changes during this time. I am proud to be part of an aggressive, growing company. And I have always had a high regard for the people driving the company. I am now  years of age and I have been contemplating retirement and ""pursuing other interests"" as they say, with my remaining years. Imagine my despair at the state of affairs Enron has fallen to through what appears to be gross mismanagement. What was once envisioned as ""those comfortable golden years"" are now simply smoke. And after giving many of my years to this company it is devastating. It is hard for me to understand how this could happen without the knowledge of those of you at the head of the company, in my mind it was a ""look the other way"" situation without concern for anyone but yourselves and all that money for the fancy house, fancy cars, travel, etc.  I will never understand everything that took place and why. I am certainly not alone in these feelings. But I would hope that Jeff Skilling, Andy Fastow and others involved in this travesty have as much trouble sleeping at night as I do.  Robert S. Smith",Neutral
"Frank,Are you interested in bowling in the city tournament this year?  It will be the weekend of June  & .Fred and I are bowling.Let me know ASAP.Thanks,Russ",Neutral
"Hey folks,It's harassment time.  I'm trying to put together the contact list to end all contact lists.  I was hoping you guys could help me out by filling in any of the info you may already have.  I've attached an excel file which has plants, pipelines and storage facilities.  Fill in whatever you can and feel free to add anything you think should be included.  Just take a look at the sheet when you get a chance and let me know if you have any questions.Thanks for all the help,Susan",Informal
"Sara,Equity Trading has started a new executing broker relationship with Jeffries in Dallas.  They are an OTC Market Maker in names we are interested in. They have flow and research in the names we want to trade.I have requested them to send an Executing Broker Agreement and I will forward when we get it.Thanks. Sheila",Neutral
"hey there.  i was wondering if you have nicole's address.  i wanted to get terra to send her a baby shower invitation just in case she might be coming into town, or at least it will serve as an announcement anyway.  thanks.",Informal
"Earlier today, I stepped down as Enron's Chairman of the Board and Chief Executive Officer.  This decision was reached in cooperation with Enron's Board and the Creditor Committee and is effective immediately.To emerge from bankruptcy, Enron needs a CEO who can focus  percent of his or her efforts on rebuilding the company.  Unfortunately, with multiple inquiries and investigations that require my immediate attention, at this time I am unable to fully concentrate on what is most important to Enron's stakeholders  preserving value for our creditors and our dedicated employees.The Creditor Committee has begun a search for a restructuring specialist to serve as interim CEO to help the company emerge from bankruptcy.  This individual will join Enron's remaining management team to direct the company's ongoing operations.I truly believe Enron can and will survive.  I will remain a Director of the Board to help see that it does.During my time at Enron, I have witnessed tremendous change and opportunity.  I have seen people rigorously grow and maintain one of the world's most efficient and safest gas pipeline networks; I have seen people dedicate themselves to a cause that became a passion  the opening of energy markets; I have observed smart people come together as a team to build creative solutions like EnronOnline; and I have watched people tirelessly give of themselves to help their fellow employees and those in the community.  Regardless of what has happened, I am proud of so much of what we were able to accomplish here.Thank you for your contributions to the company and for the inspiration you have been to me over the years.Ken Lay",Formal
"Listening to the Edison call w/investorsEdison says they will pay everyone at the same time (""big bang"" approach) sometime in Q'.My concern is that between now and then Dunn, the AG have the time and resources to make a heckuvalot of mischief, which could be detrimental to generators/marketers' claims.Investors are asking what Edison intends for QFs and generatorsasking about haircuts in particularand Edison is sidestepping the questions.",Neutral
"Hello there!  Hope all is well.  Will you be at the legal conference later this month?Would you please provide us with information identifying the specific entity requiring the brokerage account and a brief description of the transaction for which the account is required.  Also, for purposes of your unanimous consent or resolution,  you should note that either of Ted Murphy or Rick Buy should be one of the two signatories required for opening the account.  Let me know if you have any questions.  Sara",Informal
"As you may be aware, Enron Corp. is a member of the Official Unsecured Creditors' Committee appointed in the Pacific Gas and Electric Company bankruptcy case. Michael Tribolet with the Risk Assessment and Control Group is Enron's designated representative on the committee and he is being assisted by Lisa Mellencamp in the Enron North America Corp. legal group. Please be advised that they will be restricted from disclosing certain of the information that they receive.Attached are Ethical Wall Procedures regarding confidential information that Enron may receive as a member of the committee. It is important that you read the procedures promptly, print the Employee Certification attached and sign and return the Employee Certification to the Compliance Department as directed.",Formal
"Attached is the proposed protest that EPMI would file next Monday / against FPL in its request for continuation of market based rates for its wholesale merchant function and affiliates.  EPMI has already filed detailed protests (unlike the attached generic protest) against AEP, Entergy and Southern due to problems with each utility's OASIS system.  EPMI plans to file this generic protest in other large vertically integrated utility requests for continuation of market based rates.  The attachment now includes a reference to Staff's investigation that states participation in an RTO, without the proper safeguards, including the elimination of the native load exception, will not necessarily reduce the utilities' ability to discriminate against third parties.  Plus, there is a reference that Staff found a perception that the SE is the worst area for discriminatory practices.Please let me know if you have an issue with EPMI making this filing in FPL's proceeding.Also, note:  EPMI plans to file this generic protest this Thursday in the current RTO proposals  SPP, Entergy transco, Florida RTO, Southern, Grid south.  Then on Monday /, EPMI will be filing its specific protests of other aspects of each RTO filing.",Formal
"Vince, I'm working for Chris Clark, and I was wondering if you can help me to get in touch with someone in the research group who had written some of our software.  Kevin Golden tells me that he thinks Jason Sokolov was the guy who had written an application for us to download emissions data from the EPA web site.  Could you confirm this?  If this is correct, is he still in your group?  Thanks a great deal.Sincerely,John Anderson",Neutral
"For several months we have been working on an idea to exploit the staff and experience we have in Special Assets to develop a feeforservice ""executive services"" business.  The key idea is to participate in potentially rewarding companies and projects without commitment of Enron's investment capital.  I believe that this would be a logical extension in applying the skills and management approach we already are taking with our own portfolio.As part of some initial feasibility evaluations, we recently have had discussions with Bill Gartland, a Houston entrepreneur, with extensive contacts with national and provincial governmental development agencies in Spain.  Gartland is seeking management and financial expertise to promote industrial, commercial and real estate projects in Spain.  Among other things, he presently lacks the professional skills to evaluate and package projects for presentation to sophisticated capital providers in the United States and Europe.In addition to checking personal and business references, we had Rick Carson's group perform a due diligence review of Mr. Gartland.  His background and reputation are clean.Through Gartland's contacts we have been invited to meet with representatives with the Sociedad Estatal de Participaciones Indrustriales (SEPI), the Spanish stateowned holding company for business development.  In addition, we will meet with representatives of Instituto de Fomento (INFO), the regional government of Murcia's business development group.  INFO has agreed to fund all of our incountry expenses while in Murcia on this initial visit.In order to take advantage of this opportunity we have accelerated our plans to test the market for the types of services we envisage providing and are scheduled to meet with SEPI, INFO and other contacts in Spain the week of June th.  Unfortunately, with the tight schedule we could not arrange a general meeting to cover the concept of Enron Executive Services (EnronExec).   However, we have prepared an informal presentation as a briefing prior to next week's trip.I would stress the following points:These initial meetings are informational and relationship focused.  No commitments will be made next week.One of the key principles of EnronExec is that we are not a source of capital.  Among the services we offer will be analysis of capital needs and preparation of business and/or project plans for presentation to capital providers.Activities contemplated for EnronExec will complement the normal workload of Special Assets.  There will be no reduction in our efforts to achieve our primary business objectives for the team.The expenses to evaluate the potential and, if viable, to startup the activity are modest and are consistent with our approved  expense plan.Our eventual objective to fund EnronExec is to structure cash fees at least sufficient to cover staff time and outofpocket costs.  We will look to acquire significant equity participation that would offer the attractive potential value upside.  As a byproduct benefit through contacts with various businesses, we may identify new synergies and opportunities for other Enron businesses.I am very enthusiastic on EnronExec.  It appears that it may be a way to leverage Enron's unique resources and strengths into a profitable enterprise that does not require separate capital.  I would appreciate your comments and questions.",Formal
"Ron/Kim(Sent to both Enron Energy Services and Enron North America) Please find attached a Request for Proposal for several Summit  Energy clients in California.The first client is Smurfit Stone Container Corporation  (SSCC), served behind PG&E.  The largest site in this group is the  Santa Clara mill site.  This site owns Redwood capacity.  We are  interested in a supplier that can offer to manage that capacity in an effective  manner.   As you know, the SSCC contract has already been sent to your  office.   Please work directly with Michael Dickson in our office here  to go over any issues with the Smurfit contract.  He has direct contact  with legal at SSCC corporate.  He is available at  ext  .   In the past, we received a marked up SSCC contract back from  Enron.  We would like to try and work through reasonable requests for  changes to the contract and come up with a mutually agreeable deal.  Keep  in mind, if you choose to bid on Smurfit in this proposal, that we request that  your pricing reflect (Bid One) the terms and conditions in the SSCC base  agreement (including the payment terms). For the remaining Summit Energy clients, the bid process  should be fairly straightforward.  SGL Carbon (SoCal Gas) and Borden  (PG&E) have agreed to basically the same base agreement.  We  have attached those terms and conditions for your review. Newell Rubbermaid (SoCal Gas) and Libbey (SoCal Gas) are  willing to work with the marketer agreement.  Summit Energy will review  your agreement and request any changes we deem necessary. We look forward to hearing back from you.  All proposals  are due in by close of business Monday, May .  Thanks in advance!    Please call me with any questions regarding the  RFP. Lynn  Lynn BrackenEnergy Manager",Formal
"The paper about the Role of the Default Provider is consistent with, what I understand as Enron?s positions: it advocates for the Georgia model (the utility exiting the merchant function) and against price caps.Its main purpose is to assess the relative risks of alternative default provider models.  It states that most of the risks are not inherent in the default provider models, but with other terms of restructuring (i.e., price caps).  In the Atlanta Gas case, the utility was the default provider for several months, and then an alternative provider was appointed.  There is no evidence of a problem with either model.  However, when a default provider faces price caps below market prices, risks and inefficiencies are the likely result, regardless whether the utility or an independent merchant is the default provider. Below are the remaining conclusions:() Almost all consideration of default provider by the various states relates to the transition period.  There is almost no consideration of default provider in the long run. () In most states, the local utility is the default provider and provider of last resort during the transition period.  This choice appears reasonable, considering the utility's historical obligation to serve.  If the local utility becomes a minor participant as a provider, the feasibility of using alternative providers for default service increases.() Another purpose of the paper is to link the choice of default provider to the development of competitive markets.  The link is that the states' view of a competitive model influences the choice of default provider.  If the perceived competitive model achieves competition at the fringe (the contestable market model, i.e. a large number of competitive providers are not essential), the local utility will remain the provider of last resort.  The alternative view of the fully competitive model (effective competition between numerous providers) will result in an alternative provider being the POLR.  In the case studies considered in the paper, Texas electric utilities and AGLC are exiting the merchant function.  In these cases, the POLR is an alternative to the local utility.() The approach of AGLC to providing default service is highly successful because of its use of incentives. By exiting the merchant function within a year, AGLC created strong incentives for merchants to enter the market and attract customers.  Customers had equally strong incentives to select a provider.  With these incentives for customers and marketers to do business, there is little likelihood of actually needing default service.  (I do not agree with this statement, but it is in our favor)() The rate cap provision that applies to most states is encouraging marketers to exit natural gas and electric service.  This regulatory failure increases the need for a default provider and, at the same time, decreases the feasibility of obtaining default providers.  A highly successful approach to a default provider is a deregulatory scheme that imparts incentives for marketers to serve customers, and thereby diminishes the need for default service.The paper mentions that Enron abandoned California market as an example that competition was not developing as expected (page ).Please let me know if you need further details.Guille",Formal
"Martin,Apparently you live right next door to friends of mine.  Dana Welsh and Gerald King were neighbors of mine when I lived in Houston in , and my wife and I still keep in contact with them.  As a matter of fact, we'll be staying with them on November  &  before their wedding, and might knock on your door to meet you.  Funny, Dana mentioned in the past you worked for Enron, but it's such a big company I didn't think I might know you.Regards,T. Scott CampbellDirector",Neutral
"If you are a participant in the Enron Corp. Savings Plan, please read this very important message.We understand that you are concerned about the timing of the move to a new Savings Plan administrator and the restricted access to your investment funds during the upcoming transition period scheduled to take place beginning at :PM CST on October  and ending at :AM CST on November .  We have been working with Hewitt and Northern Trust since July.  We understand your concerns and are committed to making this transition period as short as possible without jeopardizing the reconciliation of both the Plan in total or your account in particular.  Remember that the Enron Corp. Savings Plan is an investment vehicle for your longterm financial goals.  The Enron plan will continue to offer a variety of investment opportunities with different levels of risk.  As always, we advise you to review your overall investment strategy and carefully weigh the potential earnings of each investment choice against its risk before making investment decisions that are aligned with your longterm financial plans and your risk tolerance. For that reason, it is critical that ALL trades among your investment funds be completed by : PM CST Friday, October  before the transition period begins.",Very Formal
"That is all fine with me.  Just ask mom what she wants to do.  She will not flip out again, I think.  We can see if she wants to do anything on his actual birthday.  What are we going to actually do after the Gymboree thing, are we inviting anyone else over?PL",Neutral
"So are you up for any friendly or unfriendly bets on this weeks big showdown?  I don't think the lines are out yet but I'm sure you guys will befavored by at least a touchdown.  So I'll take the Aggies +.  How about theloser either picks up the first round or the whole night the next time wehit the town, although the later might be pretty steep.  Don't know if youra gambling gal but I thought I would at least present this opportunity toyou.Anyway, how's the old option book?  Are you getting a handle on the wholemacro thing?  Look on the bright side it is only a three day week and I'msure you'll get the whole  in.Take it easy.Kyle",Informal
"Lunch sounds good, but already have a tee time for Saturday, but looking for a fourth  interested?Ben",Informal
"Greetings from Amazon.com.We thought you'd like to know that we shipped your items today,and that this completes your order.Thanks for shopping at Amazon.com, and we hope to see you again soon.You can track the status of this order, and all your orders, online byvisiting ""Your Account"" page at There you can:        * Track order and shipment status        * Review estimated delivery dates        * Cancel unshipped items        * Return items        * And do much moreThe following items were included in this shipment:",Formal
"Here is a short note on potential research with Wharton.  Please review and edit and then we can send some indication to the Wharton guys.     The objective would be to define the amount of risk an enterprise can take, and the difference between this and the actual amount of risk the enterprise chooses to take based on the capital structure and reporting structure.  In particular, one can view Enron as a hierarchy of companies, and assuming we can separately quantify the risks of each unit, what framework would one use to analyze risk at Enron?   A related question is how one should represent risks in the different units?  Risks may be of different types  shortterm volatility risk, catastrophic risk, liquidity risk, etc  what should one focus on for a first cut? Another related question is to decide on the optimal amount of insurance both at the unit level and the enterprise level, and relate the decision to get insurance to the cost/benefit of insurance.",Neutral
"Harry:If you're done polishing up your resume (only kidding), would you let me know when I can expect to hear back on the various emails on the subject company offers?Thanks.",Informal
"Hi Stephanie,Thanks for the hard copy of the ISDA docs.  Would it be possible to get an electronic version of what you gave me?Thanks again,Kay",Neutral
sounds good.  how long would we stay in cancun?  i don't think i can take  weeks again this year.  i could meet you in n.o. and we could fly from there or if you have to go to cancun through houston i can meet you here.  i will try to call tonight after my softball game.  hope all is well.,Informal
"Greg , as I mentioned in my earlier note , we have had a team crawling all over the Margaux transaction both to see if we can reduce the outrageous cost and also to see if we can find some earnings . We don't have your earnings meeting today and I am not sure yet if it is going to be later in the week ( when I am out of the office ) so I thought I would give you a heads up on a deal we are working on . It is early days and there are some significant accounting and timing issues , but we believe that we have found a way to reduce our cost's going forward and recognise potentially up to $million of earnings . In brief this will be by unwinding a liability in respect of an existing swap  for about $m less than it will cost to settle the swap and pay out the third party debt and equity holders and pay breakage costs . It will involve us in taking back some incremental risk and in taking approx $m of debt on balance sheet I believe this is all manageable . In addition the transaction will require third party consents which could take time , however we are aiming to close Q . We will brief Glisan and Causey today as we need some support from them on a couple of issues . This is not yet above a % probabilty but I am hopeful that this is doable . We will keep you informed .Michael",Neutral
"hey mom,yeah, my tires were flat and the wheels slipped out from under me, so I ate it.how have you been.  it has been a long week.love,eric",Informal
that guy screwed me on the car.  he backed out.  he left me a message at work to tell me he wouldn't sell it.  he had already signed the bill of sale.  now he wont return my message.  he is a pussy.,Very Informal
"Jeff,I work with Jennifer Fraser and was asked to contact you with regards to a fuel oil call that we sold Hydro Quebec a while ago. I would like to find out whether or not we are in the notification period (I think we are) and what kind of paper work that needs to get done if we are.Regards,Richard Lassanderx",Formal
"Forgive the length, but it was a long couple of days.  Apologies in advance, since I'm sure I've missed something.  Hopefully, it hits the highlights and gives a good flavor.  Please foreward to anyone I've inadvertently missed.  Don't hesitate to contact me if you have any questions.Best,Jeff",Formal
"Enron announced today that its common stock will now be traded as an OvertheCounter (OTC) equity security under the symbol ""ENRNQ.""  This follows a decision by the New York Stock Exchange (NYSE) to file an application to delist Enron's common stock, which means that Enron's common stock and related securities are suspended from trading on the NYSE.  Enron is considering whether to appeal the NYSE's decision.The NYSE has standard criteria for listing stocks, which can be found on their website at   Enron recently fell below the following listing criteria: average closing price of a security less than $. over a consecutive  tradingday period.  Quotation service for Enron's stock will now be provided by the National Quotation Bureau, LLC ""Pink Sheets.""",Very Formal
"Hi All,Calpine appreciates the opportunity to comment on the proposed amendments toAB X.  The proposed amendment would delete language now in section which provides:  ""The department shall have the same rights with respect tothe payment by retail end use customers for power sold by the department asdo providers of power to such customers.""That language is extremely useful for maintaining that the department maydirectly bill customers if, for example, the CPUC does not adopt asufficient rate recovery mechanism.   It is very important to use that wekeep that language intact.  I don't believe this should be a problem for anyof you but please call me at  if it is.  Thank you.",Formal
"Hey Sara, got your voice message.  Everything is under control.  Specifically:. I completed my review of the Enron Credit Inc. brokerage agreements early last week so I do not need you to take over the review.  You just need to tell me how you wanted to proceed to make sure we are all on the same page..  The Sanford Bernstein and Smith Barney Electronic Trading Agreements are among the batch of agreements you gave me on Monday so those will be under review by me this week.  I plan to send comments out to them as soon as possible.  I am already aware that these are a priority because I keep Aneela and/or Theresa updated by phone every day. I am feeling alot better, thanx.Enjoy your day away from the office.  Cheryl NelsonSenior Counsel",Neutral
"Mark Quaglia, an associate in the capital markets group from New York, will be flying here either tonight or first thing in the morning to review confirmations.  He is planning to stay overnight on Thursday. Will there be a checklist for him to use in gathering information from the documents, or should we meet to develop something?",Neutral
"Your mailbox has exceeded one or more size limits set by your administrator.Your mailbox size is  KB.Mailbox size limits:	You will receive a warning when your mailbox reaches  KB.	You cannot send mail when your mailbox reaches  KB.You may not be able to send or receive new mail until you reduce your mailbox size.To make more space available, delete any items that you are no longer using or move them to your personal folder file (.pst). Items in all of your mailbox folders including the Deleted Items and Sent Items folders count against your size limit.  You must empty the Deleted Items folder after deleting items or the space will not be freed.See client Help for more information.",Very Formal
"Final ReminderIf you are a participant in the Enron Corp. Savings Plan, all trades among your investment funds must be completed by : PM CST Friday, October .The makeup of your investment funds in the Savings Plan at : p.m., October , will reflect your investment decision for the duration of the transition period.",Formal
Can't make it  I am registered for the Basics of Risk Management that day.,Neutral
"Hey guys  my friends and I are throwing a little soiree at my place tomorrow night around  or so.  I know it looks like only guys are being invited to this deal, but I assure you there will be girls there too  they've already been invited.If you want to bring beer/bottle/wine/whatever  that's fine, but no obligation  there should be plenty for everyone to eat, drink & meet Mary.  Feel free to bring more people too.I live on the corner of Fannin & Capitol in the St. Germain.  Park anywhere on the street & it's the walkthru gate by the  garage doors.  The code is   go through the hallway, veer to the left, up the elevator to #.",Informal
"John,Howdy from Houston.  I received a call from a guy named Steve Scott who is involved with several ventures including a German VC  called eStreet.  Are you aware of these guys?  They want to talk to someone about eopportunties in Europe especially Spain.  I will ask  him to call you once I talk with him but I don't have your number in London.  Two questions, what is your  phone number in London (the phone book has you in Germany) and do you know these guys?Thanks,Mike",Informal
"Seabron has agreed to write a brief sumary of the Section  white paper, in layman's terms, to be used in our communications with the press.",Neutral
We have received the executed Amendment to the ETA for the referenced counterparty dated //.  Copies will be distributed.,Formal
"Barring weather issues, it would appear as though we are on for Little Woodrow's tonight.  I don't believe a definite time has been set as of yet, but seeing as how they ran out of steaks last week I suggest we get there as early as possible.Should we be rained out an alternative location will be chosen.",Formal
"Hey gang.Here is my stab at things.  I added to Mark's written answers.  I hope thatMark can incorporate them.  I forgot to bring Mark's spreadsheet home so Iput some things on the originals.  Hopefully it will be useful.Whe it must have taken me  hours (wink, wink).  I have the projectmanagement class tomorrow so I will not be around.  I will be home most ofSunday.  My home phone number is Dylan",Informal
"Real Time,El Paso is in the process of calling counterparties and telling them they(EPE) will deal with billing issues directly.  At this point we will continue to market EPE's power.  Hopefully, we will receive a list of counterparties that we can deal with by the end of the day.Darin Presto",Neutral
"When I got in this morning, there was a note on my desk from Andy saying you wanted to meet with him this morning.  I am supposed to let him know when.",Neutral
"I'm now trained to avoid harrassment.   Actually it wasn't as bad as I thought it'd be...not that it was exactly interesting, but it could have been much worse.  I was going to leave, but I just found out that Laura's in Houston.  Not only is she in Houston, she's in a conference room on this floor.  I keep peeking in the window to see if she's still in there.  I'm just hanging around now hoping to get a chance to talk to her.  Talk to ya later.",Informal
"MJ,How are you?  It was good to see you when I was out there.  Things here are busy as ever!  I have some guy friends going to napa valley in a couple of weeks and they would like a recommendation for a place to stay.  I know you have stayed in napa before  do you have any recommendations?  I appreciate your travel agency services!!I hope all is well and to see you soon.Thanks,Kim",Formal
"Hi!Matt is over until , Paige is off with Abbey, and I'm waiting for a conference call to start.  How many places should I set at the table tomorrow?ckm",Neutral
"Sally,Seems like it's been so long since we have talked or seen each other!  i hope you and your family had a wonderful Thanksgiving holiday!  We certainly did!  Attached are my accomplishments for .  Please let me know if you have any questions.",Neutral
"The continued growth of the Enron Europe office and related businesses has prompted a change in the management of Risk Assessment and Control (RAC) in London. Effective in early January, , Ted Murphy will transfer to the London office and mange the RAC activities which include credit and market risk and underwriting. Ted will continue to manage the Enron Global Market Risk activities. Steve Young, currently managing RAC in London, will begin a new assignment within  EBS, also in London.The Houston Market Risk group will be managed by David Port As Enron continues to expand its trading and risk management businesses, it is vital that trading and credit policies are administered in a consistent and accurate manner across the company. Hopefully this realignment will accomplish that goal.Please join me in congratulating Ted, David and Steve on their new assignments.",Formal
Not necessarily in one room for the duration  but let's meet and stay on topic until we get it done.Dave,Neutral
"As we continue to address a number of issues facing Enron, it is critical that the company remain focused on attracting, motivating and retaining a diverse and talented workforce.  We strongly believe that our workforce is worldclass  the best in any industry, so we will continue to develop and reward this tremendous talent base. Because the lasting strength of our company is determined by the strength of our workforce, we are elevating the role employeefocused functions play within Enron.  We are pleased to announce that effective immediately Human Resources, Employee Responsibility, and Executive and Corporate Compensation will report directly to the Office of the Chairman. David Oxley, Vice President, will continue to oversee Enron's Global HR function.  The lead HR representatives for the individual business units will report to David in addition to their respective Office of the Chairman.  Besides managing Recruiting, Staffing, Training, Compensation and the Performance Evaluation Process, David will also add Payroll and Labor Relations to his list of responsibilities. Cindy Olson, Executive Vice President, will have responsibility for Employee Relations and Corporate Responsibility, which includes Social Responsibility, Community Relations, Diversity, Employee Relations, Redeployment, Alumni Relations, Employee Events and Programs, Benefits, Wellness, and Worklife. Mary Joyce, Vice President, will continue to have responsibility for Executive and Corporate Compensation in addition to Global Employee Information Management and Reporting and Analysis. David, Cindy and Mary will each report to the Office of the Chairman.  A detailed organizational chart is attached.  Please join me in congratulating David, Cindy and Mary on their new responsibilities.",Formal
"The following is a link to the Bureau of State Audits' March  report""Energy Deregulation; The Benefits of Competition Were Undermined byStructural Flaws in the Market, Unsuccessful Oversight, andUncontrollable Competitive Forces"" which was referenced in today'sSelect Committee to Investigate Price Manipulation of the WholesaleEnergy Market hearing.",Neutral
"Attached please find a clean copy of the Enron South America TurbineFacility Agreement, which incorporates the specific performanceguarantees that had been included in Exhibit U.   The attached blacklineshows these changes as well as those made by Rob Taylor.  I have run theblackline against version , which was the last version that I had sentto you.",Formal
"Attached please find the draft  ISDA Definitions, the draft NCUSupplement and the draft Annex to the  ISDA Definitions.  Also attachedis a letter from Allen & Overy.Please note that this email response system is entirely automatic.Incoming email will not be reviewed by ISDA staff.  Please send comments onthe documents to Richard Tredgett  JohnBerry  and a copy to Angela PapeschIf you encounter any problems opening these documents please contactCorrinne Greasley at the ISDA office in New York on",
The Icon worked and I've pulled it up and can use it.  Thanks for your help!How's things going there?  Are you getting excited about going back home?  Have they started to think about hiring anyone to replace you?  Everything cool on the roommate front?,Informal
"Hey, you're back.  Did you have fun?jerry and I are taking a motorcycle trip next week.",Informal
"Please contact Gia Maisashvili () or John Neslage () and let them know which working group you would like to participate in.Thanks,Marcia",Formal
"Rick:As you know, Clinton should sign, over the next couple of days, legislation on electronic signatures.  There is a big need to standardize the approach with respect to esignatures on trading contracts and maybe confirmations.  I think this is an area that ISDA could provide leadership and possibly make money through a protocol.  Let me know what you think.Mark",Neutral
"The Commission at today's FERC meeting voted out orders in the three Southeast region RTOs  Grid South, SETrans and SPP.  It was reported at the meeting that the orders will find that it is necessary for a single Southeast region RTO.  A separate order will be issued in a new docket RT initiating mediation before an ALJ (Judge Bobbie McCartney) to facilitate the formation of the single Southeast RTO.  Within one week, the settlement proceeding will begin and will continue for  days.  The judge thereafter must report to the Commission within  days including an outlline of a Southeastern RTO, milestones for completion of intermediate steps and a deadline for submitting a joint proposal.  The Commission will review the report and may issue further orders as needed.  Grid South, SE Trans and SPP are required to participate and Grid Florida is encouraged to participate in the mediation.  All parties to any of these RTOs should also participate.The Grid South order will also include language requiring an independent board.  After the independent board is established, it should choose an operator of the RTO.  This language should further support the idea set out in a prior SPP order granting Enron's clarification that the RTO should not make major capital expenditures for software or operating systems prior to the establishment of an independent board.The Grid South order should also include language supporting the establishment of interconnection standards.",Formal
"/  Trans Id.  shows  mw R/T but we do not show this in EnPower.  However, deal  in EnPower for  mw does not go with anything with NY. The comments are not helping in identifying what transaction it goes with. Could you please advise.Thanks,Jim Cashion",Neutral
"Tom,Attached is the RFP as per our discussion. You can call me or Mr. Roberts if you have any questions concerning the RFP. Please submitall your offers directly to Mr. Roberts.Thank You",Neutral
"Thanks for giving me some competition in bball.  You appreciate the old school not like these young punks ""Bass""  that don't appreciate the tradition and hard work  behind the glamour in the NBA.  I will try to keep it close and only win by a few.  Unlike the drubbing I gave to Farragut.Gary""Top  Fantasy Basketballer of Alltime""",Informal
Don't be scared...I'm just kidding.,Informal
"You are not just buying a pig; you are buying a brighter future for the youth of Texas.  When you purchase a pig from the Houston Livestock Show and Rodeo (HLS&R), Junior Swine Auction Committee, all proceeds will go into the HLS&R Scholarship Fund benefiting Texas youth.  Pigs are $ each and are approximately  lb. gross weight.  The pigs can either be donated to The Houston Food Bank or delivered to a processor for your personal use.   To participate please contact Jessie Jewell at .  Because this is a taxdeductible contribution, Enron will match your donation dollar for dollar.  Click here to print out the Matching Gift form.  Individuals donating $ or more are eligible for an invitation for two to the Whole Hog Cookers BBQ Tent at the Championship BBQ Cookoff held February  and .  Individuals donating $ or more can also receive an invitation for two to the Swine Auction Breakfast and Swine Auction on February .  Cash contributions of any amount are gladly accepted.",Informal
"Just wanted to drop you a note to let you know that I will be in the London office during the week of January .  I will arrive just after lunch on Monday and plan to be there through Thursday.  Much of my time will be spent with Fernley and Mike Jordan.  If you have a few minutes while I am in town, it would be great to get with you to hear if there is anything that is of particular concern or interest to you in supporting the continuing growth of your business in .  I will stop by while I am in the office.  Sally",Informal
"Wednesday, Feb.  at : am Houston time, join Amelia Alder and Kelly Strader for an MS eSpeak event.  Find out why participating in the MS is as easy as riding a bike!  If you can't make it to eSpeak for the live event, be sure to presubmit your question(s) on the eSpeak site, and then read the transcript later for the answers.  Remember:  Don't email your questions to the eThink mailbox.  They must be submitted in the appropriate eSpeak event, or they won't get answered.ethink.enron.com",Formal
Attached is a draft of a swaption based upon the term sheet reviewed the other day.  Elizabeth has not reviewed yet and I still have some lingering questions.  ss,Neutral
Did you say you were missing a phone?  I may have an extra one for sale  CHEAP TOO!  I made a bunch of  calls on it last night.  Newphew called me at : ish and showed up around :.  I'm tuckered.,Informal
"Attached to this email pls find my revised version of Dirk's letter to CSUF incorporating my discussions with Dirk.  As you will see, there are a fair number of items that need to be confirmed before sending this to PG&E.  I will work on Rob's letter tomorrow as a followup to Dirk's.Pls call or email with questions, comments, etc.AW",Informal
"Enron is proud to be a Charity Partner Sponsor for the  Shell Houston Open being held April  on the Tournament Players Course at The Woodlands.  The Shell Houston Open ranks No.  among PGA TOUR tournaments with charitable donations of $. million.  While today's top players are entertaining you, remember the net proceeds of the tournament will benefit more than  local worthy charities in need of a helping hand.Attached is a list of available tickets, parking passes and various invitations, along with a schedule of events.To order tickets, please follow the procedures listed below:",Formal
"""Moths""A man and a woman meet at bar one day and are getting along reallywell. They decide to go back to the woman's house where they engage inpassionate love making.The woman suddenly cocks her ear and says, ""quick my husbandjust gothome, go hide in the bathroom!"" So the man runs into the bathroom.Her husband comes up into the bedroom and looks at her. ""Why are younaked?"" he asks.Well, I heard you pull up outside, so I thought I would come up hereand get ready to recieve you.""""Okay."" the man replies ""I'll go get ready.""He goes into the bathroom before his wife can stop him and sees anaked man standing there clapping his hands.""Who the fuck are you?"" the man asks""I am from the exterminator company, your wife called me in to get ridof the moths you are having problems with.""The husband exclaims, ""But you are naked!""The man then looks down and jumps back in surprise.""Those little bastards!""*",Informal
"Jeff, Thanks for the floor speech on  yesterday.  It's always great to hear ""the boss"" say that you're doing a good job and that Enron still has a lot in store for the future.  You don't know how much that helps us motivate our guys and keep them focused on our goals.Victor",Informal
"I've just spoken with Christian Yoder, who said he's got the confirmation letters for these deals on his desk. He's also planning to call you to discuss this further  these deals and several others entered as part of an EES acquisition will all be confirmed differently than usual. I'm not completely clear on the subject, so I'm going to defer to Christian's legal expertise.But if you have any other questions, please let me know. I can certainly sit down with Christian and maybe we can all conference call on the subject.Thanks,Kate",Neutral
"The information books should be in everyone's hands by about : Thursday morning.  Let me know if you have any trouble getting your copy.  Michael Ratner is now building a baseline economic model for each of the four () assets using data presented in the information memoranda.  Once the model works, we will be able to modify the data to run various cases for various asset combinations.  We need to identify all synergies and any other areas of special consideration that could impact our valuation (i.e. does ownership of Minnegasco provide any strategic opportunities, any value in the AC line access to northeast pipelines, etc.)  You should soon receive another smaller packet from Merrill Lynch describing two different deal structures for our consideration  one is a ""prepaid lease"" arrangement, the other a ""leveraged partnership"". I am trying to set up a meeting with Robert Eichenroht to discuss PUHCA issues and how this deal would be impacted if we were to include either the Arkla LDC or Minnegasco package. Nonbinding EOI's are due next Wednesday and time is short.  Bill Cordes will be in Houston next Tuesday and we have tentatively scheduled a group meeting for : AM.  [Location not yet confirmed, but we will try for a video conf. room so Omaha can participate.]  Please mark your calendars.JNG",Formal
"Hello sunshine.  I haven't heard from you, I trust everything is okay.  I have sad news to report.  My neighbor died this morning. You remember the little neighbor who got burned, and no one told her that her father had lung cancer, well he expired.  Please pray for the family.  I feel so sorry for his wife.  I know I never have good news, and if you ever get tired of me telling you bad news just let me know.  The devil is so busy, I have to ask for help to fight him.  I really appreciate your willing ear. My other neighbor went to the emergency room Monday and they will keep her until today. She thought she was having a heart attack.  We do not know what is wrong with her she will go for test on next Thursday.  Help me pray for these families.  You know I love you.  I will talk to you later.  Tell all the Saints I said hello. Be Blessed in Jesus Name Kat",Informal
"I just wanted to give all of you an update to my previous message on the replacement for Brian Heinrich in Financial Operations.  Jennifer Blay was going to be his replacement; however, Jennifer has accepted a position in Energy Operations working for Jeff Sorenson.  The newest addition to the Financial Operations staff is Holly Heath who joins us from Bank United.  She is located at EBA and can be reached at Ext. .  In addition, Sarah Brown will transfer as Manager of the Consolidated Reporting Team from the Gas and Transmission Assets Team in the Business Analysis and Reporting organization.  Sarah is located at EBB and can be reached at Ext. .Brian will be helping to transition Holly into her new responsibilities.  As such, you will be receiving Emails from Brian during the next week or so.  After that, Holly will begin to request information directly from you.Please join me in welcoming both Holly and Sarah into their new roles.  Thanks for your patience during the next few weeks.  If you have any questions, please do not hesitate to call me.Lisa Cousinox",Formal
Attached is the temporary assignment for the ONEOK deal from Sandia Resources.  I received a call from the confirm desk looking for paperwork on this deal.  We need to get this signed ASAP.  Sorry for the delay.,Neutral
"Frank, Steve, Charlie, Robin, Greg and Maria:  CONGRATULATIONS on an outstanding result!  I don't think I've ever in my days as an outhouse and inhouse lawyer worked with a team that was so cohesive and effective.  That you guys did it with a group pulled together  from two firms as well as in house lawyers is doubly impressive.  We appreciate the long hours and sacrifices you all made to get  this thing ready and try it in such a short time period.  Your timing is impeccable, as having a little good news about Enron out in the marketplace is sorely needed right now!  Thanks again guys!  DF",Neutral
I've been to Argentina  what can I tell you about it?  We need to get sailing soon!  Ever get to Houston?  I have a boat here but don't sail too much  just working too hard.  Hope you're well!,Informal
"Apology accepted.  My feelings were hurt considering laning you the BMW, paying for dinner and washing and filling your car with gas!!Love,  Dad",Neutral
Just a note to let you know I will have to miss our meeting on Tuesday  I will not be back from New York until around noon.,Informal
I was not hung over yesterday. I had  beers and went home. How about that for self control? I watched women's gymnastics olympic trials on saturday night and did some laundry. What a loser I am. I am going to Sylvan this weekend. My friend Meghan is moving to Sydney Australia and Saturday is her going away party. Meg's cabin parties are  generally epic gong shows. I need to rest up this week. I bought inline pants at the Gap yesterday. Now if I get some rollerblades I'll have the official pants. I don't think you need to take your rollerblades in to get the wheels rotated every week. Can't you do it yourself? I could probably even do it and I'm the most mechanically inept person in the world.Chris,Informal
Yours!  Are you lunchable tomorrow?  Debra PerlingiereEnron North America Corp.,Informal
"OK folks, here it is.  Sorry for the delay, but those pesky questions ended up being more detailed than I anticipated.  Please take a quick look and let me know if there are any commentsmore ambiguities than usual in this one.  I'll await comments and finalize this evening.  Jimmie/Dylanmy apologies, but last Wednesday evening, I found out that I have to be in LA for a meeting tomorrow.  If I make it to class at all tomorrow, I won't get there until after the break.  Could one of you print out the case and bring it to class?  If not, don' t sweat it, I'll email him an electronic and turn in a hard copy to him on Tuesday. Sorry for any hassle.Best,Jeff",Informal
"Ross/Jackie,Here's my list of comments to the most recent draft.  It is subject to internal review, but this gives you an idea.  Could we have a telephone conference to knock out as many of these as possible?  Thanks,Kay",Formal
"KentI attach the following:(a) a clean and blacklined copy of the GE opinion, marked to show thechanges from the version circulated yesterday; and(ii) a clean and blacklined copy of the GE Consent, marked to show thechanges from the version circulated yesterday.The opinion has been amended to cover the parent guarantee by GeneralElectric Company of GE Packaged Power's obligations under the TurbineContract.  The Consent has a minor amendment reflecting a change to thecredit documentation.I would be grateful if you could confirm that the changes are acceptable.RegardsIsabel",Very Formal
"In anticipation of reopening, you have an opportunity to preselect your new locker location.  All active Body Shop members who had a permanent locker at the time of the September st construction close have been given first consideration when selecting their new locker location before December th.   Priority will be given to member's original locker location (i.e. a member who requests their original locker area will be given priority for that space).  After this date lockers will be distributed to members on the waiting list and to member's with permanent lockers who request a different space from their original locker area.   For your convenience, a Body Shop enrolment and locker request table will be in the lobby from December th through January th between the hours of am  :pm. Follow these simple steps to secure your locker location:Open and review the attached Men's Locker Design template.Select your st, nd, and rd choice location preference.Complete the Locker Selection Request Form.  Complete and Sign the Locker Payroll Deduction Form.Return all completed forms before December th to the Body Shop at EB, drop off at our offices on EB or at the Body Shop Table in the lobby from December th through January th between the hours of am  :pm.You will receive an email notifying you of your new locker location and locker combination prior to reopening.  If you have any questions, please contact the Body Shop Front Desk at  x.",Formal
"Jeff,With little physical knowledge of the transmission and generation constraints, etc., it's going to be difficult for me to say, geographically, where I think the boundaries ought to be.  However, I think the market would always prefer a simple layout, something like MISO  West,  Central,  East,  South.  To me, I think that would cover the basic areas that trade differently in terms of price.Fletch",Neutral
"Attached is the registration form for the Tour de Braz in Alvin on June .  If you are interested in participating in this ride, please fill out the form and mail to the address located on the form.  For reimbursement, I will need a copy of the registration form and check.  Thanks!Steph :  )",Neutral
MarkWe can make this even simpler.  All broker trades are confirmed the next day.  We would only need to record trader deals when they deal direct which is rare and all marketer deals.  If we do this we might consider keeping the tapes for a longer period because only the confirming part would be on tape.  Please advise.,Neutral
"In order to remain consistent with Enron's new security access procedures for the Enron Center Campus in Houston, all Body Shop Members and Guests will be required to present their Enron Photo Badge ID or a Photo Driver's License to the Body Shop Security Officer each time they enter the Body Shop.  We appreciate your assistant to expedite these procedures by being prepared to present your ID to the Body Shop Security Officer each time you enter the Body Shop.  All members will continue to use their Enron ID Badges to access the exterior Body Shop building security card reader as well as use their Badge ID's at the Body Shop Front Desk Member card reader.Lee WrightBody Shop Program Manager",Very Formal
"Ran into Ed this morning and he said that he ran into your ugly ass this past weekend.  I told him that it sucks for him but its over so all the better.  He said he was taking notes from the way you dress, thats if he ever went back to being single again.  Biked, ran and workedout this weekend.  I am on the path to kicking ass and taking names.  Bring it!!",Informal
"Please see attached file.  If you have any questions, please call me at ()  or () .",Formal
"Kay  Just some housekeeping questions:Do you want handwritten or email comments going forward?Do you want more comments from Origination and Services now, or do you want us to wait until you turn the doc?  As I said yesterday, I am in the process of sorting out the ""Costs"" definition so that it works better with the other parts of the doc.  MDEA is willing to extend the ILA two weeks if we want to.  Their next Board meeting (after tonight's Board meeting) is June  , and they desperately need to have our contract finished in time to get signing approval at that meeting.  We probably need something to bridge us from the end of May until their Board votes on the full agreement.  The other option is to get done this week and have them call a special Board meeting.  They have done this in the past, but we have not asked them if it's logistically possible to do this by May .Thanks  David",Informal
"Can we get together tomorrow to discuss the market based rates issues I raised last week?If you can do it tomorrow, let me know what times you are not available and I'll schedule something around them.  Thanks.",Neutral
We need the hourly data.  If they do not release it OPG has a significant advantage in a deregulating market.  Please push the issue.John,Neutral
Attached you will find the final Master Agreement and TA  that we finalized this evening.  I have also attached red lines of each showing the change we made.  MDS,Neutral
Attached is a brief memo containing our analysis of the Maintenance Agreement between Tenaska and Westinghouse.  Please give me a call with and questions or comments.TFAH,Neutral
I don't think you can bird dog her too much.  She receives in the emails and forwards them on to the relevant job group.  The person with the job then decides who they do or do not want to interview.  I don't think Gretchen will have much to do with that.,Informal
"Gerald,I have  contracts in  a box that I will be routing to you for your review.  These are active Columbia Energy Services Contracts that are not setup in our Global Contracts system.  We would like for you to make a legal determination whether to setup the contracts in our system or not.  Attached please find a spreadsheet to indicate whether or not to setup these contracts and your comments. Once completed, please forward the spreadsheet back to Sylvia Campos.Marlene Hilliard",Formal
"Anita,An updated agenda. We still need Grant's bullet points.Vince",Neutral
"On Tuesday, February , we have been invited to a cocktail party in honor of Vincent Viola of Pioneer Futures. Vince is currently running for Chairman of the NYMEX. His competitor in the upcoming election is Joe Rafferty of Rafferty and Associates. Personally, I have no preference who is the next Chairman, but due to the adversarial nature of Enron's recent relationship with Dan Rappaport and the NYMEX this may us an opportunity to meet and talk to Vince. Rumor has it that Vince is the current frontrunner for the position. The party will be held at ::pm at Sambuca Jazz Cafe,  Texas, () . Let me know if you are interested in attending.",Formal
"BL,Have you experienced any blackouts yet?  I think you'll see a lot this summer.What does everyone think about the situation?  Do they think it's a threat or not?  I thinkthe state is in for a horrific summer  I hope it doesn't turn out that way, but it'll be incrediblydifficult to avoid.Hope everything's going well with work and with the family.  When's the next time you'llbe in Dallas?  Let me know.KR",Neutral
"I think we should all stay in the same room, especially if we get a suite at embassset suites, with a pullout bed.  We checked it out and I can get there are : p.m. on America West on Thursday.  The rate is $., a little pricey.    Did I tell you that Shawna wants us to come to the rehearsal dinner?  I'm trying to figure out when we're going to site see.",Neutral
"Dude, I am totally joking around with you.  You always look cute.  Well at least when you were dating me you always looked cute.",Informal
"Attached is a newly revised Credit Watch listing.  If there are any personnel in your group that were not included in this distribution, please insure that they receive a copy of this report.To add additional people to this distribution, or if this report has been sent to you in error, please contact Veronica Espinoza at x.For other questions, please contact Bill Bradford at x, Russell Diamond at x, or Brant Reves at x.",Neutral
You have received this message because someone has attempted to send you an email from outside of Enron with an attachment type that Enron does not allow into our messaging environment. Your email has been quarantined and is being held at the MailSweeper server.,Very Formal
"At a conference held this morning in the TAC proceeding, Chief Judge Wagner announced that it was his understanding that FERC will strike its consideration of the California matters from this Wednesday's meeting (/) in light of the fact that FERC has scheduled a special meeting for this Friday (/) to consider those matters.",Formal
The : pm meeting will be held in EB .  There is no callin number but the number in the room is .  Please give me a call if you have any questions.Ben,Formal
"Please take a few minutes to read and respond to this message as soon as possible!Some of you are storing and accessing files in locations that the migration team may not aware of.  To make sure that all the files you access get migrated over, please reply and identify all the drives, servers, and folders where you routinely save your information.  Also, remember that no data files should be stored on your local PC (c: or d: drive).  If you have been keeping files there, you must copy them up to your H: drive before the migration!Please click ""reply with history"", then list all your file locations under here (you can delete the examples) and then send it.  Thanks!",Formal
This beaver had a super night of drinking and forgot his hardhat at work thenext day,Informal
"Below is a quick follow up to some of the things I mentioned I'd check out at our last meeting.  Please let me know how I can be of assistance with your efforts.ContributionsThe contributions from last year that I mentioned at the meeting turned out to be inclusive of Enron Corp., individual and matching funds.WeatherI had a chance to talk with our folks from the Weather Group.  The information regarding Oklahoma that I told you I'd look into actually ended up being a center for Weather Research that was being sponsored by Williams not our weather group.ScholarshipThere are a couple of different scholarship and fundraising initiatives underway that are being driven by Enron employees and alumni of the individual universities employed here.  They take advantage of matching funds and are administered by employees here with some assistance by Community Relations and University Affairs.  If you are interested in organizing an effort like this for Oklahoma, let me know and I can work with you on the details.",Formal
"Sally,Attached is the spreadsheet you were looking at earlier regarding the new building.  Please review and let me know if there are any changes in the headcount for your groups.ThanksLoriex",Neutral
Attached is a revised structure chart for the Net Works equity fund.  The chart represents the comments and issues raised at last week's structuring meeting.,Neutral
"Mary, by copy of this email, I am asking Justin how big a presence National Power is in energy trading.  It seems to me National Power is more analogous to a dealer than a subscriber.Mark",
"All,Attached please find a transmittal letter, text of SMUD's response, and anexcel file containing the first portion of the attachments to SMUD'sresponse.  The remainder of the attachments will be sent by separate email.Adrienne ClairMorrison and Hecker, LLP",Very Formal
"Guys, can you start working on your presentations for the offsite.  Dave I would like you to focus on the new generation of capital products that you are working on for the IPP market which should be able to source short and medium term commodity liquidity and be syndicatable(?) on the capital side.  Go into some detail and speak to a couple of specific opportunities. It may also be interesting for you to give an initial cut on the economics of coal generation (including emissions control) given current power and gas markets and a quick view of the development process. How should we participate in this market?  Gasification technology?Jeff, in your talk, can you focus on the emerging distributed generation sector ie) the technologies, the users, the VC's, etc.  Specifically, how will these technologies change our business model and the overall power business model?  How are we positioning ourselves in this market?  What is the PI strategy with this regard? Dorie Hitchcock and Tammy Sheppard can do a lot of the heavy lifting; however, we need a first cut by December th.ThanksDelainey",Neutral
"Too late....we had it for dinner last night.  Matter of fact, I think I saw the maids packing up the leftovers this morning and heading your way.  Enjoy.PL",Informal
Peter:Here is our first attempt at EnronOnline Long Description language for the double transaction calendar spread product.  We had to guess at several aspects. Please let me know if we got close.Mark,Neutral
"Once again, it's time to find out what you think about your work experience at Enron and what can be done to make it better.  That's why Enron wants to check your pulse.  In fact, we've changed the name of last year's ""Excellence Through Communication"" employee survey to The Pulse.  This new name more accurately captures the purpose of the survey.  Your diagnosis helps us correct problem areas so we can continue to make Enron a great place to work.Starting Monday, October , you will be asked to provide input into Enron and your work environment.  We would like to have % participation across Enron, because the only way to make things better is to know where we need to make improvements.Will be available:  Monday, October   Friday, Oct. Will be located at: survey.enron.comThere are a few things you should remember about The Pulse:. Your survey responses will be confidential.  You can complete your survey at your desk via the intranet at survey.enron.com.  If you prefer, special computer kiosks will be available in some of our larger offices and group computer terminals will be available in smaller field offices.  We want to provide you with the most comfortable environment possible, as your participation is of vital importance to Enron.. We will respond actively to your comments.  We are going to do our best to cure some of the current problems that exist and put into action preventative processes that will help identify smaller problems before they become major ones.  We may ask for your help in resolving some of the issues that are collected in the survey  your active role will help us identify the best solutions.In last year's survey, employees identified several problem areas regarding internal communications and we've already acted on many of your recommendations.  These are a few of the things we've accomplished or are working on in direct response to your input:* Educational/informational meetings, like Brown Bag Lunches and Executive Floor Meetings* Flex schedules* Improved PRC process* Various employee newsletters, like Enside and eBizSo take a few minutes to check your pulse and tell us what you think and how you feel about your job and about Enron.We look forward to hearing from you.Mark",Formal
I will be leaving the office today at : for a :  doctor's appointment and will not be returning to the office.I will see you all on Monday.SAM,Informal
"Dear Lisa Gang,Thank you for applying for a TrustID Personal Certificate from Digital Signature Trust Co. (DST).We require additional information before we can process your application. You will receive a letter from DST via U.S. mail explaining the specific information we need and instructions for submitting it to us. Your prompt response to the letter will be greatly appreciated.Please contact DST Customer Support with any questions by sending email to helpdesk@trustdst.com,or call  (call direct at ).  Customer Support representatives are available to assist you Monday through Friday,  a.m. to  p.m. Mountain Time.Thank you for choosing Digital Signature Trust Co. as your trusted certificate authority.Sincerely,Marlene MartinezCertificate Registration ManagerDigital Signature Trust",Very Formal
"Ben,Thanks for having us up to Beaver Creek this weekend.  We had a wonderfultime.  I told Raul that Colorado needs to be our vacation every summer bcthis was our best one by far!  Anyway, it was a fun spending time with youguys and your parents in such a relaxing place.We need to get together soon and share pictures.  Also, I don't know if Ican go that long without laughing with and at you!Tell Megan thanks too!Amy",Neutral
scott and i talked and we cannot say definitively that triad called us first every single day  there may have been some days when we called them.  we can call you if you need further explanation.,Neutral
i don't have hair on my back and not that much on my chest.  i wish i had more on my chest then i could grow a mustache and tell the chicks to call me magnum.,Very Informal
"Duke Energy Trading and Marketing, L.L.C. is NOT and approved reference credit because this entity does not prepare independent financials.  Duke Energy Trading and Marketing's ""A"" S&P rating is based on implied credit support from Duke Energy which owns a substantial portion of the entity's membership equity.  Our policy thus far is that all reference credit must (i) be S&P rated and (ii) prepare entity level financials.Rod",Formal
"Hello all,I have attached an amendment request for Breitburn Energy Company LLC's existing Master. If you have any questions, please feel free to call.Best regards,Bradext. ",Neutral
"Mark Greenberg asked me to send you the Password Application to be used for the brokers.  Actually, there will not be a Password Application.  What they will be signing instead is the attached Fee Agreement.   Any questions, call me, Mark Taylor or Mark Greenberg...",Neutral
Discuss above items as they relate to Citrus/FGTWe will also conference in Matt Morrow from Ernst & Young,Neutral
Hey sharkey.  I will be out of town the rd thru the th.  How long are you going to be in town for?,Informal
"I'm receiving mine!!!  But I'll be in Buenos Aires next week so I'll keep my fingers crossed that my computer is working (in the event any further earth shattering Lehrer family announcements occur).  My mom does not know how to turn the computer on but she does have an email address.  We better wait until she ""gets comfortable"" with the concept of email before handing out her address.  At this very minute, my dad is returning from a convention in Atlantic City.  He called me from the airport on his CELL PHONE.  You see, it took me some time to get him to carry his cell phone with him.  I'VE SUCCEEDED!  Talk to you soon, Mr. Webmaster.  Sara",Informal
"Vince and Grant,First let me apologize for cancelling our meeting with you this Friday.  I hope we can reschedule next week as I'll arrive in Houston Monday midday.I'd love to talk to you as I know the knowledge base in your group related to my new responsibilities is huge.  Will you be able to free up some time of some of your team members to help us?As an example, I'd like to show you our position book (cash).  It's far from being perfect.  I'd like to know whether we should persevere and improve it or whether there are some models in ENA that we could copycat....I look forward to seeing you next week,Remi",Formal
"Dave, Credit Houston received yesterday a partial list of counterparties to whom this product should be shown. We are still waiting for a final list of reference credits and are trying to confirm with Credit London that they have received a list of trading counterparties. Profiles still need to be created for all trading counterparties based on the products for EOL.As of this minute, I would say that we have signed off on the concept but details and individual approvals are not complete. Bill spoke with Bryan last night and communicated this to him as well.A Monday launch looks a bit optimistic given the data on hand and tasks left to do. Being a US holiday for Enron doesn't help either.Let me know how things progress from your end.",Neutral
"Good morning!I was wondering if Michael has settled down, or if he is having troubles attending.  Thanks,Kay",Neutral
We should grab some sushi and talk. Call me at work.Chris,Informal
"Ken Raisler will be here on Monday, May  to conduct several training sessions for the weather and steel trading desks.  If you can work it into your schedule, please try and attend one or more of these sessions.  Brent will have further scheduling details.Mark",Neutral
"Thanks for the message, Tom.  I have visited the Ivory Coast, Togo and Nigeria once;  Tanzania twice; and Kenya and So. Africa three times.  I really love the place and look forward to spending lots more time there.Thanks, too, for sharing the photos.Jeff",Neutral
"This week each business unit across Enron has been asked to identify the optimal structure and resources on a going forward basis.  While the review is not complete, we are close to finalizing decisions surrounding each individual business.We ask for your continued patience and we know that may be asking a lot. Please take the opportunity to enjoy the time with your family at Thanksgiving and know that we are working hard on finalizing all details. No significant organizational announcements will take place next week.Mike and Jeff",Neutral
"hi,i know you are busy.  i just wanted to email you and say hello and also to wish you a good day",Informal
"The technical difficulties with the SAP Security email box have been resolved.  You may once again follow the normal submission process as noted in the instructions for the SAP Security Request Form and the IBuyit eProcurement Request Form.  If you submitted a request for security during the week of  July  and have NOT received a notification of it's receipt, please resubmit the form.  We can not be certain that all mail directed to the box during this period was actually received. We apologize for any inconvenience that this may have caused you.",Formal
"Hello,  I am a coworker of Jeff Richters and i entered the pool last week.  Please add my pick of Kansas City to the list for the week.  Thank you.",Informal
"Please take my name off of your emails, I am no longer in the OA group.  Please add me to the Ontario email  I am doing risk for that desk.  Thanks.PL",Neutral
You deserve to be pampered.  I hope it works out so you can go.  I think it would be a hoot.  Kay,Informal
"Tana and I were unable to find anything useful here.  David Mitchell thought he might find something for us in his files and will send it to us but as he remembers it, we never got very far with the details.  He probably just advised that if we ever did set up a CTA that it should be completely separate  both in legal entity and staff  from our trading activities and should be Chinese Wall fenced  as well.  I'll send over whatever we receive from him and warned him that you might be calling.",Informal
"I've taken an additional whack. The document still needs some help (simplification?) relative to the payment mechanics on exercise of the put or call option. Let's talk tomorrow.Regards,Ben",Neutral
Sunday morning works best for me.  It is supposed to rain on Saturday.Stan,Neutral
but that's my point.  the demand destruction roared its ugly head beginning of Jan.  The price level was $.  Of course there is a lag.  Let's make up a lag time...say one month.   On Dec  cash was trading $..  Probably a similar lag on the way down.  Cash is $. today.  How much lost demand will there be in a month if we're still $.?   million dollar question if you can answer that.,Informal
"Today we announced the appointment of Jeff McMahon as Enron's chief financial officer.  In my continued discussions with the financial community yesterday and today, it became clear that this move was required to restore investor confidence.  Jeff has unparalleled qualifications and a deep and thorough understanding of Enron.  He is already on the job and hard at work on the issues before us.  Andy Fastow will be on a leave of absence from the company.  Jeff had been serving as chairman and CEO of Enron Industrial Markets. He joined Enron in  and spent three years in the London office as chief financial officer for Enron's European operations.  Upon returning to the U.S., Jeff was executive vice president of finance and treasurer for Enron Corp.  In , he was named president and chief operating officer of Enron Net Works.I know all of you are concerned about the continuing decline in our share price.  I am too, and we are working very hard to turn it around.  Appointing Jeff as CFO is one important step in that process.  But most of the solution involves just continuing to do our jobs with excellence.  The fundamentals of our business are strong, and I think the market will begin to see that as we continue to perform.Please join me in giving Jeff your full support, and thank you for all of your continued hard work.",Formal
We need to send today BUT we need an immediate cover letter (itemizing every step to be taken) and sample resolution format to email to the counterparty and lawyer.  I'll review the letter.  I have an  am meeting but should be back in an hour.Let me know if you have questions.  Sara,Neutral
"Yes, I left him a voicemail telling him I needed to know a little more about the counterparty so I could make sure i send them the right form (are they US or nonUS counterparty, insurance company, energy company, etc).  Also, the name and address of his contact and I will send it directly if he would prefer that.",Neutral
"I haven't stopped crying since I got your email .. Of course I've been crying everyday, several hours a day for months now, so it is hard to tell whose to blame .... You are welcome as always to come by anytime to watch the tears (maybe you will happen upon another fine hour like when I accidentally killed our goldfish on Sunday) or to pick up the ladder.",Informal
"Attached is a new link for employees unable to attend the allemployee meeting today at  a.m. (CDT) at the Hyatt Regency Houston, Imperial Ballroom. If you are located in London, Calgary, Toronto, Omaha, New York, Portland (ENA) or Houston, you can access the live event at",Formal
"Taffy, you were going to check on how much vacation days I have left.  I wanted to take a few days when my mom comes in for XMAS.  Thanks.",Informal
"Hi Everyone...)  The forecast pattern seems very similar to what we've been talking about over the past several days.   features below normal in the Midwest and the East with a brief normalization possible toward the Great Lakes next weekend (days  and ) before more cool air arrives.   indicates yet another trough digging into the East (temperatures normal to below normal) with the primary ridge remaining in the Southwest (above to much above).)  Day forecast also looks similar still quite cool for the East and Midwest  though not quite as hot for the immediate West Coast.  Above to much above normal temperatures will be common across interior California for most of the week with a  to  day spike of warm temperatures near the coast midweek.  No prolonged period of heat will affect the Northwest.  ) EarthSat will issue an ""official""  and  forecast around pm today.  You can get this map by going to:     and then follow the ""Sunday Update"" link (near the bottom).  Login is ""enron"", Password is ""enron"".Maps are attached  this is the way we feel things will look to start the day tomorrow.  *If there are any changes to this picture  it may be to warm the Midwest/ East closer to normal.  Right now this solution appears unlikely  but if there are any surprises tomorrow  it may be a SLIGHTLY warmer picture for the East.*   Enjoy the rest of your weekend...Research Weather Team",Formal
We are meeting at Chuy's at : tonight to celebrate Tim's th Birthday!Be there or be square,Informal
"Thanks for the dinners, and the breakfast, and the company.  It was fun.  And don't get cranky, but I'm going to be in and out of things this weekend since I have midterms Monday and Tuesday.  Likely means that I'll be studying in Berkeley and SF during the days on Sat and Sun but will be present for the evenings.  Hpe that works.Kisses,JeffPS I'm trying, lord knows I'm trying, to stay out of it, but it's going to start raining up at the Dome very, very soon.......",Informal
Here is the Teco model from the client.  I will also send you the Teco presentation I was working on for Don Black.  He might call you tomorrow to work on it a little bit.Ben,Neutral
"Mark and Jim,As part of pulling together Data Room for possible EBS sale, we are asked to come up with information regarding inhouse developed software and labor cost. I would like to have your direction on the policy question whether to include Enfiber and Sabor Settlement systems.  Sabor Settlement system is using Unify Settlement as the foundation and Enfiber is patterned after EnPower which potentially could give some valuable competitive insight into our Trading.  Do you think these systems should be included in the EBS sales package?  As shown on the attachment, those systems are included at the present time.  Thank you.(including PPCS/Dorado) Inja Chun",Formal
I told Gabriel about your hairdryer story.  He was appropriately disgusted.  I'm writing procedures for what I do...ya wanna come help me?,Very Informal
"Attached please find a Tax Review of California Senate Bill No.  (""SB X"").  The Tax Review sets out the practical implication (likely cessation of electricity sales and curtailment of investment in new generation assets) and constitutional deficiencies of SB X.  Please note, SB X will not apply to sales of electricity made pursuant to binding written contracts executed on or before the date SB X is signed into law (if ever).  The California Senate has passed SB X.  The California Assembly has drafted their own version, Assembly Bill No.  (""AB X""), which the Assembly is presently debating.  A Tax Review of AB X is also attached.We will keep you advised regarding the progress of both SB X and AB X.  Please advise if you have questions and/or comments.  Thanks.",Very Formal
"This is a notice to inform you that the server where your Outlook mailbox resides is scheduled for an outage tonight.  Your mailbox will be temporarily unavailable starting anytime after pm and may continue to be unavailable until  a.m., when all server maintenance work have been completed.  Outlook Web Access (OWA) will also be unavailable during this time.  Blackberry users:  Message delivery may be delayed for a few minutes. If you have any questions, please call the Resolution Center at x.",Very Formal
"Other states have eyes on Texas as electricity deregulation nears   Electric deregulation was a huge failure in California, resultingin soaring rates and rolling power blackoutsand making consumers inother states suspicious about giving up regulated monopoly utilitiesin favor of competition among power companies ...",Neutral
"Mike Purcell is leaving our group to move to Volume management, effective following his vacation which is all next week.I will be scheduling Mid C until a replacement is hired and trained.Please contact me with questions regarding MidC schedules.",Neutral
i am at the venitian.  i am going to stay in the rainman suite.  should be a good time.  i can load up and get some hookers and just have an old fashioned good time.  it is a good stress relief.,Informal
triggers are based upon scheduled volumethey are not going to agreeI know,Informal
she still works here.  she is probably on vacation or something.  i am sure she will get right back to daddy when she gets in town.  she sounds hot.,Informal
Attached please find a draft nondisclosure agreement related to Enron Net Works' and Sun's exchange of information in connection with a possible transaction regarding EnronOnline.  Please feel free to contact me with any comments or questions you may have regading the attached.Travis McCullough,Very Formal
You asked me to look into this (the Ford sponsorship thing).I think they will be unlikely to deliver on the benefits promised by M Management (their marketing consultant) and will add little value to our dealmaking opportunities with Ford.I will pass the info. along to EES to see if they have any interest in paying the $ million for general advertising exposure.Dave,Neutral
"Attached is a revised version of Mike Day's draft of Part  of thelegislative package, on expedited permitting of new and expanded electricgenerating capacity.  I have tried to incorporate the thoughtful commentsprovided to me by Sam Wehn of ENA and Barry Ogilby of McCutcheon (outsidecounsel).  Since Mike will soon be off on a family vacation, please directany comments or questions to me at  or",Formal
Could you teach my brother how to use his email? ThanxDorland,Neutral
"If anyone is interested in an administrative position in HR, please see me by close of business Wednesday for more details.Thanks!Amy",Neutral
"Ok, eagle eye, here's the override for your one train deal.",Informal
you fucker that's my trade.   i was trying to buy nines the last  minutes.  all i got was scraps.  .  i think it's a great trade.,Very Informal
"Greg:Good talking to you.  Congratulations on your new role.  Sounds exciting (in addition to exhausting).Based on our call, I contacted Perfect Commerce.  The two folks from their shop that will be in Houston are:Ian SullivanSVP, Professional Services and all implementation of the productCameron SellersVP, Business DevelopmentThey'd like to meet sometime during the week of October th. Let me know if that works for you and Brad.  Or if you'd like to contact them directly, just let me know and I'll get you their numbers/emails.I ran across Perfect when I was doing an MBA projectwe were required to find a company that we could consult to on ecommerce strategy.I've since found out that Perfect's doing a pilot with EESacting as the eprocurment platform for products tied to EES' outsourcing deals.  From what I hear it's going well, and EES is enthusiastic.The technology is very interesting:  soup to nuts eprocurement platform developed by Paul Milgrom (global auction guru and economist at Stanford).  Glad you guys can meet with them.  I think it's definitely worth the timethe technology may fit very well with Networks.Best,Jeff",Neutral
"The Flu Vaccine may come in and be available in the next couple of week.Since Enron let us know in October to not rely on Enron alone for vaccinations, most of you may have already have shots.But, if you plan to be vaccinated at Enron, they are taking requests by email, and will contact those of the waiting list when the vaccine is here.   You would sign up using Health_Center.com.For any other questions, call Health Center at x.thanks,Sandy",Formal
That's no problem.  With  kids we like to catch up on our sleep during the weekend.  Nicolas was one of our finalist  for Alex.,Informal
"Jana,Saturday looks good. I shall be involved in job interviews at Enronall Saturday and should be done by  p.m.We can go the Angelica Movie Center. I shall check the programtonight and call you tomorrow to review the options.Vince",Neutral
"Attached is the agreement that was done for East Coast Power.  As I mentioned, I have (somewhere) some other forms that I will try to find for you.",Neutral
Here is a prelim. copy of the PJM Memo.  I am still adding additional information.  Let me know if you have any comments.  ThanksBen,Neutral
"Many of you have been involved in recent efforts to either amend documents to provide for rehypothecation of securities or additional collateral arrangements, both resulting from cash constraints in the market. In that regard, it appears that our credit group will be very interested in accepting different forms of government obligations, including Treasury Bills, Treasury Notes and Treasury Bonds.  Our current version of Paragraph  does not have the ""choice"" for Eligible Collateral consisting of longer dated obligations such as Treasury Notes and Bonds; our earlier version did provide this option.  LEGAL:  When preparing new master agreements, please be specific about credit requests to include securities and verify with credit the specific types of Eligible Collateral to be included in Paragraph . CREDIT:  When drafting credit worksheets, please be  specific when requesting types of Eligible Collateral other than cash.We may consider amending Paragraph  again or adding additional forms of Eligible Collateral to Library Doc.",Formal
"Please be aware that remote connectivity into the  Enron network has changed, IPASS is no longer available. Remote Connectivity into Enron may be obtained by using the eConnect solution.  Authorization to use eConnect may be requested via the eRequest system (you will find a link to eRequest on Email is accessible from any computer with internet connectivity by logging into Outlook Web Access  with your NT login ID and password. Accessing OWA does not require an eConnect connection.Please direct all questions or concerns to the Resolution Center at ETS customers should direct inquiries to the ETS Solution Center at We appreciate your cooperation in advance",Formal
"How about...I'll be in London?  Seriously!  It neverfails!  Must be karmasomething!  No spring break andno bday celebrations for me...just hoof and mouthdisease.  I'll miss you all...who's birthday's arenext?  I'll just have to save my celebrations up, Iguess.Always something,Courtney",Informal
"You're probably gone anyway.  I'll think of this as ""my note in a bottle"".Stumpy and his wife Martha went to the state fair every year. Every yearStumpy would say, ""Martha, I'd like to ride in that there airplane."" Andevery year Martha would say, ""I know Stumpy, but that airplane ride coststen dollars, and ten dollars is ten dollars.""One year Stumpy and Martha went to the fair and Stumpy said, ""Martha, I'm years old. If I don't ride that airplane this year I may never getanother chance."" Martha replied, ""Stumpy that there airplane ride costs tendollars, and ten dollars is ten dollars.""The pilot overheard them and said, ""Folks, I'll make you a deal. I'll takeyou both up for a ride. If you can stay quiet for the entire ride and notsay one word, I won't charge you, but if you say one word it's tendollars.""Stumpy and Martha agreed and up they go. The pilot does all kinds of twistsand turns, rolls and dives, but not a word is heard. He does all his tricksover again, but still not a word.They land and the pilot turns to Stumpy, ""By golly, I did everything Icould think of to get you to yell out, but you didn't."" Stumpy replied,""Well, I was gonna say something when Martha fell out, but ten dollars isten dollars.""",Informal
"tribolet didn't know about it.  might just be the ""small"" whalley group. I'll chk back with calger tomorrow am to see.  jeff",Informal
"Just a friendly reminder to select  to  PEP reviewers this morning.  If you have picked them but have not input them into the system, please input them for my review.Thanks,Marnie",Neutral
"The ""big"" meetings, which happen about every quarter, are de rigeur.  The summer ""big"" meeting is an absolute must (and generally very fun).  I'll be there.Hope you're there, too.Best,Jeff",Informal
I appologize for the delay.  I was on vacation when you sent the first request and somehow didn't see it when I was going through a week's worth of emails  .  I have a person in my group getting the information together.  We'll let you know when it is complete.DG,Neutral
"The happy hour tonight is at the Timbewolf near Bissonnet and Kirby.  It says  pm, but whatever.  I'll probably go then.  If you guys aren't ready, maybe I'll go and check it out before you guys make the trip.  Mat",Informal
The request has been completed with all resources requested either completed or rejected. You can view the details of the  request by clicking,Formal
I was the one that talked to David Behrman. We talked about splitting out the Algonquin Citygate prices. Why didn't you mention Algonquin in the Gas Daily article?Brad,Neutral
"Records indicate that there are a significant number of employees who have yet to have a drug test.Here are the details of the locations in Houston, Portland and other locations.Please attend one as soon as possible to avoid delays in your your onboarding and payroll processing.HR",Formal
"Attached below is a Credit Worksheet for the subject counterparty for which Caroline Abramo has requested to be set up for financial trading.  I'm not sure of their State of Incorporation, so I left that blank.Give me a call at x if you need any other info.Thanks again for your help,VE",Formal
"Attached is a revised Credit Watch listing for the week of //.   Please note that Upstream Energy Services, LLC (& Upstream Energy Company) were placed on NO TRADES.  Also, Bethlehem Steel Corporation and Westlake Petrochemical Corporation are new additions that require Credit approval. If there are any personnel in your group that were not included in this distribution, please insure that they receive a copy of this report.To add additional people to this distribution, or if this report has been sent to you in error, please contact Veronica Espinoza at x.For other questions, please contact Jason R. Williams at x, Russell Diamond at x, or Veronica Espinoza at x.",Formal
Please call John Keffer and reschedule Thursday's lunch  two meeting have come up.  Friday is good for me.  ,Neutral
"good ole ""cop humor"" .....!]",Very Informal
"One more attachment to follow.  Two hard copy attachments: map and confirm letter will bring up to you, David.",Neutral
"We have made good progress in resolving ENA's OA variances for the October  and prior production periods in the past three months.  Our shared goal for the May GL accounting period is to resolve ALL OA variances for the December  production month and prior.  We realize that this will entail a large effort on everyone's part, however, this will provide ENA with current OA variance data and eliminate the possibility of carrying variances for a prolonged period of time on the exposure schedule. If there are any questions, please let me know.  Thank you.John",Formal
"The Enronwide PRC meeting to review the midyear performance for all Vice Presidents has been rescheduled several times.  Currently, this meeting is set for September  and .  Per David Oxley, performance reviews for Vice Presidents should be conducted after this PRC process is completed.  Assuming that the meeting takes place as now planned in September, I will schedule your reviews sometime after September .  (Bob, I will assume that your review will be given by Rock, but I will keep you informed on this process along with Peggy and Brent.)On another note, Enron hosts an annual management conference each year for Vice President level and above.  You should all receive invitations to this event.  In recent years, it has been held in San Antonio.  I do not know the location for this year, but I do have the dates for you to hold on your calendars:  November .  Let me know if you have any questions on either one of these.",Formal
As requested....One thing to note is that we need to match up the turbine numbers in the exhibit match up with .. in the breakout contract.Talk to you on Monday.Eric,Informal
"As you know, Enron, its directors, and certain current and former officers are defendants in litigation in Federal and State court involving the LJM partnerships.Enron has employed counsel and they will represent Enron and its interests in the litigation.Under the Private Securities Litigation Reform Act, we are required to preserve documents that might be used in the litigation. Accordingly, our normal document destruction policies are suspended immediately and shall remain suspended until further notice.Please retain all documents (which include handwritten notes, recordings, emails, and any other method of information recording) that in any way relate to the Company's related party transactions with LJM  and LJM , including, but not limited to, the formation of these partnerships, any transactions or discussions with the partnerships or its agents, and Enron's accounting for these transactions.You should know that this document preservation requirement is a requirement of Federal law and you could be individually liable for civil and criminal penalties if you fail to follow these instructions.You should know that Enron will defend these lawsuits vigorously.  In the meantime, you should not discuss matters related to the lawsuits with anyone other than the appropriate persons at Enron and its counsel.  If you have any questions, please contact Jim Derrick at .",Very Formal
"What kind of twisted diet are you on???   I had a sandwhich.  Nothing too exciting.  Did the potatoes hire anyone?  Later,Robin",Informal
"I can make it, and whatever the majority want in terms of dinner is fine with me, though i prefer cheaper always.  Do you know where we are gonna meet to go to this??  I guess just get back to me when you canRamiro",Informal
"While we are continuing to work with Ted Murphy, etc, regarding component VAR, expiry phenomena, and the other issues that are crucially important to be able to effectively manage risk, (and prevent frequent violations), you should know this is the most important immediate issue we face.  Even with the IT constraints, which Beth Perlman has done a good job addressing for me, our organization is willing to do anything to help manage this process.  I have committed to Beth that will we help her find people with the ultimate goal or being able to run real time VAR calculations.  Rick's idea of allocating VAR in times like this would certainly be helpful (while we work to perfect our risk management capabilities), but is only a short term solution. On another note, I really believe we will see gas prices significantly higher this year, and have been working with Gary Hickerson to identify the best equity plays as well.  Is there a way to further capitalize on our view, that is, can Enron do anything structurally to capture more of this opportunity? This gas move might be one of those once in a  year environments. (Board permission, special vehicle, asset purchase, etc?) Just as an FYI, even if all the ammonia and methane plants go down, the Nukes run at +% capacity, and there are no events to interrupt supply, we think gas storage will end up at .. Tcf at the end of the injection cycle.  I'd appreciate any ideas.",Neutral
"Marcie should be on the call.   Harry, et al. should also be included only the business units should be uninvited.",Neutral
"PLEASE TREAT AS CONFIDENTIALA source had a meeting today with California state treasurer Phil Angelides.  Here are the main points from their conversation.	Anglelides Certain that SoCal Will Go BankruptCorroborating our line over the past four months, Anglelides stated with confidence that SoCal would go bankrupt and that ""he was surprised they hadn't already.""  He noted that the only reason they haven't yet is that ""they were too stupid to ringfence the parent"" and that ""their two biggest equity holders were screaming not to do it.""He added that the Davis/SoCal MOU is dead and that all the ""Plan B's"" are ""speculative"" at best.  He also thought that SoCal was being ""naive if they thought they would get a better deal from the legislature than from the bankruptcy court."".	Bond Issuance $B Not EnoughAngelides conceded that a $B bond issue would not be enough to buy power for the summer and that the true costs would probably be $B.   The only reason they didn't issue more is that Angelides felt that ""$B was all the market could handle.""  The current game plan for bonds assumes an average peak price for power of $/MWh, which Angelides said explains the difference between his estimates and the higher estimates from State Comptroller's Kathleen Connell's office..	New Generator ConstructionAnglelides was explicit that the California Public Power Authority (authorized by the legislature last week) will ""build plants and not stop until we [California] has a % capacity cushion above expected demand.  Angelides expects the state to be ""% short on power all summer.""",Neutral
"Hi John,Here is a detailed summary of all the payments we've made to you.  Please call me if you need clarification.Janice",Formal
"hello all at home.   have been packing for almost a week now, and am takinga break so that i can feel sorry for myself about having to leave london soquickly.  wah, wah.  is prob. for the best do not think americans arewinning the prize for 'most popular' in europe right now.  that said, i'mleaving tuesday morning on Continental flight #, arriving at IAH at:pm....i know it's morbid, but if any of y'all were flying in the nextweek, i'd want to know your flight numbers in case something happened.  amsure all will be fine, and soon you can all come take advantage of myemployee discount at the walmart on  (remember:  christmas is justaround the corner shop early!) if anyone gets a chance to pick up thismonth's vanity fair, please do (no, not the harry potter one...)  I knowi've tried this before and was met w/ much resistance and whining, but i'mtrying again anyways. i know it may be overkill, but the section on new yorkwas brilliant, and the essays (both the intro by david halberstam, and esp.toni morrrison's eulogy) were breathtaking.  even those of you who couldcare less about the latest cruise 'n cruz gossip should give this issue achance...ok, am off.  take care, all, and will chat soone",Informal
"All,There has been some concern about the lack of clarity regarding what functionality is ready for user acceptance testing in the staging environment.  To attempt to solve this problem, we have come up with a simple process that will enhance communication and will allow everyone on the team to know what functionality is in staging waiting for user acceptance signoff prior to a release to production.  Please read the attached one page document that details the proposed process.  Let me know if you have any questions.Thanks,Zach",Formal
"I want to remind you about our AllEmployee Meeting this Tuesday, Oct. , at  a.m. Houston time at the Hyatt Regency.  We obviously have a lot to talk about.  Last week we reported third quarter earnings.  We have also been the subject of media reports discussing transactions with LJM, a related party previously managed by our chief financial officer.  Today, we announced that we received a request for information from the Securities and Exchange Commission regarding related party transactions.I know you will have a number of questions about these issues and events, which I will address.   As usual, I will be as candid as I can.  I will do my best to provide answers and talk about where we go from here.  I encourage each of you to attend or tune in tomorrow.",Formal
"I'm sorry about that! It looks like the NW traders were adding to their sheet while I was transferring data from it, so I didn't have the most updated version this morning. This should look better!Kate",Neutral
"Asa & Joy,I just wanted to take a minute and thank the two of you for your generosity this past week.  My friends and I had a terrific time and everyone really enjoyed your condo.  The weather was terrific and the fish put up a formidable challenge.  We are very interested in renting the condo from you guys during the season this year.  I requested that the cleaning charges this time be put on my credit card.  Please let me know if  they charge you guys anything.  Thanks again.  We look forward to seeing you guys soon.Phillip",Neutral
"Credit wants to open up the referenced counterparty immediately.  They are approved to trade all physical products, except physical power, and can trade all financial.  I will follow up with this counterparty profile on today's approvals.",Neutral
"Dana,Thanks for the call and email.  I will look at your resume and get back to you .Mike",Neutral
Attached is the latest version of the Transaction Agreement and Master Firm Agreement reflecting Tanya's recent conversation with NUI.  Please give me your comments.  I will forward these to NUI once I have heard form each of you.Stacy,Formal
"Steve,This email is to notify Columbia Gas Transmission of Enron North America's intention to exercise our right of first refusal for the subject contract.  By this notification, Enron does not agree to continue the agreement beyond the current expiration date or match the highest value bid in any subsequent auction.  If you have any questions concerning this notification, please feel free to call me at ()   .Thanks for your help,John",Formal
It is not clear to me what Braintree's should remain open.  Will we shut down this Town of Braintree and only keep open Braintree Electric Light Department?,Neutral
"Alan,I just want to pass on the two names I had mentioned previously to you. Eric Linder and Steve Merriss. Their home numbers are  and  respectively. Both had worked for me for about  months. These are the only numbers I have for them as their cell phones have been canceled.Bill",Neutral
"Trade press, recruiting firms and others recently have made numerous calls to Enron employees seeking information about the company, its employees and other matters.  In some cases, these callers have used false identities, as in, ""I'm from the SEC and I need you to provide me with?""If you receive a call from someone identifying themselves as part of a government organization, please refer the caller to the legal department.  Please refer calls from the trade press and other media inquiries to the Public Relations group.  And otherwise, please treat Enron information as confidential.Thank you.",Formal
"Enron is forming a new organization   the Enron Xcelerator   to drive the formation and development of new businesses at Enron.  Enron's unique ability to start and develop new businesses has driven most of our growth over the years.  Lou L. Pai, currently Chairman and CEO of Enron Energy Services, will lead the Xcelerator.  Over his years at Enron, Lou has been key to the creation and rapid growth of our wholesale gas, wholesale power and energy service businesses.  The existing business units will continue their development of core businesses, while the Xcelerator will be responsible for developing new business opportunities that are natural extensions of Enron's business model and core skills, but not currently under development elsewhere in Enron.Dave Delainey, currently President and CEO of Enron Americas, will become Chairman and CEO of Enron Energy Services.  Dave brings a wealth of experience and accomplishment from Enron Wholesale Services' businesses where he led the growth of our Canadian business and our North American origination activity and, most recently, had a great year in Enron Americas.Dave is forming an Office of the Chairman in EES.  Joining Dave in the Office of the Chairman are Dan Leff, President of EES, Global Energy Services, and Marty Sunde, President of EES, Global Marketing and Services.  Dan and Marty have been instrumental in the development and execution of the successful EES business model.  Also joining the Office of the Chairman of EES is Janet Dietrich as Chief Operating Officer.  Janet, currently is Managing Director in Enron Americas, where she has been successful in many of Enron Wholesale's core businesses, including gas trading, risk management and structural origination.  Tom White will continue as Vice Chairman of EES and will focus on the development and expansion of EES' customer relationships.  Lou, Tom, Dan, Marty and the entire EES organization have developed a great business model with great growth prospects.  EES has become an essential part of Enron's market valuation and growth story.  This new leadership structure will enable EES to continue on its path of sustained growth and increasing profitability.John Lavorato will succeed Dave as President and CEO of Enron Americas.  John has been an essential part of Enron's energy trading success over the years and is a key part of Enron Wholesale Services' continuing success story.  Joining John is Louise Kitchen, currently President and CEO of Enron NetWorks.  Louise, who accelerated Enron's outstanding growth with the deployment of EnronOnline, will take over as Chief Operating Officer of Enron Americas.Philippe Bibi, currently Chief Operating Officer of Enron NetWorks will take over as President and CEO of Enron NetWorks.  Under Philippe's leadership, Enron has become a technology leader and the leading ecommerce company.  Joining Philippe as Chief Operating Officer is Greg Piper, currently Managing Director of Enron NetWorks.  Greg currently leads Enron NetWork's origination activity and was responsible for the creation and deployment of ClickPaper, Enron's successful online pulp and paper marketplace.Please join us in congratulating all of these individuals on their achievements and their new responsibilities.",Formal
"GuysI'm out of the office until Wednesday next week.  I'll chase you up for feedback on your video interview with Thomas next week (if I don't get any from Grant before then).I thought I'd better clear up the fact that you're the only Research people (except me) to have spoken to Thomas so far.  Although Vince agrees that he's a strong candidate, Anjam was strongly opposed to Thomas's being brought in for interview.  I thought last night's video interview was a reasonable way to get an objective view from other Research guys.Cheers,Steve",Neutral
"It is critical to our nation's energy future  to achieve robust competition in wholesale power markets in order to ensure that electricity can move most  effectively from where it is produced to where it is most needed. To that end, this Administration will strongly encourage the Federal Energy Regulatory Commission( FERC)  to actively exercise jurisdiction over all aspects of electricity transmission in interstate commerce and place all uses of the grid under the same rates, terms, and conditions.  This jurisdiction must also be extended by Congress to cover nonFERC jurisdictional power authorities.",Neutral
I wrote a letter of recommendation for you (you're getting it whether you want it or not).,Informal
I have one more person that I'm waiting on and Kathy is going to work on it after lunch.,Informal
Got it done.  Will forward to Maureen for processing.  Total was $. Thanks and you have a great New Year as well.  I will see you on the th.Ginger Dernehl,Neutral
"Please find attached the SoCal disclosure schedules for the Purchase andSale Agreement for certain of the SoCal assets.  If you have any questionsor any problems opening any of the attachments, please do not hesitate tocontact either Gray Sasser at  or Donnie Roark at",Formal
"Attached is the summary.  There are still a few names we need to check with Bob Hall and Jenny, but it is very, very close.",Neutral
"Dear Ben,We had a meeting at your offices last December where I expressed my interest in pursuing a rotation in your division. As you may remember, you set me a meeting with Jeff Donahue that same evening. I understood back then that it was a bit early in the process.In August I will be joining the firm as an Associate and now that the management at your division might have a more clear idea of your needs, I would like to reaffirm my interest in pursuing a rotation at your department. I am confident that the skills that I have built in the past constitute a good basis for dealing with the demands of the group in the present.I would also very much appreciate if you could give me any suggestions in order to maximize my chances.I would fly to Houston in order to meet with and whomever you think appropriate at your request.I am attaching my updated resume. Please pass it around.I will give you a call in a couple of days.Best regards,Teseo Bergoglio",Formal
"Attached is a proposed letter to use when rescinding an offer of employment.  I have consolidated drafts done by Fran Mayes and Terry Bosien.  If you have other forms that you think work better, please send them our way. I think it will be useful to work from the same document across Enron.Please note that each situation should be handled consistently with others in similar circumstances, and that special care should be taken for those who have quit prior jobs, relocated, or are in precarious visa situations.  Michelle",Formal
"This message is intended for eHRonline users only.Due to a recent change to eHRonline, the URL (aka ""Web address"") for accessing eHRonline needs to be changed on your computer.  The change involves adding the letter ""s"" to the "" reference in the URL.  The URL for accessing eHRonline should be:   This change should be made by those who have added the URL as a favorite on the browser.",Formal
"I just heard from Tenley that you and Steve have been in a pretty bad car wreck and are hospitalized in Florida.  My thoughts and prayers are with both of you.  She said you were checking your emails so I just wanted to get a note in to you, and when you feel better maybe we could have a little chat.I miss you!",Informal
Attached are the divestiture and development DASHes currently being circulated for signature.  Also attached is the latest draft of the Executive Committee presentation.  Call me if you have any questions.  Thanks.,Neutral
"I will be out of the office Wed, Thur, and Friday of this week.  Please call Scott Goodell at  if you have any questions.Thanks",Formal
"We have received the executed NonDisclosure Agreement between Allegro Development Corporation and Enron Net Works LLC and EnronOnline, LLC dated //.  Copies will be distributed.",Very Formal
"I understand that Ashley Worthing has been hired by Enron to start work this summer.  I think that she is graduating from Texas A&M.  She is my cousin's daughter, so I am just curious whether or not she is coming in as an analyst.  Please let me know if that is the case.  Thanks.",Neutral
"Charlene, I'm sending down the letter Benjamin sent to Jeff with some ideas about improving morale in the program, which was referenced in the email I bcc'd you on a moment ago.  SRS",Neutral
"Just a reminder that we are coming up to the end of the year and that you will be able to roll over  HOURS or ONE WEEK of vacation time.  Should you have more that  hours please try and use them before the end of the year so that you don't loose them.  I do have a print out of the vacation time if you need to verify your current balance.Thank you,T.Jae BlackEast Power Trading",Formal
"i am just teasing you, but you did introduce us to some guy you went out with who is an analyst here.  i had so much fun on sat night.  it was crazy.",Informal
"may be looking to sell some naked calls soon.  can you check that i would be approved to sell  of either  or 's expiring somewhere between juljan.  also, if i sell naked calls with a tenor of more than one year that expire worthless, do the gains get counted as LT cap gains?",Informal
"Steve Van Hooser and Heather Kroll have scheduled a meeting for : a.m. Tuesday, May th in conference room EBC to discuss the NCPH Security Purchase Agreement and the covenants that bind ENA pending the closing.  Please plan to attend.  The attached memo is for your use in preparation for the meeting.",Neutral
You better decide soon.  I'm only waiting on Canada.,Informal
"Of course I received this except that it arrived at :pm last night.  The mansion was FAB! and we bought a Piero Fornasetti table (that belonged to Stanley Marcus) at a neat shop called Collage.  I am currently into Danish modern and bought a Poul Kjaareholm chair at the annual Knoll sale (and I know that the owner of Collage is Danish [modern!!!]).  Star Canyon was outstanding and we had a delicious bottle of pinot from Williams & Selyems (which we had been trying to locate).  And, yes, we went to a museum with Mike's mother and then for Mexican food.  We also saw ""Run, Lola, Run"" which is a cool German film with English subtitles.  I wish you would show Mother how to send email and just get to search engine like Yahoo! so that she could check her stock portfolio periodically.  I spoke with Daddy this morning but he had to cut me off as usual.  See you soon, dahling!  CALL ME when you get this message.  Sass",Informal
"Please review the home addresss and phone number shown on this eMail.  DO NOT RESPOND if the information is correct.  However, if incorrect then reply to this eMail with the correct information so you HR records can be updated accordingly.  Your home information is important in case the Company needs to forward critical materials to you or contact you regarding important Company information.",Neutral
Please create the following books to be used in Sitara and TAGG.  Let me know if I forgot any information.Dave,Neutral
"Attached is a revised Credit Watch listing for the week of //.   Please note that US Steel Corporation was placed on ""Call Credit"" this week.If there are any personnel in your group that were not included in this distribution, please insure that they receive a copy of this report.To add additional people to this distribution, or if this report has been sent to you in error, please contact Veronica Espinoza at x.For other questions, please contact Jason R. Williams at x,  Veronica Espinoza at x or Darren Vanek at x.",Formal
those are cool.  maybe you should just keep yours until it is dead.  doesn't make sense to pay more since you just bought a new place.  how many bedrooms is it?  what is the new number?,Informal
"Please respond today if you are attending the Team Celebration this Thursday, November th at pm in the Double Tree.Alma",Neutral
"Hi Daren,As per our phone conversation I sent you a fax, but I also wanted to let you have an electronic copy of the failed deals which need to be booked into SITARA. Attached is the detail on the six trades in question. Thanks!Torrey Moorer (x)",Neutral
"By copy of this message, I ask Janette to help Mark out with his request.  Please have Mark stop by.   Mark",Neutral
"Hi Sally,I just received the email announcing your promotion, and wanted to take this opportunity to congratulate you.Regards,Bani",Formal
we are going to go out tomorrow night.  if you guys want to meet us for drinks and then go out.  email me back and give me your number & i will call you tomorrow.,Informal
what is it.  i got to know.  i need some new chicks.  i need the weekend.  today totally sucks.  what are some good books to read?,Very Informal
We added a Transco meter to deal  today.  Would you make sure none of that goofy financial stuff is impacted please?,Informal
"I downloaded them all this morning, but forgot to send them to you.  Here are a couple of copies of different versions:",Neutral
"hey  how's your sexy body? don't have much time right now, but thought i'd drop a line to tell you that i'm so broke i'm considering picking up some unmentionable weekend job and therefore cannot make it down there for prezzy's day weekend. i'm so pissed! but it will happen soon  and anytime you're up here you need to stay with me  we have a guest bedroom for gosh sakes. also, i met malia at a party the other weekend  talk about a freakin' small world! she was so sweet, but then i'm not surprised  she'd have to be to put up with you. (ha, ha) anyway, take care, call me soon, and toast my absence with a bottle of wine tonight.kate",Very Informal
"Did you ever send CES copies of the demand charges for Jan .  My contact, Brian Perrone, said he has not seen them.",Neutral
"Good Morning!Cheryl Nelson will be in around : today, due to health issues.  Should you need to contact her immediately, please contact me at x.  Thank you for your attention to this matter.Regards,Keegan Farrellp.s.  Kayla, would you mind forwarding this message to any concerned parties I may have left out.  Thank you!",Formal
"The KOMP Horticultural contract for the maintenance of leased floor plants has been cancelled.  Plant maintenance is not being performed on the leased plants in the Enron Building on floors  through .  Rather than removing the plants from the building, KOMP Horticultural has chosen to offer the plants to Enron employees for sale.  On January th from : AM to : PM, KOMP will have a table on the south side of the plaza, by the up escalator, for those employees interested in purchasing a plant. At the time of purchase, KOMP will give a special sticker to place on the container of the sold plant (do not bring plants to the plaza for purchase).  Plants will not be allowed to be removed from the building unless they have the KOMP sold sticker on the container.The following guidelines must be followed:?	Plants will be priced at $ plus tax for floor plants; $ plus tax for desktop plants.?	Only potted plants in black plastic containers are for sale.  Plants in chrome, bronze, clay or any other outside containers are not for sale. ?	Employees must remove all plants from the building themselves.  Building Services cannot make pickups or deliveries.  ?	Security will be inspecting plants to assure they have the appropriate sticker when they are removed from the premises. ?	Payment must be in cash or a personal check made out to KOMP Horticultural.    If you have any questions please contact Richard Hensch at ext. .",Formal
"What's he doing now?  Let me know when you can get away for a second and we'll go buy stamps.  I just surfing the web to see what I can find out about Chicago, so my schedule's pretty flexible.",Neutral
please be sure to put me on your distribution list for the west pricing sheet,Neutral
Jeff:  I thought we should update the situation particularly in light of the problems that Willie runs up against.  Can you give me a call and let's discuss.  Thanks.  Sara,Neutral
"Brad,  Attached is your form of lease with my comments incorporated.  Please note that I have added Mariner Energy, Inc. as a Party to the agreement since Mariner is performing all operations and maintenance for the facilities owned by MEGS.  Please note the Mariner also will need to review and comment on  this document and I am forwarding it to them concurrently.",Formal
I have an appointment to get fitted for a suit tonite and then I;m going drinkin after that.  Is it ok we leave tomorrow?,Informal
This is the last edition of the Deregulation Highlights report.  The subscriber list has grown from  to the present  and I thank you for all the positive comments.  Frank,Neutral
"A procedural order issued late last night on the Staff Investigation in the California market.  A special FERC Commission meeting will be held November  to consider a draft order on remedies.  The Commission will also issue the staff investigation report.  Thereafter, comments are due within three weeks to supplement the record or comment on the Commission's proposed remedies.  On November , the Commission will hold a public conference to discuss proposed remedies.  Based on the full record then, the FERC expects to issue an order directing remedies by the end of the year.",Neutral
"At Lisa Mellencamp's request I am sending you the amendment agreements that we have drafted with respect to the physical and financial masters between KCS and Enron.  Drafts of these agreements were sent to Harry Stout earlier this week and some changes have been made since then.  I am enclosing both clean and marked copies.  If you have any questions, please call me or Lisa.  My number is .Carol",Neutral
"Thanks to you and Scott for your help, I appreciate it!  I hope all is going well...",Informal
"You don't have me beat.  We have them delivered at least a couple times a year.  The first time I saw the lobby filled with Krispy Kreme's I thought I must have died and that was heaven.  They were handing out boxes to people as they got of the elevators.  If they did that everyday I would be more excited to get here. of course then I'd have to take the freight elevator b/c anything else would be too small.  I got to work at : this morning, so I'm actually going to leave pretty soon.  Unfortunately I'll be back later.  One of our people is on vacation so I'm covering the night shift tonight.  So it should be a nice  hour day today. I'm going Christmas shopping this weekend, so let me know if you still need something for mom.  Not that I have any great ideas, but I'm hoping I can find her some clothes.  If all else fails I'll get her blue earrings!!  I'm tempted to find somewhere where I can buy blue and red earrings in bulk and give her a couple dozen pairs of each.  Are you watching CNN right now?  One of the protestors is holding a sign that has Gore's name written with the communist sickle as the G.  It's pretty funny.  I also like the Sore Loserman signs.  Enjoy a doughnut for me.Robin",Informal
"See attached for NNG's draft notes from the // meeting, please review and feel free to suggest changes. Please forward to anyone I may have missed on the distribution list.  John Buchanan",Formal
"With the formation of the Management Committee we are discontinuing the Enron Executive Committee.  Instead of weekly Executive Committee meetings with a subset of Enron's Managing Directors, we will hold quarterly meetings which will include all of Enron's Managing Directors.  These meetings will allow a wider dissemination of information and views and will enable more substantive discussions about the opportunities and challenges we face.The members of the Management Committee will continue to meet each Monday at : a.m. (Houston time).",Very Formal
Hi Chris  Hope all is well.  Are you and Tracy coming to Texas ... for the conference?,Neutral
I do not run EES trading.  I would contact Marty Sunde with respect to big costs that EES wants to spend.  Marty runs EES North America.  I agree with you however that they should't go crazy on spending.,Neutral
"eThink Stuff For Sale!That's right; get your very own eThink apparel, accessories and office gadgets at the Signature Shop online.  Direct your web browser to the Signature Shop, and then click ""eThink Merchandise"" to see the complete line.  Happy shopping!eSpeak is back!  Tuesday, December  at : am Houston time, please join Chairman and CEO Ken Lay for an openmike eSpeak event.  This is your last chance of the year to ask Ken questions about the issues most important to you.  Don't miss it!",Formal
"Next Wednesday, at :p.m. David Fleischer of Goldman Sachs is bringing a group of    institutional investors to Enron. This meeting is part of a two day trip where these investors will be meeting with our peer merchant companies and other energy companies.  Jeff will be leading the meeting, but if you are free, it would great if you could attend.  There is no presentation, it will be mainly Q and A. Let me know.  Thanks.  MEK",Neutral
"I think that four weeks is a good time frame for this  we can reevaluate at the end of that period as to whether or not this is still needed.  As far as the right time, you should talk with Jeff Gossett (gas) and Scott Earnest (global products).  They can give you the best estimate on timing.  I am copying them on this memo. When your schedule is set, I assume that you will provide Jeff and Scott with a copy of the schedule (dates, names and contact numbers).  Please send me a copy as well.  This IT presence on the floor during critical calculation times will be very much appreciated.  I understand that not only will this provide immediate contact when and if system issues arise, but that your team will be working with the book administrators on improving spreadsheet macros.",Neutral
"Thanks. I just checked Peoplefinder and all the new information is in there. One thing I couldn't change, however, was my department and supervisor. This may have to be changed by HR or my new supervisor; but at any rate, I now work in West Power Trading and report to Jeff Richter and Tim Belden.Thanks for your help.Kate",Neutral
"Andre,Here is a short subset of minute records containing the extreme temperature event (approximately  hours of before/after data). The turbine was # at Desert Sky on May st. Times are in UTC. The values are minute averages.If you have additional questions let me know.Mark",Neutral
"Pilot Two Members:Please Note:  If you intend to have your PC before /, Dell has informed us that you have a better chance if you order before December th.  Happy Holidays!Questions?  Please email us at clickathomepilot@enron.comThe ClickAtHome Project Team!",Neutral
"If you let the dogs chew the phone lines, you will never get your DSL service up and running.  If you are short of dogs for chewing, let me know, I now have five.  I could easily lend you a few or all.",Very Informal
"Hi StaceyHere is some extra info from Scandinavia and EuropeBest wishes, Juhani",Neutral
"Alan,Can we meet today and discuss the pros and cons of this order.I will be available as soon as you are ready...Thanks,Bill",Neutral
how was happy hour?  i was golfing when you called and i didn't get the message until late.,Informal
"Well, I got selected.  The judge estimated that we would probably be there through Friday.  I will be in the office each morning until : and may return some evenings.  If you need anything, you can leave me a voice mail or call Liz and Stacey.D",Neutral
"It's against my nature, but I'm getting pretty close to giving up.  Attached is a draft letter to Langley punting the project.  I've tried to sugar coat it as much as possible so he doesn't get pissed off and automatically go to El Paso if he does somehow get the project built.  The letter is based on the assumption that we will call them first to explain where we are.   Also, I've assumed that we won't send Dennis any of the data from EE&CC or ENA.  I think we can chat generally on the phone and give them the ballpark results without actually sending the schedules to him.  Please give me a call so we can help Steve with his script for when he calls Langley.  (did you notice how I disappear when things start to go south?)  Talk to you soon.  DF",Informal
I think so but if not we'll just leave them in there.,Neutral
"Bob and Wayne,It appears that our commercial group is discussing whether to suspend payments on the MHI engines claiming Force Majeure, basing this on the recent terrorist activity. Is this a path we want to follow, and is this supported by Enron management?I'm quite concerned that this will only lead to more confusion, high legal costs, and difficulty with disposing of these assets, similar to the problems that have been created with the Westinghouse DA.If this is supported by upper management, I would like to know so I am prepared to deal with the results of the situation.Thanks!Mike",Formal
"I have talked with them about phys rings. But the primary counterparty i was going to use was Dynegy. The trading wanted to make some money to do the deal, but i'm not sure where we stand with the other Dynegy stuff going on. So i'm on a holding pattern with Mirant unless you have any suggestions. geof",Neutral
"By this email, I am requesting that my assistant, Stephanie Truss, set up a telephonic meeting so that we can discuss the answer that Texaco filed in this arbitration.  I look forward to talking to you.Andy",Formal
"Marie,   Did they ever pick up your material?   If not, let me know and I will call them again.   Hope all is well with you.  Let's get  together soon!",Neutral
"What's happening?  I know you've been busy, I remembered that Thursday night is Ciera's (spelling?) review night.  Everything is well here at work and at home.  I 'm leaving early today, probably, around : p.m.  We've had a pretty good week and we're ready to go home and start over next week..  Next week is really supposed to be cold here and in the Midwest, so it will really be a busy work week.  I think I might try to stop at the mall sometime today, whether it be late tonight (you know they're open until : p.m. I think) or right after work.  I will pick up a gift certificate from Victoria's Secret for Samantha if I make it out.   Do you want to go in on it, I was going to spend  about $ (believe me, she is looking for a gift!). Have you made a decision on the Christmas Party?  We're still going to mine, but girl, we have to take the kids over to Todd's mother and she lives in Bear Creek and then drive all the way back to Enron Field.  My regular babysitter could not do it.  Anyway, holler at me!",Neutral
"Andrew,  Attached is a draft of the Master Firm/Purchase between EES and ECS and its accompany Transaction Agreement.  I think it does make sense to have a separate agreement to encompass the overall annual true between the power and gas sides.  Need to discuss this with EES' attorney.  I will contact Bo and see who is the lead attorney on this deal.   Please review the attached documents and let me know before you send this to EES.  As you will see I have a few question noted on the TA.",Neutral
"The potential for freezing rain and hazardous road conditions may be present this evening and early tomorrow morning particularly in the northern and western parts of the city. Please monitor local news and weather forecasts and use your judgement to insure a safe commute. The Enron building will be open for business tomorrow, Wednesday, December th. If there should be any change of building status, notice will be given on the building hotline and accessible by calling .",Very Formal
"Hey guys,Just wanted to let you know that Kori Loibl has offered up her apartment as a Preparty spot.  The financial desk will be there as well as Purvi & her boyfriend and  Mo ""the bomb"" Sanchez and her fianc,e John.  Don't know if you guys have any interest, but the offer's open.  Either way, we'll have to find someplace extend the festivities after the Xmas party shuts down...(the Black Swan, Eugropea, etc).Susan",Informal
"As usual, you are the best!",Neutral
"Nicole,These are the FT Canada positions excluding the Exotic text file that Kathy sent.  I'm going to pull it in shortly and then I'll resend you your positions.Robin",Neutral
It's great that your coming to Calgary to study for a couple of months. You'll have to work extra hard in June so you can kick back during Stampede. Things here are pretty much unchanged. Working quite a bit and doing a little snowboarding and beer drinking on the weekends. Things could definately be worse. Going golfing in Playa del Carmen in a couple of weeks. That should be fun. Looking forward to chilling out by the pool for a week and doing nothing. This year has been a roller coaster ride for my trading profits and I need a break. Met a really cool girl recently. Will advise if anything interesting devolops there. It's a beautiful Sunday afternoon and I have no idea why I am at work. I think I'm going to go to the driving range. Take it easy and w/b!CD,Informal
"Thanks for all your hard work and Happy Birthday!  Lunch will be provided on Friday, April , by Tim Belden and Chris Calger to everyone on the floor as a thanks for all you've done for Enron this month.  We'll also celebrate this month's birthdays by having cookies for everyone.",Formal
"I trust you are already planning our next trip().No other fool will do formy early morning walks().Thinking of Brenda fondly will be easy;do you havesome suggestions about John ()?We are already longing to see theDuncans(). Finally, John, check the address; it is ""reasoner"" not""reasner"".Much love, Harry",Neutral
"ENA booked a JulyAugust,  deal with this counterparty.  Is this company a municipal?  Have you agreed to governing law and arbitration?  SS",Neutral
In order to expedite the speed of network response in the days when we had hubs instead of switches IT/Spohn set up the cabling between my computer and Mark Fisher's computer and the network servers so they didn't go through the hub like they did for all other users.    In the current rewiring of the building will Mark and I be changed to a cabling configuration more typical of all other users down here?   This info will help us do limited elimination of causes for network problems before we call IT with future problems.,Neutral
"Attached is a revised Credit Watch listing for the week of //.   Please note that The Paralan Company and SGL Carbon, LLC were added to the Credit Watch List.  Also, Southstar Energy Services, LLC had been moved to ""NO TRADES"".If there are any personnel in your group that were not included in this distribution, please insure that they receive a copy of this report.To add additional people to this distribution, or if this report has been sent to you in error, please contact Veronica Espinoza at x.For other questions, please contact Jason R. Williams at x, Russell Diamond at x, or Veronica Espinoza at x.",Formal
"Shelley, we need to make sure Mike knows of all the ramifications of this entire deal.  I have no problem with them pursuing a regulatory approach to the quality issue but a commercial decision would be better for all parties.",Neutral
"Are you sure?  Nevermind, I already deleted it.  You snooze you lose!",Informal
Avistar has been installed globally to provide desktop conferencing.  Hardware and installation charges have been allocated by invoice to the relevant location.  The schedule below lists by Business unit and RC the number of units and charges allocated.  IT will assume the monthly chargeout process.The allocated dollars will be depreciated over a three year period to your respective Cost Center beginning February .,Formal
"As a continuation of the integration of Enron Metals into Enron Europe we are pleased to announce the following organisational changes which become effective immediately.Tom McKeever, presently Chairman of Enron Metals will move into the role of Vice Chairman Enron Europe reporting directly to John Sherriff and Michael Brown.  Tom will focus on developing our key senior business relationships across all of Enron Europe.Joe Gold will become President of Enron Metals responsible for the entire organization.  We will announce Joe's replacement for managing our trading and origination efforts on the Continent in the near future.Michael Farmer and Michael Hutchinson will continue in their roles managing the Metals's Merchanting and Financial Trading businesses respectively.Please join us in congratulating Tom and Joe on their new roles.From the Enron Europe Office of the Chairman",Very Formal
"No, this is not deja vu.  I am now ready to confirm this deal, however, it has the wrong energy type.  Can you change this and let me know.Thanks!",Informal
"Hey guys and girls, there are three things you need  to announce tomorrow night at NEON.???? )??? Get a count  of the kids in your group who need to go to the retreat late.? There is a  van leaving later Friday night, due to a several kids who are participating in a  Northland basketball game.? There is only one van, and priority will be for  the kids playing and girls cheering.? Get a count of those who need to go  late (it might even be good to get their names).? You can email this  information to beckyp@bammel.org??? )???? The  toilet bowl will be at the NCS field at :, unless the field is wet, and then  it will be moved to the Strack Middle school field.??? )??? There will  be a superbowl party at Scott Simpson's home starting at :.? Girls bring  sweets, guys bring chips and dips.?It looks like a busy weekend for the kids!?  Have a great NEON.?Bobby?",Very Informal
"Trade press, recruiting firms and others recently have made numerous calls to Enron employees seeking information about the company, its employees and other matters.  In some cases, these callers have used false identities, as in, ""I'm from the SEC and I need you to provide me with?""If you receive a call from someone identifying themselves as part of a government organization, please refer the caller to the legal department.  Please refer calls from the trade press and other media inquiries to the Public Relations group.  And otherwise, please treat Enron information as confidential.Thank you.",Formal
"If our email does not appear in  seconds, go to  to view todays gas & oil prices and news.  If your email does not support this web version, please subscribe to the free text version by writing enerfaxgoldsubscribe@egroup s.com Please visit our website to view today's gas and power prices and news by clicking  To unsubscribe see bottom of newsletter.",Formal
I would like to see the composite.  I think my home computer has logon access through the firewall.,Neutral
Here is the PJM Training information from the Presentation made by Andy Ott on //.Thanks.,Neutral
"We are in bid week right now, so I have to work late and can not take vacation, so I am catching a  p.m. flight out tomorrow and get to auburn about  a.m.  I will be at your brother's by : a.m. on game day  you better be ready.  I am coming in on Thursday night for the Georgia game and may stay in Birmingham that night...any vacancies?  I think we may play golf on Friday.PL",Informal
"Hi Wilson,We discussed asking the counterparties for opinion letters.  Could you outline what you think we should ask for, or alternatively, just draft it?Thanks,Kay",Neutral
Attached is a draft Complaint to the Alberta Market Surveillance Administrator respecting the Balancing Pool's offer strategy for Clover Bar.  Please provide any comments as soon as possible.Peter,Formal
"At Mark Bernstein's request I am forwarding a confidentiality agreement for your review.  If it meets with your approval, please sign and fax back to me at .  If you have any questions, please feel free to give me a call at   .Thanks,Kay",Formal
"Dear Vince Kaminski:Thank you for renewing your subscription to Power Finance & Risk  your exclusive source for power financing and trading news  Remember, your subscription entitles you to breaking news emails, print issues and access to  Online, you can access breaking news and the current issue, as well as a searchable archive and special supplements.Please continue to enjoy access to , using the User ID and Password you provided:",Neutral
We'll set up a phone and hope for the best.  Cheers.,Neutral
"With the recent events and increased security at Enron, safety has become a major concern in our daily routines at work.  We experienced an unfortunate incident of theft and would like everyone be aware of the unusual activity and traffic flow in your area.  Please note people tagging in with you on your badge with no badge or identification (guest sticker).The internal doors to the freight elevators should be closed/locked at all times.  If these doors are open, this is allows open access to the floor.  If you notice unusual activity, please contact Corporate Security at x immediately.  Thank you.",Formal
great  this week is bad because I go to Portland for week until Friday.  How about next week?,Informal
"went to the courthouse over by the stadium...........actually broke a sweat......how much of a down payment are ""you' looking for......",Very Informal
Attached below is my markup of NGPL's draft for backstoping its expenses in perfroming preliminary work for a proposed interconnect between NGPL and the Plant.  Please review and comment.chrisx,Formal
My brother was coming back from London to go so I went out and paid a fortune from a scalper for two....I really do appreciate it though..,Informal
"A Company (who has not agreed to go on record, but Smutny knows who it is) has decided not to build two planned power plants in CA because of all the uncertainty and the threat of the windfall profits tax.  Instead (and I'm not making this up), the Company is sending the two turbines to Bulgaria! Sue MaraEnron Corp.",Neutral
"Rick's pager is temporarily out of service.  We hope to have it working by early afternoon.  If you need to reach him urgently, please call him on his cell phone at Thanks and please call if you have any questions.gngr",Formal
I will be out of the office at a seminar on Thursday and Friday of this week.,Neutral
Attached is the document for Alabama Electric Cooperative.  I would like to discuss with you to begin the drafting of the Letter of Understanding.thanksOscar,Neutral
"It's that time again... crawfish are in season and NESA/HEA is geared up tomake sure you enjoy your fill on Tuesday, April th!  Held again atWoodrow's located at  Chimney Rock, the fun will start at : p.m. andcontinues until : p.m.!$ in advance covers all the crawfish, jambalaya and beer or margaritas youcan hold  or pay $ at the door.  Either way, drop a business card in thebowl when you register and participate in a drawing for an Astros vs. Bravesgame to be played in late April (courtesy of Michael Roberts, ShellTrading)!",Informal
I agree to the comments included in your fax to me of November  being used in the way and in the context therein set forth.  Jim Derrick,Neutral
"Dear Market Participant,Technical Bulletin #   Temporary Reference Price AdjustmentRequest Process  is being distributed for Market Participantcomment.  It will be posted to the NYISO web site  business daysfrom the date of this communication.The purpose of our technical bulletins is to facilitate participation in theNYISO by communicating various NYISO concepts, techniques, andprocesses to Market Participants before they can be formallydocumented in a NYISO manual.Please forward comments on this Technical Bulletin via email to:",Formal
"I wish I could say that's the reason we haven't heard anything. I suspect we would have heard if they had a problem with it being WordPerfect.  I hope this doesn't mean they haven't tried to open it yet.I have complained about EECC Contracts using WordPerfect.  As far as I know, it is the ONLY Enron group still using it.  EECC Legal uses Word.  I always figured this WordPerfect thing was intentional, which is why I had WordPerfect loaded on my computer.I don't think I can make the conversion from home due to download problems.  I will see that you get a converted copy.Kay",Neutral
"The EES VaR for today is $. million, up from $. million yesterday, due to the additional short positions added at NP and SP in the Power West portfolio.  The VaR should decrease once the short positions associated with the University of California facilities are removed.",Neutral
"I understand that Ashley Worthing has been hired by Enron to start work this summer.  I think that she is graduating from Texas A&M.  She is my cousin's daughter, so I am just curious whether or not she is coming in as an analyst.  Please let me know if that is the case.  Thanks.",Informal
"I'm glad to know your sister has a sense of humor, and that I can quit looking over my shoulder all the time.  So what's going on down there today?  So far my day's much quieter than yesterday...THANK GOODNESS.  Everyone and their brother harrassed me yesterday.  Here was the best one though.  A manager in another group told one of his analyst to give me his(the analyst's) password to the VAR system so I could print some reports for him(the manager).  He wanted me to do it so that he could have them on his desk when he gets here at :.  Here's the best part though it takes about  minutes to print all these reports.  So essentially he was asking me to come in at : so that neither he nor his analyst had to come in until :.  I told the analyst to tell him, ""Not just no, but HELL NO!!  I don't work for him, and  I have more important things to do.  If he had any questions to give me a call and I'd be glad to explain further.""  Funny, I didn't hear from him yesterday.  I was actually hoping he'd call because I had had enough of doing other people's jobs yesterday and it would have been nice to chew someone out.  Talk to ya later,Robin",Informal
Here is a copy of the treasury model.  Let me know if you have any questions or when you would like to go through it.  ThanksBen,Neutral
"Here is the first draft of the strategy memo for Doorstep.  Veronica was nice enough to agree to check it over to ensure we have all offices that are on the schedule, as well as ensure othat offices are not listed twice.I'll send you another draft once it is nearer finalization.Best regardsShona",Neutral
"I'll be out of the office this afternoon and tomorrow. Tuesday and Wednesday of next week I'll be working in another Enron office, and will be traveling back to Houston on Thursday. I'll be checking my voicemails regularly and Joyce can reach me in an emergency.Joel will be covering for me on Raptor matters in my absence, although I haven't attempted to get him up to date on the hedging issues we've been discussing over the last week or so given the fact that I believe we've essentially finished working through how we do these and given the relative complexity of the issues here.",Formal
"Hey Karry,Are you still out there?  Hope everything is going well for you and your Holidays were great.  I am doing good.  Just the usual  work, party, work, party.",Informal
you'll be happy to know i get my car back today,Informal
"Thank you for your recent submission for your Educational Assistance Request Form .  Due to recent developments with Enron, your Educational Request Form has been put on hold until we receive further instructions on how to proceed with our business.  Should you have any questions, please contact your Human Resources Representative.Thank you for your cooperation and patience.HR Service Connection",Very Formal
Dan is seriously considering going for this job in TO. What do you think?Let me know what would be a good time to talk.Chris,Neutral
"In response to PGE's request that we coordinate more on various regulatory and legislative proceedings and our conversation today, we have agreed as follows:Due to code of conduct concerns and tight deadlines for regulatory filings, it is typically difficult to coordinate in advance.  However, provided there are no code of conduct concerns, we will attempt to provide to PGE finalized drafts in advance of filing.RTO negotiations are one area we can clearly coordinate because they do not involve code of conduct issues but instead involve broad policy issues.On litigation matters, if ENA legal and PGE want to coordinate, Richard Sanders should be responsible for the coordination.",Formal
your right...................how's my man..?........did .....You....miss me?,Very Informal
"Hi Sara,How are you going  did you have a good Thanksgiving?  Coincidentally Thursday was also a holiday here  we were celebrating Respect for the Aged Day though.Actually, Sara, I was wondering how we are going in getting some drafting together for the credit provisions discussed recently with John Suttle and Jonathan Whitehead.Thanks and sorry for the trouble.Jane",Neutral
"Please check this meter back to the first, the deal volume is zero and it is pathed for m.",Neutral
"Today we announced the appointment of Jeff McMahon as Enron's chief financial officer.  In my continued discussions with the financial community yesterday and today, it became clear that this move was required to restore investor confidence.  Jeff has unparalleled qualifications and a deep and thorough understanding of Enron.  He is already on the job and hard at work on the issues before us.  Andy Fastow will be on a leave of absence from the company.  Jeff had been serving as chairman and CEO of Enron Industrial Markets. He joined Enron in  and spent three years in the London office as chief financial officer for Enron's European operations.  Upon returning to the U.S., Jeff was executive vice president of finance and treasurer for Enron Corp.  In , he was named president and chief operating officer of Enron Net Works.I know all of you are concerned about the continuing decline in our share price.  I am too, and we are working very hard to turn it around.  Appointing Jeff as CFO is one important step in that process.  But most of the solution involves just continuing to do our jobs with excellence.  The fundamentals of our business are strong, and I think the market will begin to see that as we continue to perform.Please join me in giving Jeff your full support, and thank you for all of your continued hard work.",Formal
Mark:I may be a little late tomorrow as Bill and I have a meeting with our contractor at : tomorrow morning.Carol,Neutral
"John, Please review, if okay, please have someone give me the terms of the spot confirm so that I can attach to the letter.",Neutral
"I will be out of the office starting this afternoon / and will be back on Monday. Aimee  will be the point person for any questions but the following people will do some of my desk, thanks.Mark  HPL PoolsBob C  Daily noms, path ENE and Bridge BackTom  Tufco Sabrae  BP transport, NNGB, CarthageIf you have any questions please let Aimee know, thanksCarlos",Neutral
"Shelley, here is the current weekend oncall schedule for the TW marketers.",Neutral
"I was told that Lynch and Duque released press releases today saying that the Commission does not intend to let the utilities to go bankrupt.  Haven't been able to find any press releases on the CPUC website, however.",Neutral
"HI Just got this message  email at home couldn't open attachment.  Go ahead a send rest when you can, no problem.  Hey, will you send me your new address.thanks",Neutral
Sounds good to me  let's say dinner on Thursday and then either lunch or dinner  your choice  including Ted on Saturday.  We have no plans at all so far so we're flexible.Mark,Informal
What's up? How are things? Have you had the boards out yet? I need a snow report. Hope all is well. Better hop but keep in touch.cd,Informal
"Sara,Thanks for your message.  Perhaps we can speak over the next day or so.  As far as MG's business is concerned from NYC and the US, the legal support will be managed from Houston (Alan Aronowitz and Marcus Nettelton)   I believe they will shortly be visiting NYC.I would very much appreciate your support re: other legal issues, CFTC, etcThanks.Justin",Formal
"Boy, it looks like this is really going to be a tight, tight, race.  As far as your other issue, I would just say very professionally, that ""there are  subjects that you are uncomfortable talking about, and they are voting, religion and salaries."" and just keep it at that.  You also might want to add"" I hope you can respect my stand on these subjects.""That way, you've communicated your desires in a concise, professional manner.  Talk to you later!",Neutral
Lunch sounds great.  The question is when would be a good time.  Cindy is out this week but I will have her figure out a date.,Informal
"Attached for your review is a clean copy of version  of theWorld Hunger Form Agreement (first document below), as well as ablackline (second document below) showing changes to the May  version.The Enron team has not had the opportunity to review all of the changesin this draft, thus Enron reserves the right to withdraw and addchanges.",Very Formal
"The Federal Appeals Court ruling in the litigation over the EPA's Section  NOx Rule was just released.  From a quick scan it looks like the  court mostly upheld the EPA positions, and the Rule will go forward as planned (impelmentation May ).However, there are a few things remanded to the EPA for review and it's possible this along with the delay associated with these remands could cause a delay in implementation.  I'm also picking up from EPA sources that there may be an effort underway to examine EPA's legal options for synchronizing the  and NOx SIP implementation dates to summer .I am reviewing the ruling in more detail and will have more detailed analysis to you shortly.Jeff",Very Formal
"Cindy,Attached for your further handling is the Enron Corp. Guaranty needed in connection with an ISDA Master Agreement between Enron Canada Corp. and Encore Energy Solutions, L.P., as well as the Secretarial Certificates that are also needed.Please call me if you have any questions.  Thanks for your help. Stephanie",Formal
"Congratulations!  For an unprecedented five years in a row, Enron has been ranked the ""Most Innovative Company in America"" by Fortune magazine.  In addition, for the first time, Enron has also been ranked # in ""Quality of Management,"" topping General Electric and Omnicom Group, and our ""Employee Talent"" has been ranked #, behind Goldman Sachs and ahead of Cisco Systems.   America's most admired management team is paired with the best and brightest employee talent.  That winning combination has led to Enron's fiveyear ""Most Innovative"" sweep.  The ""Most Admired"" list will appear in Fortune's Feb.  issue, available on newsstands Feb. .You are the reason we have achieved such consistent recognition.  You bring the innovative ideas to Enron and create new business opportunities.  You contribute to our quality management team.  And you are the outstanding employee talent that makes Enron such an exciting and successful company.Keep up your outstanding work, and we look forward to even greater achievements in !",Very Formal
"Joe,As we review all the options for Enron Japan (people and commodity/business plays), we would like to see how you think it should be organized to facilitate growth and have the biggest impact.  When you get a chance to examine the EGM information and get your thoughts together, lets us know your views and your view of the best way forward.  We have everyone thinking about it and we are solidifying our own thoughts as well.It will help with Morten Erik as well.Thanks,Mike",Formal
Please send a reply so that we will know if we are operational before we start sending the data out in bidweek.  Thank you for your help.Mike Grigsby,Neutral
"Those things are such a waste of time trying to condense  points of error and  weeks of trial in a  minute argument. Bill did a very good job. The opposing counsel quickly reverted to personal attacks against Bill, which did not go over well. Union's main point was that the judge wrongly applied La. law. Two of the justices expressed doubts about Union's argument. I personally think the choice of law argument is a weak argument for Union. The remainder of the time was spent analizing a particular provisition of the gas purchase agreement between Union and the utility district. In short, you didn't miss much.",Informal
"good one...................  thanks again for the cocktails last night ,   have a good thanksgiving........  Joe",Informal
"Amazing that they stayed afloat.   year history probably helped that happen.  Kinda sad, though.  I liked those guys.",Informal
"Jim:  You available to talk at : Houston time re: how to stop the next attempt at the ISO board to lower the price caps further?  If not, are you available at about  PM houston time to discuss same?  Thanks.",Neutral
Those were great pics of Harris.... very handsome.Kenny,Informal
"Today, we are forming Enron Global Services (EGS) in order to more closely align our assetbased businesses.This reorganization will allow EGS to focus our resources on opportunities that present the highest value to Enron.  It will also accomplish the following:  ) enhanced synergies among our assets and personnel, ) more effective prioritization of business opportunities, and ) better management of Enron's assetbased businesses throughout the world.Enron Global Services' energy asset portfolio includes the North American pipeline businesses of Enron Transportation Services (ETS), including Northern Border; the international pipeline, power and distribution operations of Enron Global Assets & Services (EGAS); Portland General Electric; EOTT Energy Corp; Enron Wind; Azurix and Wessex Water.  Reporting to me as the heads of their respective business units are:?	Jim Hughes, President & COO  EGS/International?	Danny McCarty, Managing Director & CCO  ETS?	Bill Cordes, President  Northern Border Partners?	Peggy Fowler, President & CEO  Portland General Electric?	John Garrison, President & CEO  Azurix?	Dana Gibbs, President & COO  EOTT Energy Corp?	Colin Skellett, CEO  Wessex Water?	Adam Umanoff, President & CEO  Enron WindWith the creation of EGS, we hope to enhance the efficient utilization of our commercial support services.  To accomplish this, EGS' staff and operational functions will be headed by:?	Rod Hayslett, Managing Director & CFO ?	Rob Walls, Managing Director & General Counsel ?	Phil Lowry, Managing Director, Pipeline Operations and Engineering & Construction?	Brian Stanley, President & CEO  EEOS?	Steve Hotte, Vice President & CIO?	John Ambler, Vice President, Communications & PR	?	Gary Smith, Vice President, Human ResourcesIn addition, Rob Walls will continue to perform his role as Deputy General Counsel for Enron reporting to Jim Derrick.Phil Lowry will be responsible for domestic pipeline operations, technical services and engineering & construction, as well as, international pipeline technical services and engineering & construction.  Brian Stanley will be responsible for technical services and engineering & construction for international power and distribution facilities.  Below is an organization chart for Enron Global Services, which displays the changes described here.  We are confident this new organization will focus our talent and capital appropriately.  Please join me in supporting this management team as it strives to maximize Enron's return on its assets. <Embedded Picture (Metafile)>",Formal
Attached below is the most recent version of the Enron Global Markets presentation.  This presentation provides a good and consistent way to describe the EGM business.  Please forward any updates and changes directly to Mike McConnell as the information becomes available.  Thank you.,Formal
"Amy Oberg's brown bag, Coming Full Circle: A Plausible Future for Power Generation has been cancelled.  We apologize for any inconvenience this may cause.  Please keep watching for future brown bags.",Formal
Credit called and asked if we could get them a rush approval on the referenced counterparty.  Let me know if you have anyproblems.  Thanks!,Neutral
Today I called spoke to the Jillian Segall National Commissioner of the Australian Securities and Investments Commission (ASIC). In brief I have arranged a meeting  with her and staff handling our application next Wednesday afternoon. Paul I have foreshadowed that we would be willing withdraw and resubmitt our application as they had indicated. Howver we would like to meet them to explain directly to them what our position is,Neutral
"At the request of Dovie Keprta, I am attaching our proposed form of NonDisclosure Agreement.  Please call me at ()  or Dovie at ()  with any questions or comments you might have.  If the enclosed meets with your approval, please have the agreement executed by an authorized officer of webMethods and return the copy to me for execution by Enron.",Formal
i don't think i will play on sat,Informal
"Taffy:Could you please coordinate with Nedre Starmbler in setting up an interview with Donald Duhon?  I will send you his resume.  Also, is she working on one for Debbie Vincent?Carol",Neutral
"Hey Suz,I'm off to walk my dog.  I'm doing some stuff for Gregg Penman this am, but it isn't too bad.  Paige will be home in time to go to lunch, and Michael wants her to come visit his school.Hope all is quiet.  Is Dan OK?Ciao,Kay",Informal
"I just can't believe this, I am coming back to work at Enron.  It didn't work out at ms legal search.So I left there on Monday, Elaine (my old boss at ms)called me on Tues and wanted to know if I was interested in going back to Enron at the same pay I left at with full benefits (except the matching stock of course (not funny!) back to work for her husband Bob Williams and his assistant Jan.  He is putting together a task force to help with the SEC stuff. I can say is,  God has taken such good care of me, its been one miracle after another.  GOD rocks!Anyway, I start back at Enron Jan. th, I hope I see you in passing, I'll be looking for you. See yah!...............................soonLynn",Informal
"Enclosed is a memo setting forth a schedule for obtaining the outstanding SEC approvals before the end of April.Without concluding that the SEC will necessarily renotice the merger application, we believed it necessary to allow for the possibility.The result, as you see, is a tight, albeit doable, schedule.  In particular, it underscores the need to develop our story for the SEC as quickly as possible, consistent with the other impossible demands that folks are placing on Sierra's time.If you have any questions or there's anything we can do to help, please call me at BestJoanne",Formal
"How do I get the software to operate Socal Gasselect and Passport?  I would like to have them installed on my desktop and laptop.Thanks,Mike",Neutral
"I need your help...  I did a quick comparison for the  and  budget and I am showing a significant increase from last year.  Did we have an increase in headcount?  I do not know your actual budget for .  I used the information for the last  months of  budget to estimate for the year (see  Budget tab in the attached file).  The attached file contains the following tabs: Budget vs Budget Comparison of  vs  Allocation  Allocation  please allocate the rest of the .% to ENA  Budget  Estimated  budget based on the last  months information Research   budgetThe calculation for taxes and benefits does not equal to the calculation in your template (Corp).  Plus, I have to add A&A overhead cost that Corp will bill us for A&A program (line ).  Can we meet to discuss the allocation to ENA and the increase in plan?  I am open all week except for Wednesday between  and .  Thank you.",Neutral
JimI've been reading a lot about your company recently in the press. Hang inthere sport and good luck. Just remember you're smarter and better then therest of them.Les,Informal
for easter i just stayed in town and golfed all weekend?  what did you do?  did you go to central and regulate some punks.  what are you doing this weekend?  i am going to vegas.  i haven't been home at all this month except for last weekend.  i have to go to buttfuck mississippi next weekend for a wedding.,Informal
Can you give me a quick update that I can send to John Nowlan re Vinmar and the other case( I cannot remember the name of the case),Informal
"Neither ENA/RAC/EGF employees nor family members or others living in their household or financially dependent on the ENA/RAC/EGF employee may purchase or sell securities of any entity (or derivatives thereof) listed on the Restricted List for your or their personal or related accounts or recommend the purchase or sale of such securities to any person, except with the prior approval of the Compliance Department in consultation with the ENA Legal Department.In addition to the trading restrictions above, should you at any time possess nonpublic material information about any public company, you, your family members and anybody that is financially dependent on you, are restricted from trading in that issue, and you may not disclose the nonpublic material information to anyone that does not have a business need to know.Company Name Stock Symbol TEC Energy Corp.       TTENActive Power ACPWAdrian Resources ADRRFBeau Canada Exploration Ltd BAU CNBelco Oil & Gas Corporation BOGBonus Resource Services Corp BOUBrigham Exploration BEXPCanFibre Group Ltd. CFGLCarrizo Oil & Gas Inc. CRZOCostilla Energy COSECrown Energy CROECyNet, Inc. CYNECypress Energy CYZEsenjay Exploration ESNJFirstWorld Communications Inc. FWISHanover Compressor Co. HCICE Drilling Enterprises Inc. IDFIndustrial Holdings, Inc. IHIIInland Resources, Inc. INLNKafus Environmental Industries, Inc. KSNakornthai Strip Mill Public Co Ltd NSM SETPaladin Resources PLC PLR LD Paradigm Geophysical PGEOFPlace Resources, Inc. PLG CNQuanta Services Inc. PWRQueen Sand Resources, Inc. QSRIQuicksilver Resources Inc. KWKSaxon Petroleum, Inc. SXN CNSouthwest Royalties SWROYStartech SEH CNSyntroleum Corp. SYNMTejon Ranch Corp. TRCTetonka Drilling TDITransCoastal Marine Services, Inc. TCMSThe Restricted List is solely for the internal use of ENA/RAC/EGF.  No one may engage in discussions regarding whether a security is or is not on the Restricted List with persons outside ENA/RAC/EGF without specific clearance from the Compliance Department in consultation with the ENA Legal Department.In addition to the above, you are reminded that pursuant to Enron Corp.'s Risk Management Policy (""Policy""), no ENA/RAC/EGF employee may engage in the trading of any ""Position""  (""Position"" means any  commodity, financial instrument, security, equity, financial asset or liability that are authorized for trading in the                                                                                                                                                                                                                                                                                                                    Policy for the benefit of any party other than ENA/RAC/EGF, whether for his/her own account or the account of any third party, where such Position relates to (i) any commodity,  financial instrument, security, equity, financial asset or liability which falls within such employee's responsibility at ENA/RAC/EGF or (ii) any energy commodity.The prohibitions listed above do not replace or modify the policies set forth in ENA's Policies and Procedures Regarding Confidential Information and Securities Trading, Enron Corp.'s Risk Management Policy, or Enron Corp.'s Conduct of Business Affairs.  Should you have any questions regarding the above, please contact me at ext. .",Very Formal
"Neartown neighbors,Turn on Channel  news this Saturday afternoon and watch me blither about ReliantHL&P's installation of the big utility poles.Thanks to whomever sent the emails about the Reliant press release to Ch.. This resulted in a walk along Peden looking at the poles in front of residences. On this beautiful weekend nobody NOBODY is home. Knocked on doors along Peden, nobody answers. Called all around throughout leadership, nobody answers. It was short notice and I would have perferred someone else on camera.So if you are at home to catch this email in time, let's see how it plays this afternoon, if Ch. decides to run the story at all.Never know.Thanks,Ed Gonzales",Formal
"Stacey,I was wondering if there was still room in the brown bag today with Dan Reck.  If there are spaces available, I would like to add my name to the list of attendants.Thanks,Susan",Neutral
"Gentlemen,Attached for your review is a draft of the CEG DASH.  David Gorte plans to circulate the final draft of the DASH to Rick Buy, Jeff McMahon, Ray Bowen, Ken Lay, Greg Whalley, and Mark Frevert on or before Monday morning.  We plan to have the DASH executed on Monday (/) by all signers.  Preclosing is scheduled for Monday with funding on Tuesday (/).  Please let me know if anyone else should review and or sign the DASH.If you have any question or comments, please call.Have a happy Thanksgiving.",Very Formal
you could bbq a big piece of meat like you did a while back on cindy..........or we could do fajitas...robbie could make the pico,Very Informal
"not yet...I think Webb and I will need to schedule a game (which will be difficult).    After that, it looks like we would play the aggies this weekend or next.It is uncertain if AC will be party these games.",Informal
that guy screwed me on the car.  he backed out.  he left me a message at work to tell me he wouldn't sell it.  he had already signed the bill of sale.  now he wont return my message.  he is a pussy.,Very Informal
